Year,Round,Driver,LapNumber,y_true,y_pred_xgb_classweight_cal,is_in_sample
2022,13,ALB,1.0,1,0.33094688538266936,True
2022,13,ALB,2.0,1,0.3022392489307397,True
2022,13,ALB,3.0,0,0.16546886451081877,True
2022,13,ALB,4.0,0,0.15834405218314085,True
2022,13,ALB,5.0,0,0.15783835229823268,True
2022,13,ALB,6.0,0,0.1658435774124622,True
2022,13,ALB,7.0,0,0.16529184123409513,True
2022,13,ALB,8.0,0,0.1606172288713093,True
2022,13,ALB,9.0,0,0.160763407703097,True
2022,13,ALB,10.0,0,0.15740351763250987,True
2022,13,ALB,11.0,0,0.1575172853682672,True
2022,13,ALB,12.0,0,0.167746732067875,True
2022,13,ALB,13.0,0,0.15744468012576723,True
2022,13,ALB,14.0,0,0.17433593294091027,True
2022,13,ALB,15.0,0,0.1641849536570246,True
2022,13,ALB,16.0,0,0.15878426464789214,True
2022,13,ALB,17.0,0,0.15544573823466906,True
2022,13,ALB,18.0,0,0.15474899818458934,True
2022,13,ALB,19.0,0,0.15387870164183634,True
2022,13,ALB,20.0,0,0.15349965254345263,True
2022,13,ALB,21.0,0,0.15481915163347698,True
2022,13,ALB,22.0,0,0.1539708289136768,True
2022,13,ALB,23.0,0,0.15453968133936433,True
2022,13,ALB,24.0,0,0.15501355267260836,True
2022,13,ALB,25.0,0,0.15510224275196025,True
2022,13,ALB,26.0,0,0.15377721942599526,True
2022,13,ALB,27.0,0,0.15533291931149168,True
2022,13,ALB,28.0,0,0.15828253457097813,True
2022,13,ALB,29.0,0,0.1647541055726807,True
2022,13,ALB,30.0,0,0.17658283845287878,True
2022,13,ALB,31.0,1,0.2437956851139116,True
2022,13,ALB,32.0,1,0.31582930940766907,True
2022,13,ALB,33.0,1,0.30525523189608555,True
2022,13,ALB,34.0,0,0.22480221408703133,True
2022,13,ALB,35.0,0,0.19158566173470173,True
2022,13,ALB,36.0,0,0.22060731158568042,True
2022,13,ALB,37.0,1,0.2689801216003246,True
2022,13,ALB,38.0,1,0.3097873989824843,True
2022,13,ALB,39.0,1,0.3155745591496449,True
2022,13,ALB,40.0,0,0.26611649420250283,True
2022,13,ALB,41.0,0,0.21265564456741065,True
2022,13,ALB,42.0,0,0.22398088885970097,True
2022,13,ALB,43.0,1,0.26429612004686315,True
2022,13,ALB,44.0,1,0.3154707568988744,True
2022,13,ALB,45.0,1,0.31936115649218155,True
2022,13,ALB,46.0,0,0.2652420135259632,True
2022,13,ALB,47.0,0,0.228589953092601,True
2022,13,ALB,48.0,0,0.16134100766205695,True
2022,13,ALB,49.0,0,0.16409484670702473,True
2022,13,ALB,50.0,0,0.15926378737308475,True
2022,13,ALB,51.0,0,0.16136329386672507,True
2022,13,ALB,52.0,0,0.16377788662225093,True
2022,13,ALB,53.0,0,0.1637484054198854,True
2022,13,ALB,54.0,0,0.16027968280598545,True
2022,13,ALB,55.0,0,0.15908520584109884,True
2022,13,ALB,56.0,0,0.1632208356500689,True
2022,13,ALB,57.0,0,0.1688969675163881,True
2022,13,ALB,58.0,0,0.16220531059153948,True
2022,13,ALB,59.0,0,0.16456863576308473,True
2022,13,ALB,60.0,0,0.15829026034111598,True
2022,13,ALB,61.0,0,0.16121328235179228,True
2022,13,ALB,62.0,0,0.1925681125687366,True
2022,13,ALB,63.0,1,0.31565627856808426,True
2022,13,ALB,64.0,1,0.32936721258444923,True
2022,13,ALB,65.0,1,0.33477609252376694,True
2022,13,ALB,66.0,1,0.33722736710469103,True
2022,13,ALO,1.0,1,0.33442964230282357,True
2022,13,ALO,2.0,1,0.3144948859917981,True
2022,13,ALO,3.0,0,0.16709082028122924,True
2022,13,ALO,4.0,0,0.157021310531396,True
2022,13,ALO,5.0,0,0.15800519276627728,True
2022,13,ALO,6.0,0,0.16497370770166214,True
2022,13,ALO,7.0,0,0.1672908912851967,True
2022,13,ALO,8.0,0,0.1609706304577928,True
2022,13,ALO,9.0,0,0.16034280277965923,True
2022,13,ALO,10.0,0,0.15604748378465264,True
2022,13,ALO,11.0,0,0.15597250248697453,True
2022,13,ALO,12.0,0,0.1650555410653433,True
2022,13,ALO,13.0,0,0.1573537620548145,True
2022,13,ALO,14.0,0,0.17442522908344466,True
2022,13,ALO,15.0,0,0.1653077562220227,True
2022,13,ALO,16.0,0,0.1594284885635093,True
2022,13,ALO,17.0,0,0.15574360150240182,True
2022,13,ALO,18.0,0,0.15520758935932877,True
2022,13,ALO,19.0,0,0.154374131748715,True
2022,13,ALO,20.0,0,0.15362981055558325,True
2022,13,ALO,21.0,0,0.1551304941128626,True
2022,13,ALO,22.0,0,0.15607892552174268,True
2022,13,ALO,23.0,0,0.15685676181699132,True
2022,13,ALO,24.0,0,0.15771681524420617,True
2022,13,ALO,25.0,0,0.1563564609895134,True
2022,13,ALO,26.0,0,0.15447008817762795,True
2022,13,ALO,27.0,0,0.15612968845001113,True
2022,13,ALO,28.0,0,0.15748102909619255,True
2022,13,ALO,29.0,0,0.1647905428562497,True
2022,13,ALO,30.0,0,0.17239911911455652,True
2022,13,ALO,31.0,1,0.23077204902608353,True
2022,13,ALO,32.0,1,0.309290643261228,True
2022,13,ALO,33.0,1,0.29260981896192534,True
2022,13,ALO,34.0,0,0.2166276454482973,True
2022,13,ALO,35.0,0,0.17441286133691283,True
2022,13,ALO,36.0,0,0.2093431187477993,True
2022,13,ALO,37.0,0,0.23941417407470925,True
2022,13,ALO,38.0,1,0.3092048901350071,True
2022,13,ALO,39.0,1,0.31335955049348385,True
2022,13,ALO,40.0,1,0.31370465346320203,True
2022,13,ALO,41.0,0,0.16551613952132777,True
2022,13,ALO,42.0,0,0.20918897463561398,True
2022,13,ALO,43.0,0,0.2110034561991228,True
2022,13,ALO,44.0,1,0.3153874586481268,True
2022,13,ALO,45.0,1,0.3201372196392731,True
2022,13,ALO,46.0,1,0.3179568827927417,True
2022,13,ALO,47.0,0,0.22162858056665194,True
2022,13,ALO,48.0,0,0.16258340659981815,True
2022,13,ALO,49.0,0,0.16563972439964272,True
2022,13,ALO,50.0,0,0.16058615941785143,True
2022,13,ALO,51.0,0,0.16154487176746773,True
2022,13,ALO,52.0,0,0.16438000956308513,True
2022,13,ALO,53.0,0,0.16376348448587483,True
2022,13,ALO,54.0,0,0.16199888497285528,True
2022,13,ALO,55.0,0,0.1587107478189782,True
2022,13,ALO,56.0,0,0.16276811919734344,True
2022,13,ALO,57.0,0,0.16860210082053292,True
2022,13,ALO,58.0,0,0.162353586880522,True
2022,13,ALO,59.0,0,0.16483516389090108,True
2022,13,ALO,60.0,0,0.15779454374342083,True
2022,13,ALO,61.0,0,0.1627093335767089,True
2022,13,ALO,62.0,0,0.18791717680836953,True
2022,13,ALO,63.0,0,0.2905366107746776,True
2022,13,ALO,64.0,1,0.3264243404376577,True
2022,13,ALO,65.0,1,0.3343866733810196,True
2022,13,ALO,66.0,1,0.33671372699605806,True
2022,13,BOT,1.0,1,0.3309785770605817,True
2022,13,BOT,2.0,0,0.3082308611528016,True
2022,13,BOT,3.0,0,0.15640083563865087,True
2022,13,BOT,4.0,0,0.15701027637379664,True
2022,13,BOT,5.0,0,0.15752869779046663,True
2022,13,BOT,6.0,0,0.16468109264504963,True
2022,13,BOT,7.0,0,0.16683546157659485,True
2022,13,BOT,8.0,0,0.16073903996463462,True
2022,13,BOT,9.0,0,0.1598444472733025,True
2022,13,BOT,10.0,0,0.15595322625243896,True
2022,13,BOT,11.0,0,0.15600341478878993,True
2022,13,BOT,12.0,0,0.16600811799548537,True
2022,13,BOT,13.0,0,0.15757978242970944,True
2022,13,BOT,14.0,0,0.17357472536920088,True
2022,13,BOT,15.0,0,0.16418784473251852,True
2022,13,BOT,16.0,0,0.15924137855327497,True
2022,13,BOT,17.0,0,0.1559103203700855,True
2022,13,BOT,18.0,0,0.1551372577323442,True
2022,13,BOT,19.0,0,0.15435925880738074,True
2022,13,BOT,20.0,0,0.15360988317814311,True
2022,13,BOT,21.0,0,0.15508860333005123,True
2022,13,BOT,22.0,0,0.15448710638888868,True
2022,13,BOT,23.0,0,0.15500632999103886,True
2022,13,BOT,24.0,0,0.1556225114142496,True
2022,13,BOT,25.0,0,0.1561044915323752,True
2022,13,BOT,26.0,0,0.15434388693299556,True
2022,13,BOT,27.0,0,0.15536340893404435,True
2022,13,BOT,28.0,0,0.15748338278147997,True
2022,13,BOT,29.0,0,0.16461520037411007,True
2022,13,BOT,30.0,0,0.17247295471884064,True
2022,13,BOT,31.0,1,0.22907813260660279,True
2022,13,BOT,32.0,1,0.3092898531062178,True
2022,13,BOT,33.0,1,0.29392422850597055,True
2022,13,BOT,34.0,0,0.2166276454482973,True
2022,13,BOT,35.0,0,0.170932621484578,True
2022,13,BOT,36.0,0,0.20898560814853626,True
2022,13,BOT,37.0,0,0.23884565691573884,True
2022,13,BOT,38.0,1,0.30873283500232435,True
2022,13,BOT,39.0,1,0.31415082651713294,True
2022,13,BOT,40.0,1,0.3136149175144606,True
2022,13,BOT,41.0,0,0.16456653518637004,True
2022,13,BOT,42.0,0,0.20888147844156474,True
2022,13,BOT,43.0,0,0.21013352122058454,True
2022,13,BOT,44.0,1,0.31552985257140326,True
2022,13,BOT,45.0,1,0.3195488284359226,True
2022,13,BOT,46.0,1,0.31836803020034476,True
2022,13,BOT,47.0,0,0.213518494312153,True
2022,13,BOT,48.0,0,0.16293858616692236,True
2022,13,BOT,49.0,0,0.1665666919683805,True
2022,13,BOT,50.0,0,0.16110903764255213,True
2022,13,BOT,51.0,0,0.16168213135556006,True
2022,13,BOT,52.0,0,0.165643623760271,True
2022,13,BOT,53.0,0,0.16482321355430285,True
2022,13,BOT,54.0,0,0.16307375308377797,True
2022,13,BOT,55.0,0,0.15920383341009267,True
2022,13,BOT,56.0,0,0.16342688738102523,True
2022,13,BOT,57.0,0,0.17014374434605906,True
2022,13,BOT,58.0,0,0.1625146701476447,True
2022,13,BOT,59.0,0,0.1652210545409994,True
2022,13,BOT,60.0,0,0.15794567939235246,True
2022,13,BOT,61.0,0,0.16304016832524038,True
2022,13,BOT,62.0,0,0.18895822809785062,True
2022,13,BOT,63.0,1,0.3028234111212143,True
2022,13,GAS,1.0,1,0.3309377583321223,True
2022,13,GAS,2.0,0,0.3022392489307397,True
2022,13,GAS,3.0,0,0.157122235183432,True
2022,13,GAS,4.0,0,0.15819391339281025,True
2022,13,GAS,5.0,0,0.15819003849449273,True
2022,13,GAS,6.0,0,0.16558766048523055,True
2022,13,GAS,7.0,0,0.16680125705627008,True
2022,13,GAS,8.0,0,0.16096568432837524,True
2022,13,GAS,9.0,0,0.15960214450307353,True
2022,13,GAS,10.0,0,0.15579258646731592,True
2022,13,GAS,11.0,0,0.15625781654205018,True
2022,13,GAS,12.0,0,0.16427920894603443,True
2022,13,GAS,13.0,0,0.15727766351586803,True
2022,13,GAS,14.0,0,0.16979041675926415,True
2022,13,GAS,15.0,0,0.16139137980769647,True
2022,13,GAS,16.0,0,0.15837278604258614,True
2022,13,GAS,17.0,0,0.1547868245181364,True
2022,13,GAS,18.0,0,0.154765700465252,True
2022,13,GAS,19.0,0,0.15402079201799843,True
2022,13,GAS,20.0,0,0.15336627008547996,True
2022,13,GAS,21.0,0,0.15435650955444633,True
2022,13,GAS,22.0,0,0.15469337588189608,True
2022,13,GAS,23.0,0,0.15480266191769682,True
2022,13,GAS,24.0,0,0.15521814302094908,True
2022,13,GAS,25.0,0,0.1554122189750409,True
2022,13,GAS,26.0,0,0.15405591533654117,True
2022,13,GAS,27.0,0,0.1555020456546407,True
2022,13,GAS,28.0,0,0.1581505012892023,True
2022,13,GAS,29.0,0,0.16523091280012311,True
2022,13,GAS,30.0,0,0.1764551751896009,True
2022,13,GAS,31.0,1,0.23054240479629912,True
2022,13,GAS,32.0,1,0.3157616667747944,True
2022,13,GAS,33.0,1,0.30474189785116595,True
2022,13,GAS,34.0,0,0.23013782697357094,True
2022,13,GAS,35.0,0,0.179234883556063,True
2022,13,GAS,36.0,0,0.20965573279996158,True
2022,13,GAS,37.0,0,0.2472173156256976,True
2022,13,GAS,38.0,1,0.3096749306200671,True
2022,13,GAS,39.0,1,0.3153207822556934,True
2022,13,GAS,40.0,1,0.3180569306686789,True
2022,13,GAS,41.0,0,0.1685699225541139,True
2022,13,GAS,42.0,0,0.21987218528350608,True
2022,13,GAS,43.0,0,0.226122089246995,True
2022,13,GAS,44.0,1,0.3183780230260051,True
2022,13,GAS,45.0,1,0.32292342021175247,True
2022,13,GAS,46.0,1,0.32084641186856766,True
2022,13,GAS,47.0,0,0.1881177295806367,True
2022,13,GAS,48.0,0,0.1614401264240407,True
2022,13,GAS,49.0,0,0.1643792125637568,True
2022,13,GAS,50.0,0,0.16026987978358903,True
2022,13,GAS,51.0,0,0.16085671580102162,True
2022,13,GAS,52.0,0,0.1638928192936722,True
2022,13,GAS,53.0,0,0.1628477150457238,True
2022,13,GAS,54.0,0,0.15923622778043406,True
2022,13,GAS,55.0,0,0.15834956877789702,True
2022,13,GAS,56.0,0,0.16077015063016922,True
2022,13,GAS,57.0,0,0.16725396755950342,True
2022,13,GAS,58.0,0,0.16019721501647055,True
2022,13,GAS,59.0,0,0.1615913149986055,True
2022,13,GAS,60.0,0,0.15757200877243538,True
2022,13,GAS,61.0,0,0.15951791566271983,True
2022,13,GAS,62.0,0,0.18498708373520284,True
2022,13,GAS,63.0,1,0.313805949639807,True
2022,13,GAS,64.0,1,0.3282452719742729,True
2022,13,GAS,65.0,1,0.33484754906323577,True
2022,13,GAS,66.0,1,0.3366534454367921,True
2022,13,HAM,1.0,1,0.33659982765662244,True
2022,13,HAM,2.0,1,0.3138176091806898,True
2022,13,HAM,3.0,0,0.16694923754961244,True
2022,13,HAM,4.0,0,0.1567791422492572,True
2022,13,HAM,5.0,0,0.15741107703134471,True
2022,13,HAM,6.0,0,0.16296964589658877,True
2022,13,HAM,7.0,0,0.16637353280499223,True
2022,13,HAM,8.0,0,0.16031193176025588,True
2022,13,HAM,9.0,0,0.15938047678241668,True
2022,13,HAM,10.0,0,0.15573719134067915,True
2022,13,HAM,11.0,0,0.1561349757416171,True
2022,13,HAM,12.0,0,0.1649615443999432,True
2022,13,HAM,13.0,0,0.15736825442401667,True
2022,13,HAM,14.0,0,0.174116117175512,True
2022,13,HAM,15.0,0,0.16509506922307873,True
2022,13,HAM,16.0,0,0.1594000623623853,True
2022,13,HAM,17.0,0,0.1561445398559028,True
2022,13,HAM,18.0,0,0.15516399740794198,True
2022,13,HAM,19.0,0,0.15393548998073853,True
2022,13,HAM,20.0,0,0.15334878130966623,True
2022,13,HAM,21.0,0,0.15440935672044,True
2022,13,HAM,22.0,0,0.1547384616747569,True
2022,13,HAM,23.0,0,0.154438035942133,True
2022,13,HAM,24.0,0,0.15509040555080766,True
2022,13,HAM,25.0,0,0.15503708963239365,True
2022,13,HAM,26.0,0,0.15383769107841908,True
2022,13,HAM,27.0,0,0.15545857931608445,True
2022,13,HAM,28.0,0,0.15814617761271574,True
2022,13,HAM,29.0,0,0.16310925727301,True
2022,13,HAM,30.0,0,0.1740001641234687,True
2022,13,HAM,31.0,0,0.2318634521595276,True
2022,13,HAM,32.0,1,0.3106714876181792,True
2022,13,HAM,33.0,1,0.30345453681482065,True
2022,13,HAM,34.0,1,0.2967639016114344,True
2022,13,HAM,35.0,0,0.1641191877928549,True
2022,13,HAM,36.0,0,0.2143462252377053,True
2022,13,HAM,37.0,0,0.2496868787982988,True
2022,13,HAM,38.0,0,0.3055404312923022,True
2022,13,HAM,39.0,1,0.3141326281995268,True
2022,13,HAM,40.0,1,0.31840890414010803,True
2022,13,HAM,41.0,1,0.26082560077613487,True
2022,13,HAM,42.0,0,0.16627956294778068,True
2022,13,HAM,43.0,0,0.24586407678650782,True
2022,13,HAM,44.0,0,0.31260428765627163,True
2022,13,HAM,45.0,1,0.32030061278699684,True
2022,13,HAM,46.0,1,0.318294414015656,True
2022,13,HAM,47.0,1,0.27698522250419466,True
2022,13,HAM,48.0,0,0.16566821869852583,True
2022,13,HAM,49.0,0,0.16819794792038284,True
2022,13,HAM,50.0,0,0.1624698087286203,True
2022,13,HAM,51.0,0,0.16229581098055806,True
2022,13,HAM,52.0,0,0.16193458247076883,True
2022,13,HAM,53.0,0,0.16292957322852172,True
2022,13,HAM,54.0,0,0.15932458420465684,True
2022,13,HAM,55.0,0,0.15804284474991262,True
2022,13,HAM,56.0,0,0.1609016791055946,True
2022,13,HAM,57.0,0,0.16732732754486634,True
2022,13,HAM,58.0,0,0.16022709043578415,True
2022,13,HAM,59.0,0,0.16067696700534584,True
2022,13,HAM,60.0,0,0.15674682241451107,True
2022,13,HAM,61.0,0,0.15885850647340696,True
2022,13,HAM,62.0,0,0.18298262305370855,True
2022,13,HAM,63.0,0,0.2807508466178098,True
2022,13,HAM,64.0,1,0.32856368802784297,True
2022,13,HAM,65.0,1,0.333340268478714,True
2022,13,HAM,66.0,1,0.33560598050167734,True
2022,13,HAM,67.0,1,0.33937067330761805,True
2022,13,LAT,1.0,1,0.33100887771523263,True
2022,13,LAT,2.0,0,0.30156496417248224,True
2022,13,LAT,3.0,0,0.15640083563865087,True
2022,13,LAT,4.0,0,0.15706970947401727,True
2022,13,LAT,5.0,0,0.15784638271123802,True
2022,13,LAT,6.0,0,0.16459862417430218,True
2022,13,LAT,7.0,0,0.16683101665620192,True
2022,13,LAT,8.0,0,0.16073903996463462,True
2022,13,LAT,9.0,0,0.15998583346854894,True
2022,13,LAT,10.0,0,0.15601569016984004,True
2022,13,LAT,11.0,0,0.15619088984773444,True
2022,13,LAT,12.0,0,0.16600811799548537,True
2022,13,LAT,13.0,0,0.15757978242970944,True
2022,13,LAT,14.0,0,0.17361214144212206,True
2022,13,LAT,15.0,0,0.1644828962399163,True
2022,13,LAT,16.0,0,0.15936589546245716,True
2022,13,LAT,17.0,0,0.15570514231160892,True
2022,13,LAT,18.0,0,0.15472584155997124,True
2022,13,LAT,19.0,0,0.15353429481460062,True
2022,13,LAT,20.0,0,0.15329427572540422,True
2022,13,LAT,21.0,0,0.15452870744014308,True
2022,13,LAT,22.0,0,0.1543547111476621,True
2022,13,LAT,23.0,0,0.1546702447954167,True
2022,13,LAT,24.0,0,0.1550750980434204,True
2022,13,LAT,25.0,0,0.15563278385215246,True
2022,13,LAT,26.0,0,0.1541288085481915,True
2022,13,LAT,27.0,0,0.15564182761671058,True
2022,13,LAT,28.0,0,0.15820528997730512,True
2022,13,LAT,29.0,0,0.16518580006658087,True
2022,13,LAT,30.0,0,0.17676372573828866,True
2022,13,LAT,31.0,1,0.24439702899409643,True
2022,13,LAT,32.0,1,0.3161732876552472,True
2022,13,LAT,33.0,1,0.3048153600397874,True
2022,13,LAT,34.0,0,0.2231759889675385,True
2022,13,LAT,35.0,0,0.19075973840181706,True
2022,13,LAT,36.0,0,0.21479285208710103,True
2022,13,LAT,37.0,1,0.26046939938939556,True
2022,13,LAT,38.0,1,0.3111860045825876,True
2022,13,LAT,39.0,1,0.3155969753722756,True
2022,13,LAT,40.0,0,0.24040933228608882,True
2022,13,LAT,41.0,0,0.22658526226524517,True
2022,13,LAT,42.0,0,0.2177888207525219,True
2022,13,LAT,43.0,1,0.2622099504886049,True
2022,13,LAT,44.0,1,0.31884133841769147,True
2022,13,LAT,45.0,1,0.32079963748634,True
2022,13,LAT,46.0,0,0.26415621556871766,True
2022,13,LAT,47.0,0,0.21510582218911098,True
2022,13,LAT,48.0,0,0.16141963795682548,True
2022,13,LAT,49.0,0,0.16361029161651947,True
2022,13,LAT,50.0,0,0.1599762007455217,True
2022,13,LAT,51.0,0,0.16095406993171163,True
2022,13,LAT,52.0,0,0.16330328587616502,True
2022,13,LAT,53.0,0,0.1621241175489984,True
2022,13,LAT,54.0,0,0.15979265095089015,True
2022,13,LAT,55.0,0,0.15856434668661717,True
2022,13,LAT,56.0,0,0.16183291085745655,True
2022,13,LAT,57.0,0,0.16511773785661896,True
2022,13,LAT,58.0,0,0.16227417844608122,True
2022,13,LAT,59.0,0,0.16354410317322268,True
2022,13,LAT,60.0,0,0.15763559457981566,True
2022,13,LAT,61.0,0,0.16090819792018082,True
2022,13,LAT,62.0,0,0.19446458558518148,True
2022,13,LAT,63.0,1,0.30765108455146245,True
2022,13,LAT,64.0,1,0.3263765762523617,True
2022,13,LAT,65.0,1,0.33031528703678037,True
2022,13,LAT,66.0,1,0.3368779323054272,True
2022,13,LEC,1.0,1,0.33659982765662244,True
2022,13,LEC,2.0,1,0.3138176091806898,True
2022,13,LEC,3.0,0,0.16694923754961244,True
2022,13,LEC,4.0,0,0.15679129327070682,True
2022,13,LEC,5.0,0,0.15741107703134471,True
2022,13,LEC,6.0,0,0.16296964589658877,True
2022,13,LEC,7.0,0,0.16637353280499223,True
2022,13,LEC,8.0,0,0.16031193176025588,True
2022,13,LEC,9.0,0,0.15939734800607794,True
2022,13,LEC,10.0,0,0.1557130022283779,True
2022,13,LEC,11.0,0,0.15593343123149245,True
2022,13,LEC,12.0,0,0.16503915032901367,True
2022,13,LEC,13.0,0,0.15736825442401667,True
2022,13,LEC,14.0,0,0.174116117175512,True
2022,13,LEC,15.0,0,0.16471337644119474,True
2022,13,LEC,16.0,0,0.1594000623623853,True
2022,13,LEC,17.0,0,0.1561382921103388,True
2022,13,LEC,18.0,0,0.1551215076228545,True
2022,13,LEC,19.0,0,0.15440769733666898,True
2022,13,LEC,20.0,0,0.153560736701867,True
2022,13,LEC,21.0,0,0.1550918719920459,True
2022,13,LEC,22.0,0,0.15426274169842566,True
2022,13,LEC,23.0,0,0.1544409953081607,True
2022,13,LEC,24.0,0,0.15510831777126913,True
2022,13,LEC,25.0,0,0.1551281938139692,True
2022,13,LEC,26.0,0,0.1537925777214128,True
2022,13,LEC,27.0,0,0.15522017694065154,True
2022,13,LEC,28.0,0,0.1581289884293521,True
2022,13,LEC,29.0,0,0.16328973409390074,True
2022,13,LEC,30.0,0,0.17444337869912568,True
2022,13,LEC,31.0,0,0.231982006637328,True
2022,13,LEC,32.0,1,0.31577533139404074,True
2022,13,LEC,33.0,1,0.3032108319626289,True
2022,13,LEC,34.0,1,0.29770162046265813,True
2022,13,LEC,35.0,0,0.16447588432189014,True
2022,13,LEC,36.0,0,0.21172913311172925,True
2022,13,LEC,37.0,0,0.2471172532550808,True
2022,13,LEC,38.0,1,0.30606256378198415,True
2022,13,LEC,39.0,1,0.31571757245737997,True
2022,13,LEC,40.0,1,0.307765908275153,True
2022,13,LEC,41.0,0,0.16491086607575192,True
2022,13,LEC,42.0,0,0.22247284033468154,True
2022,13,LEC,43.0,0,0.22968935945167238,True
2022,13,LEC,44.0,0,0.3113206398619536,True
2022,13,LEC,45.0,1,0.3202055227969867,True
2022,13,LEC,46.0,1,0.3168873328054752,True
2022,13,LEC,47.0,1,0.26325674333980514,True
2022,13,LEC,48.0,0,0.16566409606656105,True
2022,13,LEC,49.0,0,0.1655873220298806,True
2022,13,LEC,50.0,0,0.1609024036932454,True
2022,13,LEC,51.0,0,0.162259911732215,True
2022,13,LEC,52.0,0,0.16494384493381614,True
2022,13,LEC,53.0,0,0.16382128969520784,True
2022,13,LEC,54.0,0,0.16393741155719183,True
2022,13,LEC,55.0,0,0.15807137132193888,True
2022,13,LEC,56.0,0,0.16265152498366836,True
2022,13,LEC,57.0,0,0.16968513373674826,True
2022,13,LEC,58.0,0,0.16138954737978112,True
2022,13,LEC,59.0,0,0.16254693743062035,True
2022,13,LEC,60.0,0,0.15741016407633962,True
2022,13,LEC,61.0,0,0.1605794976341077,True
2022,13,LEC,62.0,0,0.18889502021630702,True
2022,13,LEC,63.0,0,0.30576385290272157,True
2022,13,LEC,64.0,1,0.3267156095928053,True
2022,13,LEC,65.0,1,0.3332474874744241,True
2022,13,LEC,66.0,1,0.3352157563180862,True
2022,13,LEC,67.0,1,0.33894943379513914,True
2022,13,MAG,1.0,1,0.33011758350986653,True
2022,13,MAG,2.0,1,0.3129483123312308,True
2022,13,MAG,3.0,0,0.1654463344798214,True
2022,13,MAG,4.0,0,0.15697980250402005,True
2022,13,MAG,5.0,0,0.15749428630722714,True
2022,13,MAG,6.0,0,0.16436729166238123,True
2022,13,MAG,7.0,0,0.16898427842293698,True
2022,13,MAG,8.0,0,0.16186275048829618,True
2022,13,MAG,9.0,0,0.15917192192738655,True
2022,13,MAG,10.0,0,0.15542057873044274,True
2022,13,MAG,11.0,0,0.15579085918658298,True
2022,13,MAG,12.0,0,0.16235743101126424,True
2022,13,MAG,13.0,0,0.15598502581986046,True
2022,13,MAG,14.0,0,0.16713038443863598,True
2022,13,MAG,15.0,0,0.16530887359343055,True
2022,13,MAG,16.0,0,0.16062204472560365,True
2022,13,MAG,17.0,0,0.15648876970065168,True
2022,13,MAG,18.0,0,0.1559388134412465,True
2022,13,MAG,19.0,0,0.15478397390497528,True
2022,13,MAG,20.0,0,0.15395759963553143,True
2022,13,MAG,21.0,0,0.15528864109606888,True
2022,13,MAG,22.0,0,0.15555723601848037,True
2022,13,MAG,23.0,0,0.15718748708650834,True
2022,13,MAG,24.0,0,0.15781928903137116,True
2022,13,MAG,25.0,0,0.15656515230589294,True
2022,13,MAG,26.0,0,0.1545654860187029,True
2022,13,MAG,27.0,0,0.15635959782408176,True
2022,13,MAG,28.0,0,0.1577613138613731,True
2022,13,MAG,29.0,0,0.16570530853768892,True
2022,13,MAG,30.0,0,0.1731335409994036,True
2022,13,MAG,31.0,1,0.22871563814319712,True
2022,13,MAG,32.0,1,0.31005532205905384,True
2022,13,MAG,33.0,1,0.29485949802300687,True
2022,13,MAG,34.0,0,0.2195662521733155,True
2022,13,MAG,35.0,0,0.18654219863464863,True
2022,13,MAG,36.0,0,0.20681295002408495,True
2022,13,MAG,37.0,1,0.2712178424822254,True
2022,13,MAG,38.0,1,0.3116140256645986,True
2022,13,MAG,39.0,1,0.31443861223822794,True
2022,13,MAG,40.0,0,0.267407670326254,True
2022,13,MAG,41.0,0,0.24022886936154758,True
2022,13,MAG,42.0,0,0.22073094611172817,True
2022,13,MAG,43.0,1,0.2506891456390308,True
2022,13,MAG,44.0,1,0.31586675874512704,True
2022,13,MAG,45.0,1,0.32102590978039885,True
2022,13,MAG,46.0,1,0.307921730672569,True
2022,13,MAG,47.0,0,0.21997142584815182,True
2022,13,MAG,48.0,0,0.16411110068334828,True
2022,13,MAG,49.0,0,0.1672085093278611,True
2022,13,MAG,50.0,0,0.1604944890350478,True
2022,13,MAG,51.0,0,0.16189560703819814,True
2022,13,MAG,52.0,0,0.16603500332014465,True
2022,13,MAG,53.0,0,0.1640065665603108,True
2022,13,MAG,54.0,0,0.16512187119317429,True
2022,13,MAG,55.0,0,0.1600165335636794,True
2022,13,MAG,56.0,0,0.16425865020495944,True
2022,13,MAG,57.0,0,0.17058683978831177,True
2022,13,MAG,58.0,0,0.16305435290863807,True
2022,13,MAG,59.0,0,0.1634852256325451,True
2022,13,MAG,60.0,0,0.15817513011854714,True
2022,13,MAG,61.0,0,0.16153321835857465,True
2022,13,MAG,62.0,0,0.18874484528137855,True
2022,13,MAG,63.0,1,0.3150805185773239,True
2022,13,MAG,64.0,1,0.32814476033657997,True
2022,13,MAG,65.0,1,0.3340107520687815,True
2022,13,MAG,66.0,1,0.3368003855339293,True
2022,13,MSC,1.0,1,0.3309785770605817,True
2022,13,MSC,2.0,1,0.31029398551995413,True
2022,13,MSC,3.0,0,0.1654463344798214,True
2022,13,MSC,4.0,0,0.1570125275734378,True
2022,13,MSC,5.0,0,0.1575246005539379,True
2022,13,MSC,6.0,0,0.16459181918988877,True
2022,13,MSC,7.0,0,0.16675993484138207,True
2022,13,MSC,8.0,0,0.1607109631903465,True
2022,13,MSC,9.0,0,0.15979400343121702,True
2022,13,MSC,10.0,0,0.15592900662068726,True
2022,13,MSC,11.0,0,0.15614401096210248,True
2022,13,MSC,12.0,0,0.165911863897295,True
2022,13,MSC,13.0,0,0.15749714172623838,True
2022,13,MSC,14.0,0,0.1734329293123043,True
2022,13,MSC,15.0,0,0.16438482541537663,True
2022,13,MSC,16.0,0,0.15941366105777707,True
2022,13,MSC,17.0,0,0.15600189073665277,True
2022,13,MSC,18.0,0,0.15519649201533667,True
2022,13,MSC,19.0,0,0.15435722752139988,True
2022,13,MSC,20.0,0,0.15359871603306413,True
2022,13,MSC,21.0,0,0.15502709938102618,True
2022,13,MSC,22.0,0,0.15610198623412877,True
2022,13,MSC,23.0,0,0.15692310867098835,True
2022,13,MSC,24.0,0,0.15770579175963556,True
2022,13,MSC,25.0,0,0.1564349877967183,True
2022,13,MSC,26.0,0,0.15443509683278658,True
2022,13,MSC,27.0,0,0.15609022628253025,True
2022,13,MSC,28.0,0,0.15754113829141736,True
2022,13,MSC,29.0,0,0.1650040924063636,True
2022,13,MSC,30.0,0,0.172554016647835,True
2022,13,MSC,31.0,1,0.22931659092432444,True
2022,13,MSC,32.0,1,0.309290643261228,True
2022,13,MSC,33.0,1,0.29406529278093385,True
2022,13,MSC,34.0,0,0.21663134382947796,True
2022,13,MSC,35.0,0,0.18260006096163797,True
2022,13,MSC,36.0,0,0.20804990572534052,True
2022,13,MSC,37.0,0,0.24810897310485158,True
2022,13,MSC,38.0,1,0.31264544743091316,True
2022,13,MSC,39.0,1,0.3164328735802838,True
2022,13,MSC,40.0,1,0.3130302860062236,True
2022,13,MSC,41.0,0,0.1658231895238021,True
2022,13,MSC,42.0,0,0.20981118041661553,True
2022,13,MSC,43.0,1,0.2561341689725346,True
2022,13,MSC,44.0,1,0.31898063574654717,True
2022,13,MSC,45.0,1,0.32255340526238685,True
2022,13,MSC,46.0,1,0.31395334202692693,True
2022,13,MSC,47.0,0,0.22982781407445735,True
2022,13,MSC,48.0,0,0.16391542999318137,True
2022,13,MSC,49.0,0,0.16615423217667774,True
2022,13,MSC,50.0,0,0.160701050937163,True
2022,13,MSC,51.0,0,0.1617335747279111,True
2022,13,MSC,52.0,0,0.16581227871574206,True
2022,13,MSC,53.0,0,0.16334390994343997,True
2022,13,MSC,54.0,0,0.1648160643579642,True
2022,13,MSC,55.0,0,0.1595994624020583,True
2022,13,MSC,56.0,0,0.163100684554152,True
2022,13,MSC,57.0,0,0.16987361313030366,True
2022,13,MSC,58.0,0,0.16235380547934733,True
2022,13,MSC,59.0,0,0.16430918864560756,True
2022,13,MSC,60.0,0,0.15808459829330201,True
2022,13,MSC,61.0,0,0.16071067761424299,True
2022,13,MSC,62.0,0,0.18382201878058035,True
2022,13,MSC,63.0,1,0.3164974527418866,True
2022,13,MSC,64.0,1,0.3268849370668019,True
2022,13,MSC,65.0,1,0.33315765146670034,True
2022,13,MSC,66.0,1,0.3360471718552699,True
2022,13,NOR,1.0,1,0.3378039050039626,True
2022,13,NOR,2.0,1,0.3155849109384983,True
2022,13,NOR,3.0,0,0.16829081521459605,True
2022,13,NOR,4.0,0,0.15667899474780464,True
2022,13,NOR,5.0,0,0.15708917557769145,True
2022,13,NOR,6.0,0,0.16417320390605922,True
2022,13,NOR,7.0,0,0.16565381340194835,True
2022,13,NOR,8.0,0,0.15999414815762764,True
2022,13,NOR,9.0,0,0.15925754899003228,True
2022,13,NOR,10.0,0,0.15589792451073287,True
2022,13,NOR,11.0,0,0.1558686081411755,True
2022,13,NOR,12.0,0,0.16351739786788871,True
2022,13,NOR,13.0,0,0.15746749579702143,True
2022,13,NOR,14.0,0,0.16799873863225495,True
2022,13,NOR,15.0,0,0.16144688943685684,True
2022,13,NOR,16.0,0,0.15940116224959375,True
2022,13,NOR,17.0,0,0.15571460215947158,True
2022,13,NOR,18.0,0,0.15479968036732483,True
2022,13,NOR,19.0,0,0.15412679346476396,True
2022,13,NOR,20.0,0,0.15338399169961436,True
2022,13,NOR,21.0,0,0.15470938592328362,True
2022,13,NOR,22.0,0,0.15498240450127326,True
2022,13,NOR,23.0,0,0.15450429726972761,True
2022,13,NOR,24.0,0,0.15521493512993062,True
2022,13,NOR,25.0,0,0.15471560393600203,True
2022,13,NOR,26.0,0,0.15358333750833175,True
2022,13,NOR,27.0,0,0.1553816091111099,True
2022,13,NOR,28.0,0,0.15795193959590584,True
2022,13,NOR,29.0,0,0.16439410908100305,True
2022,13,NOR,30.0,0,0.17743017909179476,True
2022,13,NOR,31.0,0,0.2308813403250763,True
2022,13,NOR,32.0,1,0.31477306024524543,True
2022,13,NOR,33.0,1,0.3005001821240146,True
2022,13,NOR,34.0,1,0.29298380648486744,True
2022,13,NOR,35.0,0,0.16167115353612738,True
2022,13,NOR,36.0,0,0.21145555449657696,True
2022,13,NOR,37.0,0,0.24448155438175473,True
2022,13,NOR,38.0,1,0.30803201190291457,True
2022,13,NOR,39.0,1,0.31480520919789406,True
2022,13,NOR,40.0,1,0.3167397484386937,True
2022,13,NOR,41.0,0,0.16735835839050875,True
2022,13,NOR,42.0,0,0.2224427543582249,True
2022,13,NOR,43.0,0,0.20567023992567107,True
2022,13,NOR,44.0,1,0.314889690149397,True
2022,13,NOR,45.0,1,0.3196622945656111,True
2022,13,NOR,46.0,1,0.3175928350496213,True
2022,13,NOR,47.0,0,0.22731072646593678,True
2022,13,NOR,48.0,0,0.16395589414804992,True
2022,13,NOR,49.0,0,0.16610028342338728,True
2022,13,NOR,50.0,0,0.16088669634225775,True
2022,13,NOR,51.0,0,0.16199058395387406,True
2022,13,NOR,52.0,0,0.16612840492640402,True
2022,13,NOR,53.0,0,0.16506194919611214,True
2022,13,NOR,54.0,0,0.16348718769374612,True
2022,13,NOR,55.0,0,0.15980636483133054,True
2022,13,NOR,56.0,0,0.16337219332139724,True
2022,13,NOR,57.0,0,0.16963084564048464,True
2022,13,NOR,58.0,0,0.1625318370626864,True
2022,13,NOR,59.0,0,0.16438985028143124,True
2022,13,NOR,60.0,0,0.1575992160721458,True
2022,13,NOR,61.0,0,0.16172834079865286,True
2022,13,NOR,62.0,0,0.18519768496457648,True
2022,13,NOR,63.0,0,0.2942658569079522,True
2022,13,NOR,64.0,1,0.32541166448856834,True
2022,13,NOR,65.0,1,0.33331344361207893,True
2022,13,NOR,66.0,1,0.33717555555250417,True
2022,13,NOR,67.0,1,0.33983261702236706,True
2022,13,OCO,1.0,1,0.3367317120693611,True
2022,13,OCO,2.0,1,0.31420142713958304,True
2022,13,OCO,3.0,0,0.16717694112755394,True
2022,13,OCO,4.0,0,0.1569082252133921,True
2022,13,OCO,5.0,0,0.15767425493422527,True
2022,13,OCO,6.0,0,0.16495520511916273,True
2022,13,OCO,7.0,0,0.16730839135602954,True
2022,13,OCO,8.0,0,0.16084625380208875,True
2022,13,OCO,9.0,0,0.16038148164507104,True
2022,13,OCO,10.0,0,0.15604748378465264,True
2022,13,OCO,11.0,0,0.15597250248697453,True
2022,13,OCO,12.0,0,0.16664857079711276,True
2022,13,OCO,13.0,0,0.1573537620548145,True
2022,13,OCO,14.0,0,0.1738226043854975,True
2022,13,OCO,15.0,0,0.16490376011617927,True
2022,13,OCO,16.0,0,0.15942283699290863,True
2022,13,OCO,17.0,0,0.15600189073665277,True
2022,13,OCO,18.0,0,0.15519649201533667,True
2022,13,OCO,19.0,0,0.15420541908228264,True
2022,13,OCO,20.0,0,0.15355897409518213,True
2022,13,OCO,21.0,0,0.15509813348252702,True
2022,13,OCO,22.0,0,0.15448710638888868,True
2022,13,OCO,23.0,0,0.1549604411080158,True
2022,13,OCO,24.0,0,0.15636546279317914,True
2022,13,OCO,25.0,0,0.15635164957495667,True
2022,13,OCO,26.0,0,0.15442162937464607,True
2022,13,OCO,27.0,0,0.15612745711622913,True
2022,13,OCO,28.0,0,0.15755913541536198,True
2022,13,OCO,29.0,0,0.164928017469818,True
2022,13,OCO,30.0,0,0.17244600220313006,True
2022,13,OCO,31.0,0,0.2287897747287974,True
2022,13,OCO,32.0,1,0.30920357908152346,True
2022,13,OCO,33.0,1,0.293712819461744,True
2022,13,OCO,34.0,1,0.27868184982777244,True
2022,13,OCO,35.0,0,0.15967379516666003,True
2022,13,OCO,36.0,0,0.20893603397449773,True
2022,13,OCO,37.0,0,0.23895103925167877,True
2022,13,OCO,38.0,1,0.3113506603426223,True
2022,13,OCO,39.0,1,0.3145896106611212,True
2022,13,OCO,40.0,1,0.312153258229659,True
2022,13,OCO,41.0,0,0.16521783113245356,True
2022,13,OCO,42.0,0,0.207628681257571,True
2022,13,OCO,43.0,0,0.2101345132351148,True
2022,13,OCO,44.0,1,0.31553034625244347,True
2022,13,OCO,45.0,1,0.31960334792348516,True
2022,13,OCO,46.0,1,0.3179568827927417,True
2022,13,OCO,47.0,0,0.21334599279080252,True
2022,13,OCO,48.0,0,0.1627080304698906,True
2022,13,OCO,49.0,0,0.16609658821969892,True
2022,13,OCO,50.0,0,0.16077050223505493,True
2022,13,OCO,51.0,0,0.1609175904076501,True
2022,13,OCO,52.0,0,0.1651418805859259,True
2022,13,OCO,53.0,0,0.16365540043753418,True
2022,13,OCO,54.0,0,0.1619263792738594,True
2022,13,OCO,55.0,0,0.1589019096788756,True
2022,13,OCO,56.0,0,0.16305998552157885,True
2022,13,OCO,57.0,0,0.16863971646001485,True
2022,13,OCO,58.0,0,0.16226370802624665,True
2022,13,OCO,59.0,0,0.1647417308317373,True
2022,13,OCO,60.0,0,0.1576146549935234,True
2022,13,OCO,61.0,0,0.16266841502404714,True
2022,13,OCO,62.0,0,0.18682943076879993,True
2022,13,OCO,63.0,0,0.29040654924963727,True
2022,13,OCO,64.0,1,0.3263656816092829,True
2022,13,OCO,65.0,1,0.33418463572895296,True
2022,13,OCO,66.0,1,0.33678509101786747,True
2022,13,PER,1.0,1,0.32723288612716106,True
2022,13,PER,2.0,1,0.31674078230325725,True
2022,13,PER,3.0,0,0.16685757574411694,True
2022,13,PER,4.0,0,0.15793015050291953,True
2022,13,PER,5.0,0,0.15786494963181735,True
2022,13,PER,6.0,0,0.16553964788681427,True
2022,13,PER,7.0,0,0.16617300077449274,True
2022,13,PER,8.0,0,0.16060786386701578,True
2022,13,PER,9.0,0,0.15960116349276351,True
2022,13,PER,10.0,0,0.15574324959083535,True
2022,13,PER,11.0,0,0.15608455389457182,True
2022,13,PER,12.0,0,0.1635298840969508,True
2022,13,PER,13.0,0,0.15706728282258556,True
2022,13,PER,14.0,0,0.16987353899402496,True
2022,13,PER,15.0,0,0.1618335418576668,True
2022,13,PER,16.0,0,0.15751364236895196,True
2022,13,PER,17.0,0,0.15561666450057055,True
2022,13,PER,18.0,0,0.15447180273995129,True
2022,13,PER,19.0,0,0.1539465397919697,True
2022,13,PER,20.0,0,0.1533516047979267,True
2022,13,PER,21.0,0,0.15440758575379757,True
2022,13,PER,22.0,0,0.15463419086796687,True
2022,13,PER,23.0,0,0.15447437770073563,True
2022,13,PER,24.0,0,0.1550408758448537,True
2022,13,PER,25.0,0,0.15521137285361924,True
2022,13,PER,26.0,0,0.15383769107841908,True
2022,13,PER,27.0,0,0.15545544456611574,True
2022,13,PER,28.0,0,0.1579400730632637,True
2022,13,PER,29.0,0,0.16310931416538746,True
2022,13,PER,30.0,0,0.17393174974225403,True
2022,13,PER,31.0,0,0.23180487324906718,True
2022,13,PER,32.0,1,0.3152020039235349,True
2022,13,PER,33.0,1,0.3034180300714853,True
2022,13,PER,34.0,1,0.29686106062424517,True
2022,13,PER,35.0,0,0.16468361128335834,True
2022,13,PER,36.0,0,0.21493734076445997,True
2022,13,PER,37.0,0,0.2450045855301119,True
2022,13,PER,38.0,1,0.30545131199200964,True
2022,13,PER,39.0,1,0.3148423031171371,True
2022,13,PER,40.0,1,0.3169193542312338,True
2022,13,PER,41.0,0,0.16729031125100818,True
2022,13,PER,42.0,0,0.2235426730927185,True
2022,13,PER,43.0,0,0.22572020114824576,True
2022,13,PER,44.0,1,0.3174460121207902,True
2022,13,PER,45.0,1,0.32290407445265706,True
2022,13,PER,46.0,1,0.3227900809960852,True
2022,13,PER,47.0,0,0.23297106391193312,True
2022,13,PER,48.0,0,0.16406309668211574,True
2022,13,PER,49.0,0,0.16645399532078045,True
2022,13,PER,50.0,0,0.160701050937163,True
2022,13,PER,51.0,0,0.16166611757081856,True
2022,13,PER,52.0,0,0.16591611899668904,True
2022,13,PER,53.0,0,0.16240653215674872,True
2022,13,PER,54.0,0,0.1618146722647181,True
2022,13,PER,55.0,0,0.15840143764905668,True
2022,13,PER,56.0,0,0.16156810145994754,True
2022,13,PER,57.0,0,0.1687799173241012,True
2022,13,PER,58.0,0,0.16066775162255625,True
2022,13,PER,59.0,0,0.1608945009453843,True
2022,13,PER,60.0,0,0.1564648289501478,True
2022,13,PER,61.0,0,0.15936132170873968,True
2022,13,PER,62.0,0,0.17786084366344596,True
2022,13,PER,63.0,0,0.2773011106653489,True
2022,13,PER,64.0,1,0.3214092854574554,True
2022,13,PER,65.0,1,0.3311766268296096,True
2022,13,PER,66.0,1,0.33486023094206124,True
2022,13,PER,67.0,1,0.3385906372403968,True
2022,13,RIC,1.0,1,0.33178968932867603,True
2022,13,RIC,2.0,1,0.31560309239994505,True
2022,13,RIC,3.0,0,0.1664211917407867,True
2022,13,RIC,4.0,0,0.15721740732257614,True
2022,13,RIC,5.0,0,0.15768656017102609,True
2022,13,RIC,6.0,0,0.16542605764002838,True
2022,13,RIC,7.0,0,0.1661687274736879,True
2022,13,RIC,8.0,0,0.1607926403884461,True
2022,13,RIC,9.0,0,0.15989166090494034,True
2022,13,RIC,10.0,0,0.1560079712237074,True
2022,13,RIC,11.0,0,0.15634475570891332,True
2022,13,RIC,12.0,0,0.1637405870451887,True
2022,13,RIC,13.0,0,0.15741280232897478,True
2022,13,RIC,14.0,0,0.16918276814370883,True
2022,13,RIC,15.0,0,0.16156013653065168,True
2022,13,RIC,16.0,0,0.15873161594029522,True
2022,13,RIC,17.0,0,0.15564544552334242,True
2022,13,RIC,18.0,0,0.15482215589579257,True
2022,13,RIC,19.0,0,0.15410253672599783,True
2022,13,RIC,20.0,0,0.15340485009325677,True
2022,13,RIC,21.0,0,0.1543682898134179,True
2022,13,RIC,22.0,0,0.15492948405661996,True
2022,13,RIC,23.0,0,0.1547698011391185,True
2022,13,RIC,24.0,0,0.15531322791012797,True
2022,13,RIC,25.0,0,0.1548728558257738,True
2022,13,RIC,26.0,0,0.1536885486388432,True
2022,13,RIC,27.0,0,0.1556108748900133,True
2022,13,RIC,28.0,0,0.1582419338518478,True
2022,13,RIC,29.0,0,0.16433296858833746,True
2022,13,RIC,30.0,0,0.17746825559487348,True
2022,13,RIC,31.0,0,0.23905059848324067,True
2022,13,RIC,32.0,1,0.3148271954919462,True
2022,13,RIC,33.0,1,0.3024808399017515,True
2022,13,RIC,34.0,1,0.28835519000204046,True
2022,13,RIC,35.0,0,0.1617834495112132,True
2022,13,RIC,36.0,0,0.20992998273918434,True
2022,13,RIC,37.0,0,0.2494097798725639,True
2022,13,RIC,38.0,1,0.30784314716633365,True
2022,13,RIC,39.0,1,0.3150357389623677,True
2022,13,RIC,40.0,1,0.3165277108342453,True
2022,13,RIC,41.0,0,0.1679197423161491,True
2022,13,RIC,42.0,0,0.22249836295901676,True
2022,13,RIC,43.0,0,0.22917729886268381,True
2022,13,RIC,44.0,1,0.3167482437392917,True
2022,13,RIC,45.0,1,0.32191886267030817,True
2022,13,RIC,46.0,1,0.31974224306400034,True
2022,13,RIC,47.0,0,0.20106978571279538,True
2022,13,RIC,48.0,0,0.16343319258155503,True
2022,13,RIC,49.0,0,0.1677044655465733,True
2022,13,RIC,50.0,0,0.16190247084871584,True
2022,13,RIC,51.0,0,0.16235087857763106,True
2022,13,RIC,52.0,0,0.16572226558163772,True
2022,13,RIC,53.0,0,0.1658917195492206,True
2022,13,RIC,54.0,0,0.16440326702615365,True
2022,13,RIC,55.0,0,0.15985170883403116,True
2022,13,RIC,56.0,0,0.16427890339162404,True
2022,13,RIC,57.0,0,0.17016374214822824,True
2022,13,RIC,58.0,0,0.16241232601803413,True
2022,13,RIC,59.0,0,0.1654423320168677,True
2022,13,RIC,60.0,0,0.15853761913193706,True
2022,13,RIC,61.0,0,0.16348805207393063,True
2022,13,RIC,62.0,0,0.1923636782095785,True
2022,13,RIC,63.0,1,0.31163783990293636,True
2022,13,RIC,64.0,1,0.32768698994212314,True
2022,13,RIC,65.0,1,0.3340104197915708,True
2022,13,RIC,66.0,1,0.3364600638955889,True
2022,13,RUS,1.0,1,0.3375857621299356,True
2022,13,RUS,2.0,1,0.30185759223564795,True
2022,13,RUS,3.0,0,0.16808782687618343,True
2022,13,RUS,4.0,0,0.15666834495339046,True
2022,13,RUS,5.0,0,0.15706955569304945,True
2022,13,RUS,6.0,0,0.1637309496220342,True
2022,13,RUS,7.0,0,0.16594811767839282,True
2022,13,RUS,8.0,0,0.16031205239147986,True
2022,13,RUS,9.0,0,0.159278788265676,True
2022,13,RUS,10.0,0,0.1557287794099822,True
2022,13,RUS,11.0,0,0.1557460678353308,True
2022,13,RUS,12.0,0,0.16319683133253482,True
2022,13,RUS,13.0,0,0.1572852505556686,True
2022,13,RUS,14.0,0,0.16877870051617014,True
2022,13,RUS,15.0,0,0.16106891332784842,True
2022,13,RUS,16.0,0,0.15793795712085443,True
2022,13,RUS,17.0,0,0.15546752581426035,True
2022,13,RUS,18.0,0,0.15490635863780017,True
2022,13,RUS,19.0,0,0.15409662289837223,True
2022,13,RUS,20.0,0,0.15336789950787288,True
2022,13,RUS,21.0,0,0.15441457982438278,True
2022,13,RUS,22.0,0,0.15482616379293318,True
2022,13,RUS,23.0,0,0.15449785474028477,True
2022,13,RUS,24.0,0,0.1552896566827039,True
2022,13,RUS,25.0,0,0.15520891375688722,True
2022,13,RUS,26.0,0,0.15378347244825416,True
2022,13,RUS,27.0,0,0.15537375612056123,True
2022,13,RUS,28.0,0,0.15794224789363007,True
2022,13,RUS,29.0,0,0.16309593134199324,True
2022,13,RUS,30.0,0,0.17371563141155105,True
2022,13,RUS,31.0,0,0.24297588837105027,True
2022,13,RUS,32.0,1,0.31526507284979627,True
2022,13,RUS,33.0,1,0.3050967378053002,True
2022,13,RUS,34.0,1,0.29919033270570206,True
2022,13,RUS,35.0,0,0.16175300390015027,True
2022,13,RUS,36.0,0,0.20883368582773273,True
2022,13,RUS,37.0,0,0.24167480547210288,True
2022,13,RUS,38.0,1,0.30549053347178273,True
2022,13,RUS,39.0,1,0.3155879959227203,True
2022,13,RUS,40.0,1,0.316757381384199,True
2022,13,RUS,41.0,0,0.17151751946958546,True
2022,13,RUS,42.0,0,0.23131347881435263,True
2022,13,RUS,43.0,0,0.25055662193844774,True
2022,13,RUS,44.0,0,0.31555044085746403,True
2022,13,RUS,45.0,1,0.320994334493718,True
2022,13,RUS,46.0,1,0.31921401645482234,True
2022,13,RUS,47.0,1,0.27515112895711646,True
2022,13,RUS,48.0,0,0.16616922697899733,True
2022,13,RUS,49.0,0,0.16587068054164517,True
2022,13,RUS,50.0,0,0.16003533058989963,True
2022,13,RUS,51.0,0,0.16221682340158144,True
2022,13,RUS,52.0,0,0.16561843957992486,True
2022,13,RUS,53.0,0,0.16406489627398402,True
2022,13,RUS,54.0,0,0.16163385629116894,True
2022,13,RUS,55.0,0,0.15841799069710452,True
2022,13,RUS,56.0,0,0.16159092027947158,True
2022,13,RUS,57.0,0,0.16746775988010182,True
2022,13,RUS,58.0,0,0.16066153109856907,True
2022,13,RUS,59.0,0,0.16198758561671217,True
2022,13,RUS,60.0,0,0.15759523046709317,True
2022,13,RUS,61.0,0,0.15947755365286337,True
2022,13,RUS,62.0,0,0.18148592340033332,True
2022,13,RUS,63.0,0,0.2774302987088005,True
2022,13,RUS,64.0,1,0.3250429778185577,True
2022,13,RUS,65.0,1,0.3331313438377572,True
2022,13,RUS,66.0,1,0.33529010380560825,True
2022,13,RUS,67.0,1,0.3386777310891342,True
2022,13,SAI,1.0,1,0.33659982765662244,True
2022,13,SAI,2.0,1,0.3138176091806898,True
2022,13,SAI,3.0,0,0.16694923754961244,True
2022,13,SAI,4.0,0,0.15679129327070682,True
2022,13,SAI,5.0,0,0.15741107703134471,True
2022,13,SAI,6.0,0,0.16296964589658877,True
2022,13,SAI,7.0,0,0.16638487851274245,True
2022,13,SAI,8.0,0,0.16031193176025588,True
2022,13,SAI,9.0,0,0.15939734800607794,True
2022,13,SAI,10.0,0,0.15570352940050974,True
2022,13,SAI,11.0,0,0.15593343123149245,True
2022,13,SAI,12.0,0,0.16500252293369017,True
2022,13,SAI,13.0,0,0.15736825442401667,True
2022,13,SAI,14.0,0,0.174116117175512,True
2022,13,SAI,15.0,0,0.16470370666839676,True
2022,13,SAI,16.0,0,0.15939627210226626,True
2022,13,SAI,17.0,0,0.15541502933273227,True
2022,13,SAI,18.0,0,0.1542126270203988,True
2022,13,SAI,19.0,0,0.15405242951202594,True
2022,13,SAI,20.0,0,0.1533765029378801,True
2022,13,SAI,21.0,0,0.15438891657585266,True
2022,13,SAI,22.0,0,0.154714081962353,True
2022,13,SAI,23.0,0,0.15440680756512412,True
2022,13,SAI,24.0,0,0.1552896566827039,True
2022,13,SAI,25.0,0,0.15521137285361924,True
2022,13,SAI,26.0,0,0.1538349260339258,True
2022,13,SAI,27.0,0,0.15537544440609624,True
2022,13,SAI,28.0,0,0.1579363814757367,True
2022,13,SAI,29.0,0,0.16309593134199324,True
2022,13,SAI,30.0,0,0.17393174974225403,True
2022,13,SAI,31.0,0,0.2305065588689536,True
2022,13,SAI,32.0,1,0.3151787472380243,True
2022,13,SAI,33.0,1,0.3034180300714853,True
2022,13,SAI,34.0,1,0.298784232565396,True
2022,13,SAI,35.0,0,0.16194135448033203,True
2022,13,SAI,36.0,0,0.20852575795129158,True
2022,13,SAI,37.0,0,0.24160542763284157,True
2022,13,SAI,38.0,0,0.30549053347178273,True
2022,13,SAI,39.0,1,0.3153535722201056,True
2022,13,SAI,40.0,1,0.31843453499441426,True
2022,13,SAI,41.0,1,0.2609706015007184,True
2022,13,SAI,42.0,0,0.165729470557428,True
2022,13,SAI,43.0,0,0.23976807001456554,True
2022,13,SAI,44.0,0,0.3165101802226961,True
2022,13,SAI,45.0,1,0.3219893685508266,True
2022,13,SAI,46.0,1,0.3198027095454209,True
2022,13,SAI,47.0,1,0.26518419748256855,True
2022,13,SAI,48.0,0,0.16125494521916936,True
2022,13,SAI,49.0,0,0.1634661996053812,True
2022,13,SAI,50.0,0,0.15945136914710542,True
2022,13,SAI,51.0,0,0.1608025594583421,True
2022,13,SAI,52.0,0,0.16434664318923864,True
2022,13,SAI,53.0,0,0.1608251590112504,True
2022,13,SAI,54.0,0,0.15806495002091941,True
2022,13,SAI,55.0,0,0.15811826583490798,True
2022,13,SAI,56.0,0,0.15990689603070368,True
2022,13,SAI,57.0,0,0.16557320401003722,True
2022,13,SAI,58.0,0,0.15992937895867065,True
2022,13,SAI,59.0,0,0.16051977147884627,True
2022,13,SAI,60.0,0,0.15715507197759843,True
2022,13,SAI,61.0,0,0.15917049092099067,True
2022,13,SAI,62.0,0,0.18622523645732517,True
2022,13,SAI,63.0,0,0.2939973508426533,True
2022,13,SAI,64.0,1,0.327350472180045,True
2022,13,SAI,65.0,1,0.332890199938067,True
2022,13,SAI,66.0,1,0.3360805302489414,True
2022,13,SAI,67.0,1,0.33933561229230197,True
2022,13,STR,1.0,1,0.3318228044596458,True
2022,13,STR,2.0,0,0.3017750206547834,True
2022,13,STR,3.0,0,0.1566841898858294,True
2022,13,STR,4.0,0,0.15738012855263905,True
2022,13,STR,5.0,0,0.15775023199374288,True
2022,13,STR,6.0,0,0.16572284697112522,True
2022,13,STR,7.0,0,0.16655571840486383,True
2022,13,STR,8.0,0,0.16039695903756074,True
2022,13,STR,9.0,0,0.15994557401815976,True
2022,13,STR,10.0,0,0.1561337794947845,True
2022,13,STR,11.0,0,0.15605072254515873,True
2022,13,STR,12.0,0,0.16406367270147176,True
2022,13,STR,13.0,0,0.1575086267975983,True
2022,13,STR,14.0,0,0.16882904311254357,True
2022,13,STR,15.0,0,0.16314789946190858,True
2022,13,STR,16.0,0,0.15939419079638145,True
2022,13,STR,17.0,0,0.15549229502797704,True
2022,13,STR,18.0,0,0.1548237504947792,True
2022,13,STR,19.0,0,0.1541149608957793,True
2022,13,STR,20.0,0,0.15348911308020666,True
2022,13,STR,21.0,0,0.15452401606468646,True
2022,13,STR,22.0,0,0.15492948405661996,True
2022,13,STR,23.0,0,0.1545120572673076,True
2022,13,STR,24.0,0,0.15515597349476304,True
2022,13,STR,25.0,0,0.155303115908897,True
2022,13,STR,26.0,0,0.15413242976060743,True
2022,13,STR,27.0,0,0.1554176627932557,True
2022,13,STR,28.0,0,0.15799644366458318,True
2022,13,STR,29.0,0,0.16285207234722576,True
2022,13,STR,30.0,0,0.1775461893172246,True
2022,13,STR,31.0,0,0.2308813403250763,True
2022,13,STR,32.0,1,0.31416346067883055,True
2022,13,STR,33.0,1,0.3003565733766162,True
2022,13,STR,34.0,1,0.2974157369358451,True
2022,13,STR,35.0,0,0.16102195607069447,True
2022,13,STR,36.0,0,0.20972080966847556,True
2022,13,STR,37.0,0,0.24464563439143716,True
2022,13,STR,38.0,1,0.30804340235240724,True
2022,13,STR,39.0,1,0.3148552665993192,True
2022,13,STR,40.0,1,0.31700385860630015,True
2022,13,STR,41.0,0,0.16771845548316444,True
2022,13,STR,42.0,0,0.2225243370830598,True
2022,13,STR,43.0,0,0.23085140668400364,True
2022,13,STR,44.0,1,0.31827517037175285,True
2022,13,STR,45.0,1,0.32123883545076237,True
2022,13,STR,46.0,1,0.3188417842685695,True
2022,13,STR,47.0,0,0.1881177295806367,True
2022,13,STR,48.0,0,0.1614401264240407,True
2022,13,STR,49.0,0,0.16346912040910733,True
2022,13,STR,50.0,0,0.15959632667984375,True
2022,13,STR,51.0,0,0.16106242112872576,True
2022,13,STR,52.0,0,0.16418959230275532,True
2022,13,STR,53.0,0,0.1618361034718006,True
2022,13,STR,54.0,0,0.15923622778043406,True
2022,13,STR,55.0,0,0.1583012715246741,True
2022,13,STR,56.0,0,0.16177309781189442,True
2022,13,STR,57.0,0,0.16725576596726222,True
2022,13,STR,58.0,0,0.1606626093004373,True
2022,13,STR,59.0,0,0.161361497036614,True
2022,13,STR,60.0,0,0.1573797929908843,True
2022,13,STR,61.0,0,0.1600140500583323,True
2022,13,STR,62.0,0,0.18093159860029365,True
2022,13,STR,63.0,1,0.31660620228504843,True
2022,13,STR,64.0,1,0.3277910329186978,True
2022,13,STR,65.0,1,0.33507554539828344,True
2022,13,STR,66.0,1,0.33666780870306673,True
2022,13,TSU,1.0,1,0.33094688538266936,True
2022,13,TSU,2.0,0,0.2947201915575782,True
2022,13,TSU,3.0,0,0.1576104634821681,True
2022,13,TSU,4.0,0,0.1581108655413055,True
2022,13,TSU,5.0,0,0.15788208023592684,True
2022,13,TSU,6.0,0,0.16558766048523055,True
2022,13,TSU,7.0,0,0.16680595129254702,True
2022,13,TSU,8.0,0,0.16096568432837524,True
2022,13,TSU,9.0,0,0.16002781280495695,True
2022,13,TSU,10.0,0,0.15604304482757253,True
2022,13,TSU,11.0,0,0.15625781654205018,True
2022,13,TSU,12.0,0,0.1644247989722105,True
2022,13,TSU,13.0,0,0.1572643024672769,True
2022,13,TSU,14.0,0,0.16890627130064412,True
2022,13,TSU,15.0,0,0.16374296820143902,True
2022,13,TSU,16.0,0,0.15939419079638145,True
2022,13,TSU,17.0,0,0.15567609935710638,True
2022,13,TSU,18.0,0,0.1546855875182565,True
2022,13,TSU,19.0,0,0.15402549945114974,True
2022,13,TSU,20.0,0,0.1535288062701309,True
2022,13,TSU,21.0,0,0.15467679815162946,True
2022,13,TSU,22.0,0,0.15443233837216505,True
2022,13,TSU,23.0,0,0.1547130900834351,True
2022,13,TSU,24.0,0,0.15473189673702809,True
2022,13,TSU,25.0,0,0.1550478493438673,True
2022,13,TSU,26.0,0,0.15409966750520734,True
2022,13,TSU,27.0,0,0.15551332693503186,True
2022,13,TSU,28.0,0,0.15831196325514937,True
2022,13,TSU,29.0,0,0.16650747895727988,True
2022,13,TSU,30.0,0,0.1766029643353968,True
2022,13,TSU,31.0,1,0.24329250318755583,True
2022,13,TSU,32.0,1,0.3162210138461191,True
2022,13,TSU,33.0,1,0.3055743241626093,True
2022,13,TSU,34.0,0,0.19487996689646156,True
2022,13,TSU,35.0,0,0.18409481377629677,True
2022,13,TSU,36.0,0,0.21149234408940032,True
2022,13,TSU,37.0,1,0.26434108035700643,True
2022,13,TSU,38.0,1,0.3050080376625753,True
2022,13,TSU,39.0,1,0.3078586848450049,True
2022,13,TSU,40.0,0,0.25537568209646666,True
2022,13,TSU,41.0,0,0.2322677521447356,True
2022,13,TSU,42.0,0,0.2159786889715895,True
2022,13,TSU,43.0,1,0.2580216328687814,True
2022,13,TSU,44.0,1,0.3167084611592953,True
2022,13,TSU,45.0,1,0.32030952454959793,True
2022,13,TSU,46.0,0,0.26862797249778414,True
2022,13,TSU,47.0,0,0.21560587314008348,True
2022,13,TSU,48.0,0,0.16053317410683987,True
2022,13,TSU,49.0,0,0.1633158237706391,True
2022,13,TSU,50.0,0,0.1604149186025047,True
2022,13,TSU,51.0,0,0.16125351846046723,True
2022,13,TSU,52.0,0,0.16195641048042356,True
2022,13,TSU,53.0,0,0.16460599055190833,True
2022,13,TSU,54.0,0,0.1608727061859223,True
2022,13,TSU,55.0,0,0.1593981824031263,True
2022,13,TSU,56.0,0,0.16374810363742215,True
2022,13,TSU,57.0,0,0.16961385975304055,True
2022,13,TSU,58.0,0,0.1623443536854553,True
2022,13,TSU,59.0,0,0.16365708163668996,True
2022,13,TSU,60.0,0,0.1580614050489682,True
2022,13,TSU,61.0,0,0.1617377997429042,True
2022,13,TSU,62.0,1,0.19855436618427388,True
2022,13,TSU,63.0,1,0.3171295003714961,True
2022,13,TSU,64.0,1,0.33020110014947435,True
2022,13,TSU,65.0,1,0.33525652046872195,True
2022,13,VER,1.0,1,0.33408541841932404,True
2022,13,VER,2.0,1,0.31646300770696045,True
2022,13,VER,3.0,0,0.16892779225740073,True
2022,13,VER,4.0,0,0.15751272340966171,True
2022,13,VER,5.0,0,0.15718678165750902,True
2022,13,VER,6.0,0,0.1654237169248464,True
2022,13,VER,7.0,0,0.16618249983746916,True
2022,13,VER,8.0,0,0.16064175976337375,True
2022,13,VER,9.0,0,0.15930226291842012,True
2022,13,VER,10.0,0,0.1557287794099822,True
2022,13,VER,11.0,0,0.15627791732082083,True
2022,13,VER,12.0,0,0.1635298840969508,True
2022,13,VER,13.0,0,0.15744177268893264,True
2022,13,VER,14.0,0,0.16943953934364148,True
2022,13,VER,15.0,0,0.16182252911772316,True
2022,13,VER,16.0,0,0.1580564431254284,True
2022,13,VER,17.0,0,0.15546752581426035,True
2022,13,VER,18.0,0,0.15490635863780017,True
2022,13,VER,19.0,0,0.15409662289837223,True
2022,13,VER,20.0,0,0.15336789950787288,True
2022,13,VER,21.0,0,0.1543842501601306,True
2022,13,VER,22.0,0,0.15482616379293318,True
2022,13,VER,23.0,0,0.15449785474028477,True
2022,13,VER,24.0,0,0.1552896566827039,True
2022,13,VER,25.0,0,0.15521137285361924,True
2022,13,VER,26.0,0,0.15378347244825416,True
2022,13,VER,27.0,0,0.15537697260376956,True
2022,13,VER,28.0,0,0.1579363814757367,True
2022,13,VER,29.0,0,0.16309593134199324,True
2022,13,VER,30.0,0,0.17323126639503011,True
2022,13,VER,31.0,0,0.23056510902175384,True
2022,13,VER,32.0,1,0.3151787472380243,True
2022,13,VER,33.0,1,0.3050967378053002,True
2022,13,VER,34.0,1,0.29909317369289123,True
2022,13,VER,35.0,0,0.16170572879814218,True
2022,13,VER,36.0,0,0.21412540577605185,True
2022,13,VER,37.0,0,0.24167480547210288,True
2022,13,VER,38.0,1,0.31111951250940095,True
2022,13,VER,39.0,1,0.31556699476451533,True
2022,13,VER,40.0,1,0.3195671057195985,True
2022,13,VER,41.0,0,0.16990096572000252,True
2022,13,VER,42.0,0,0.2385698974610424,True
2022,13,VER,43.0,0,0.2502047050689965,True
2022,13,VER,44.0,0,0.3141598671982469,True
2022,13,VER,45.0,1,0.320061267692908,True
2022,13,VER,46.0,1,0.3192215879553507,True
2022,13,VER,47.0,1,0.27515163033391243,True
2022,13,VER,48.0,0,0.16596531923341407,True
2022,13,VER,49.0,0,0.16586360875706857,True
2022,13,VER,50.0,0,0.16003533058989963,True
2022,13,VER,51.0,0,0.16097518540051564,True
2022,13,VER,52.0,0,0.1657903911196293,True
2022,13,VER,53.0,0,0.1624227095904692,True
2022,13,VER,54.0,0,0.16183526498407513,True
2022,13,VER,55.0,0,0.15841799069710452,True
2022,13,VER,56.0,0,0.16159092027947158,True
2022,13,VER,57.0,0,0.16745568374738032,True
2022,13,VER,58.0,0,0.16061175047664067,True
2022,13,VER,59.0,0,0.16210708366325352,True
2022,13,VER,60.0,0,0.15648933047954544,True
2022,13,VER,61.0,0,0.15948225276555056,True
2022,13,VER,62.0,0,0.1783243873408718,True
2022,13,VER,63.0,0,0.2774302987088005,True
2022,13,VER,64.0,0,0.32177687754698703,True
2022,13,VER,65.0,1,0.3318012614375063,True
2022,13,VER,66.0,1,0.3348658998992501,True
2022,13,VER,67.0,1,0.33784188518418085,True
2022,13,VET,1.0,1,0.3309377583321223,True
2022,13,VET,2.0,0,0.2947201915575782,True
2022,13,VET,3.0,0,0.157122235183432,True
2022,13,VET,4.0,0,0.1581108655413055,True
2022,13,VET,5.0,0,0.15788208023592684,True
2022,13,VET,6.0,0,0.16558766048523055,True
2022,13,VET,7.0,0,0.16680125705627008,True
2022,13,VET,8.0,0,0.16097501409062337,True
2022,13,VET,9.0,0,0.1600003987977902,True
2022,13,VET,10.0,0,0.15593638961679074,True
2022,13,VET,11.0,0,0.15625781654205018,True
2022,13,VET,12.0,0,0.16427920894603443,True
2022,13,VET,13.0,0,0.15717062804396986,True
2022,13,VET,14.0,0,0.16979041675926415,True
2022,13,VET,15.0,0,0.16207239957001013,True
2022,13,VET,16.0,0,0.1589112977112393,True
2022,13,VET,17.0,0,0.15550976285636503,True
2022,13,VET,18.0,0,0.15478065281728368,True
2022,13,VET,19.0,0,0.15412679346476396,True
2022,13,VET,20.0,0,0.15337949574188645,True
2022,13,VET,21.0,0,0.1544996960657408,True
2022,13,VET,22.0,0,0.15482886390261244,True
2022,13,VET,23.0,0,0.15471221357150522,True
2022,13,VET,24.0,0,0.1547371338033916,True
2022,13,VET,25.0,0,0.1550478493438673,True
2022,13,VET,26.0,0,0.15383044440005228,True
2022,13,VET,27.0,0,0.15541940926280193,True
2022,13,VET,28.0,0,0.15818784882414197,True
2022,13,VET,29.0,0,0.1653745754519529,True
2022,13,VET,30.0,0,0.1766029643353968,True
2022,13,VET,31.0,0,0.2397550509029743,True
2022,13,VET,32.0,1,0.3160342291020249,True
2022,13,VET,33.0,1,0.3038348255822202,True
2022,13,VET,34.0,1,0.2882034774453393,True
2022,13,VET,35.0,0,0.162209557714964,True
2022,13,VET,36.0,0,0.2094648258313206,True
2022,13,VET,37.0,0,0.2467046249111049,True
2022,13,VET,38.0,1,0.30893659143821645,True
2022,13,VET,39.0,1,0.3152721864357275,True
2022,13,VET,40.0,1,0.31767903341210757,True
2022,13,VET,41.0,0,0.1667064062006261,True
2022,13,VET,42.0,0,0.2207682131803388,True
2022,13,VET,43.0,0,0.2286862240253238,True
2022,13,VET,44.0,1,0.31924745963174983,True
2022,13,VET,45.0,1,0.3232193860480465,True
2022,13,VET,46.0,1,0.3201400675035516,True
2022,13,VET,47.0,0,0.21162637375670088,True
2022,13,VET,48.0,0,0.16403313867226071,True
2022,13,VET,49.0,0,0.16676336807455316,True
2022,13,VET,50.0,0,0.16310423250365058,True
2022,13,VET,51.0,0,0.16222978652001982,True
2022,13,VET,52.0,0,0.16574309231497583,True
2022,13,VET,53.0,0,0.16350023779513875,True
2022,13,VET,54.0,0,0.16337711060638835,True
2022,13,VET,55.0,0,0.15925939739688877,True
2022,13,VET,56.0,0,0.16271003462444397,True
2022,13,VET,57.0,0,0.17002022964104402,True
2022,13,VET,58.0,0,0.16285539904633875,True
2022,13,VET,59.0,0,0.16278552828517354,True
2022,13,VET,60.0,0,0.1581069382800948,True
2022,13,VET,61.0,0,0.1614532968157475,True
2022,13,VET,62.0,0,0.17941903704119952,True
2022,13,VET,63.0,1,0.31648968966309254,True
2022,13,VET,64.0,1,0.3258401292395717,True
2022,13,VET,65.0,1,0.33370600375913057,True
2022,13,VET,66.0,1,0.3363645850460438,True
2022,13,ZHO,1.0,1,0.33100887771523263,True
2022,13,ZHO,2.0,0,0.30156496417248224,True
2022,13,ZHO,3.0,0,0.1566946429772888,True
2022,13,ZHO,4.0,0,0.15701027637379664,True
2022,13,ZHO,5.0,0,0.15752869779046663,True
2022,13,ZHO,6.0,0,0.16459862417430218,True
2022,13,ZHO,7.0,0,0.16683546157659485,True
2022,13,ZHO,8.0,0,0.16073903996463462,True
2022,13,ZHO,9.0,0,0.1598444472733025,True
2022,13,ZHO,10.0,0,0.15590876376678237,True
2022,13,ZHO,11.0,0,0.15614414551994404,True
2022,13,ZHO,12.0,0,0.16600811799548537,True
2022,13,ZHO,13.0,0,0.1574678537539088,True
2022,13,ZHO,14.0,0,0.1735181144985493,True
2022,13,ZHO,15.0,0,0.16470195808457175,True
2022,13,ZHO,16.0,0,0.15939627210226626,True
2022,13,ZHO,17.0,0,0.15594204257022531,True
2022,13,ZHO,18.0,0,0.15513424524807978,True
2022,13,ZHO,19.0,0,0.15411451929169634,True
2022,13,ZHO,20.0,0,0.15361094960172064,True
2022,13,ZHO,21.0,0,0.15508860333005123,True
2022,13,ZHO,22.0,0,0.15427839693996453,True
2022,13,ZHO,23.0,0,0.15508456147271124,True
2022,13,ZHO,24.0,0,0.1556225114142496,True
2022,13,ZHO,25.0,0,0.1561044915323752,True
2022,13,ZHO,26.0,0,0.1543524186400289,True
2022,13,ZHO,27.0,0,0.15582830435805356,True
2022,13,ZHO,28.0,0,0.15644575391737964,True
2022,13,ZHO,29.0,0,0.16486673641749688,True
2022,13,ZHO,30.0,0,0.17166731560742718,True
2022,13,ZHO,31.0,1,0.22908004804497373,True
2022,13,ZHO,32.0,1,0.3092485474758244,True
2022,13,ZHO,33.0,1,0.29402217192264485,True
2022,13,ZHO,34.0,0,0.21627895305682024,True
2022,13,ZHO,35.0,0,0.1826670733321176,True
2022,13,ZHO,36.0,0,0.20921004051599948,True
2022,13,ZHO,37.0,0,0.24781908792907137,True
2022,13,ZHO,38.0,1,0.3119740171450634,True
2022,13,ZHO,39.0,1,0.31565007912566834,True
2022,13,ZHO,40.0,1,0.3136149175144606,True
2022,13,ZHO,41.0,0,0.16463283791412522,True
2022,13,ZHO,42.0,0,0.207628681257571,True
2022,13,ZHO,43.0,0,0.21013426252916073,True
2022,13,ZHO,44.0,1,0.31552985257140326,True
2022,13,ZHO,45.0,1,0.32097251850226044,True
2022,13,ZHO,46.0,1,0.31896681826577167,True
2022,13,ZHO,47.0,0,0.2176328765381142,True
2022,13,ZHO,48.0,0,0.1637024425422964,True
2022,13,ZHO,49.0,0,0.16653885031259533,True
2022,13,ZHO,50.0,0,0.16216995255812752,True
2022,13,ZHO,51.0,0,0.16270519765573876,True
2022,13,ZHO,52.0,0,0.1611483365247129,True
2022,13,ZHO,53.0,0,0.16269564444325674,True
2022,13,ZHO,54.0,0,0.16023980438268903,True
2022,13,ZHO,55.0,0,0.15888302793691275,True
2022,13,ZHO,56.0,0,0.16137695472731192,True
2022,13,ZHO,57.0,0,0.16883303304358044,True
2022,13,ZHO,58.0,0,0.16022709043578415,True
2022,13,ZHO,59.0,0,0.1615049600794645,True
2022,13,ZHO,60.0,0,0.15686690023568728,True
2022,13,ZHO,61.0,0,0.15952266944983895,True
2022,13,ZHO,62.0,0,0.18445995963243444,True
2022,13,ZHO,63.0,1,0.30755227251097034,True
2022,13,ZHO,64.0,1,0.326745345984722,True
2022,13,ZHO,65.0,1,0.33316300497643925,True
2022,13,ZHO,66.0,1,0.33685559129911347,True
2022,17,ALB,1.0,0,0.16917270466868792,True
2022,17,ALB,2.0,0,0.18806122931253783,True
2022,17,ALB,3.0,0,0.19534599230112165,True
2022,17,ALB,4.0,1,0.32992030724262056,True
2022,17,ALB,5.0,1,0.32999131630719847,True
2022,17,ALB,6.0,1,0.32904624106779246,True
2022,17,ALB,7.0,1,0.33958612128358545,True
2022,17,ALB,8.0,1,0.3358736099203683,True
2022,17,ALB,9.0,1,0.3278251402793627,True
2022,17,ALB,10.0,0,0.19965153758102866,True
2022,17,ALB,11.0,0,0.16472256365938315,True
2022,17,ALB,12.0,0,0.18306085497200525,True
2022,17,ALB,13.0,0,0.17878950681652517,True
2022,17,ALB,14.0,0,0.1794384015057789,True
2022,17,ALB,15.0,0,0.1777858467551376,True
2022,17,ALB,16.0,0,0.18886973856836656,True
2022,17,ALB,17.0,0,0.2001134585855801,True
2022,17,ALB,18.0,1,0.33976725513881495,True
2022,17,ALB,19.0,1,0.340005371706676,True
2022,17,ALB,20.0,1,0.3381734854904769,True
2022,17,ALB,21.0,1,0.3442611821524205,True
2022,17,ALB,22.0,1,0.344610765647558,True
2022,17,ALO,1.0,0,0.16696115577514054,True
2022,17,ALO,2.0,0,0.18830230089455843,True
2022,17,ALO,3.0,0,0.19598162410395265,True
2022,17,ALO,4.0,1,0.33063608460897526,True
2022,17,ALO,5.0,1,0.3308586185777921,True
2022,17,ALO,6.0,1,0.3299490216554254,True
2022,17,ALO,7.0,1,0.33987964485404254,True
2022,17,ALO,8.0,1,0.337006341314728,True
2022,17,ALO,9.0,1,0.3275510139626402,True
2022,17,ALO,10.0,0,0.1992341700321181,True
2022,17,ALO,11.0,0,0.16449013561111858,True
2022,17,ALO,12.0,0,0.1803024774562461,True
2022,17,ALO,13.0,0,0.17736090967964963,True
2022,17,ALO,14.0,0,0.1779184889816437,True
2022,17,ALO,15.0,0,0.17648370260391158,True
2022,17,ALO,16.0,0,0.18742321003756293,True
2022,17,ALO,17.0,0,0.19824466478578612,True
2022,17,ALO,18.0,1,0.33912906031510437,True
2022,17,BOT,1.0,0,0.16926650128500936,True
2022,17,BOT,2.0,0,0.18806122931253783,True
2022,17,BOT,3.0,0,0.19544285702929098,True
2022,17,BOT,4.0,1,0.32992030724262056,True
2022,17,BOT,5.0,1,0.32999131630719847,True
2022,17,BOT,6.0,1,0.32908602930715614,True
2022,17,BOT,7.0,1,0.33958612128358545,True
2022,17,BOT,8.0,1,0.3359568205577686,True
2022,17,BOT,9.0,1,0.3278251402793627,True
2022,17,BOT,10.0,0,0.19965153758102866,True
2022,17,BOT,11.0,0,0.1647207975702382,True
2022,17,BOT,12.0,0,0.18301430523154077,True
2022,17,BOT,13.0,0,0.17879191514383802,True
2022,17,BOT,14.0,0,0.1794384015057789,True
2022,17,BOT,15.0,0,0.17780051982540046,True
2022,17,BOT,16.0,0,0.18886973856836656,True
2022,17,BOT,17.0,0,0.19998455955309238,True
2022,17,BOT,18.0,1,0.33966993624670205,True
2022,17,BOT,19.0,1,0.33992197011333014,True
2022,17,BOT,20.0,1,0.33830728806485216,True
2022,17,BOT,21.0,1,0.3442611821524205,True
2022,17,BOT,22.0,1,0.3448553971619873,True
2022,17,BOT,23.0,1,0.34030507742733146,True
2022,17,BOT,24.0,1,0.34228035587106864,True
2022,17,BOT,25.0,1,0.3450586389304373,True
2022,17,BOT,26.0,1,0.3461632608122973,True
2022,17,BOT,27.0,1,0.3462356197186903,True
2022,17,BOT,28.0,1,0.3462952089565575,True
2022,17,BOT,29.0,1,0.346989659399113,True
2022,17,BOT,30.0,1,0.34718182218264126,True
2022,17,BOT,31.0,1,0.3431204659860341,True
2022,17,BOT,32.0,1,0.34664041052640343,True
2022,17,BOT,33.0,1,0.34523693320841514,True
2022,17,BOT,34.0,1,0.34618610486988244,True
2022,17,BOT,35.0,1,0.34343659310950453,True
2022,17,BOT,36.0,1,0.344222376886438,True
2022,17,BOT,37.0,1,0.34118559612708665,True
2022,17,BOT,38.0,1,0.33922115990332735,True
2022,17,BOT,39.0,0,0.18602980643968153,True
2022,17,BOT,40.0,0,0.16999544021563617,True
2022,17,BOT,41.0,0,0.17391680640537857,True
2022,17,BOT,42.0,0,0.16777441110285513,True
2022,17,BOT,43.0,0,0.16260012851333389,True
2022,17,BOT,44.0,0,0.16472813677666448,True
2022,17,BOT,45.0,0,0.16478371334960834,True
2022,17,BOT,46.0,0,0.15532373484411183,True
2022,17,BOT,47.0,0,0.1558166189322879,True
2022,17,BOT,48.0,0,0.1570520920296404,True
2022,17,BOT,49.0,0,0.15953758669966672,True
2022,17,BOT,50.0,0,0.15465537605906926,True
2022,17,BOT,51.0,0,0.16036515778850058,True
2022,17,BOT,52.0,0,0.16366258870248054,True
2022,17,BOT,53.0,0,0.16048699615738599,True
2022,17,BOT,54.0,0,0.1613936725561453,True
2022,17,BOT,55.0,0,0.16197869762078895,True
2022,17,BOT,56.0,0,0.1621037845373881,True
2022,17,GAS,1.0,0,0.16926110822189633,True
2022,17,GAS,2.0,0,0.18830184729946234,True
2022,17,GAS,3.0,0,0.19605700757708228,True
2022,17,GAS,4.0,1,0.3308610315346133,True
2022,17,GAS,5.0,1,0.3296623305128746,True
2022,17,GAS,6.0,1,0.32872405336797594,True
2022,17,GAS,7.0,1,0.3392324749759128,True
2022,17,GAS,8.0,1,0.3354742064030079,True
2022,17,GAS,9.0,1,0.32707851971705654,True
2022,17,GAS,10.0,0,0.1992341700321181,True
2022,17,GAS,11.0,0,0.16423167420973206,True
2022,17,GAS,12.0,0,0.18095722565422467,True
2022,17,GAS,13.0,0,0.17684241982912258,True
2022,17,GAS,14.0,0,0.1786763813988686,True
2022,17,GAS,15.0,0,0.1781659416951385,True
2022,17,GAS,16.0,0,0.18667750836173233,True
2022,17,GAS,17.0,0,0.19786944575066473,True
2022,17,GAS,18.0,1,0.339507689176154,True
2022,17,GAS,19.0,1,0.3395593421324297,True
2022,17,GAS,20.0,1,0.3385686706319081,True
2022,17,GAS,21.0,1,0.34441334075548824,True
2022,17,GAS,22.0,1,0.3446115019642801,True
2022,17,GAS,23.0,1,0.3381578596037089,True
2022,17,GAS,24.0,1,0.3408126970457153,True
2022,17,GAS,25.0,1,0.34499435536044754,True
2022,17,GAS,26.0,1,0.34624902484110104,True
2022,17,GAS,27.0,1,0.34577087161227343,True
2022,17,GAS,28.0,1,0.3459374361175536,True
2022,17,GAS,29.0,1,0.3469880565134861,True
2022,17,GAS,30.0,1,0.34632304432139843,True
2022,17,GAS,31.0,1,0.34319952559095135,True
2022,17,GAS,32.0,1,0.34425615287029115,True
2022,17,GAS,33.0,1,0.34642299324320625,True
2022,17,GAS,34.0,1,0.3463851680725808,True
2022,17,GAS,35.0,1,0.34500093473655263,True
2022,17,GAS,36.0,1,0.34441524169971266,True
2022,17,GAS,37.0,1,0.3419710407207626,True
2022,17,GAS,38.0,1,0.33975198720097605,True
2022,17,GAS,39.0,0,0.185336449874456,True
2022,17,GAS,40.0,0,0.16942093781678252,True
2022,17,GAS,41.0,0,0.17366095715109398,True
2022,17,GAS,42.0,0,0.1698827286331166,True
2022,17,GAS,43.0,0,0.16306559614802593,True
2022,17,GAS,44.0,0,0.16466750448573564,True
2022,17,GAS,45.0,0,0.1641676695099296,True
2022,17,GAS,46.0,0,0.1553136217147395,True
2022,17,GAS,47.0,0,0.15593543826636638,True
2022,17,GAS,48.0,0,0.15700808704296576,True
2022,17,GAS,49.0,0,0.15953095048045396,True
2022,17,GAS,50.0,0,0.15471996780118918,True
2022,17,GAS,51.0,0,0.16035572821263586,True
2022,17,GAS,52.0,0,0.16357841209068388,True
2022,17,GAS,53.0,0,0.16011970083750487,True
2022,17,GAS,54.0,0,0.1619000454397051,True
2022,17,GAS,55.0,0,0.16148640981631807,True
2022,17,GAS,56.0,0,0.16183059669591698,True
2022,17,HAM,1.0,0,0.1689691826754068,True
2022,17,HAM,2.0,0,0.18449795590753218,True
2022,17,HAM,3.0,0,0.19237286348324856,True
2022,17,HAM,4.0,1,0.3305597242231452,True
2022,17,HAM,5.0,1,0.33058487712282,True
2022,17,HAM,6.0,1,0.32985699610640273,True
2022,17,HAM,7.0,1,0.33985342823858933,True
2022,17,HAM,8.0,1,0.34108852239516885,True
2022,17,HAM,9.0,1,0.3278251402793627,True
2022,17,HAM,10.0,0,0.19965153758102866,True
2022,17,HAM,11.0,0,0.16407975352707177,True
2022,17,HAM,12.0,0,0.17988573802632934,True
2022,17,HAM,13.0,0,0.17716586864065673,True
2022,17,HAM,14.0,0,0.17812055458758477,True
2022,17,HAM,15.0,0,0.17646518819781987,True
2022,17,HAM,16.0,0,0.18734692908290188,True
2022,17,HAM,17.0,0,0.1985070623114336,True
2022,17,HAM,18.0,1,0.33924177202153233,True
2022,17,HAM,19.0,1,0.3400638500506049,True
2022,17,HAM,20.0,1,0.33856354693494917,True
2022,17,HAM,21.0,1,0.3448361143492207,True
2022,17,HAM,22.0,1,0.3447236969584589,True
2022,17,HAM,23.0,1,0.34006728450186297,True
2022,17,HAM,24.0,1,0.34280675820504475,True
2022,17,HAM,25.0,1,0.3450738734352751,True
2022,17,HAM,26.0,1,0.34620051724128836,True
2022,17,HAM,27.0,1,0.34580808663840723,True
2022,17,HAM,28.0,1,0.34609976450640384,True
2022,17,HAM,29.0,1,0.346989659399113,True
2022,17,HAM,30.0,1,0.3462468982609851,True
2022,17,HAM,31.0,1,0.34392175023696386,True
2022,17,HAM,32.0,1,0.3437999264317047,True
2022,17,HAM,33.0,1,0.34658653790688426,True
2022,17,HAM,34.0,1,0.3467012061355216,True
2022,17,HAM,35.0,1,0.3445261522590576,True
2022,17,HAM,36.0,1,0.3443855523943907,True
2022,17,HAM,37.0,1,0.34206377608342836,True
2022,17,HAM,38.0,1,0.33991835120670444,True
2022,17,HAM,39.0,0,0.18413225149344525,True
2022,17,HAM,40.0,0,0.16978474561612755,True
2022,17,HAM,41.0,0,0.17182332329651265,True
2022,17,HAM,42.0,0,0.1703315278706003,True
2022,17,HAM,43.0,0,0.16346629636701876,True
2022,17,HAM,44.0,0,0.1657002682964834,True
2022,17,HAM,45.0,0,0.16467915249556897,True
2022,17,HAM,46.0,0,0.15542823274783246,True
2022,17,HAM,47.0,0,0.15609373466513773,True
2022,17,HAM,48.0,0,0.15716190042996364,True
2022,17,HAM,49.0,0,0.15963937308539833,True
2022,17,HAM,50.0,0,0.15499594901069935,True
2022,17,HAM,51.0,0,0.16010444218030823,True
2022,17,HAM,52.0,0,0.1625146553171642,True
2022,17,HAM,53.0,0,0.16009633370525614,True
2022,17,HAM,54.0,0,0.1619849113244134,True
2022,17,HAM,55.0,0,0.16140260572833717,True
2022,17,HAM,56.0,0,0.1618647759309968,True
2022,17,LAT,1.0,0,0.1691814305014742,True
2022,17,LAT,2.0,0,0.18806122931253783,True
2022,17,LAT,3.0,0,0.1953435504167454,True
2022,17,LAT,4.0,1,0.3299230227796885,True
2022,17,LEC,1.0,0,0.16896374489138996,True
2022,17,LEC,2.0,0,0.1776262511582241,True
2022,17,LEC,3.0,0,0.19041909413241556,True
2022,17,LEC,4.0,1,0.3319451984692675,True
2022,17,LEC,5.0,1,0.3320561347663002,True
2022,17,LEC,6.0,1,0.3319519194886598,True
2022,17,LEC,7.0,1,0.340027127086694,True
2022,17,LEC,8.0,1,0.33956020159830447,True
2022,17,LEC,9.0,1,0.3278251402793627,True
2022,17,LEC,10.0,0,0.19965153758102866,True
2022,17,LEC,11.0,0,0.16403998896421507,True
2022,17,LEC,12.0,0,0.17997198540125567,True
2022,17,LEC,13.0,0,0.17658993226240627,True
2022,17,LEC,14.0,0,0.17810903943772577,True
2022,17,LEC,15.0,0,0.1758109569973761,True
2022,17,LEC,16.0,0,0.18631397457546967,True
2022,17,LEC,17.0,0,0.1975295414635095,True
2022,17,LEC,18.0,1,0.33898376781229383,True
2022,17,LEC,19.0,1,0.3400638500506049,True
2022,17,LEC,20.0,1,0.3389784539673779,True
2022,17,LEC,21.0,1,0.34470323971296296,True
2022,17,LEC,22.0,1,0.3447236969584589,True
2022,17,LEC,23.0,1,0.34474655399188314,True
2022,17,LEC,24.0,1,0.34272725109943886,True
2022,17,LEC,25.0,1,0.34509126828834685,True
2022,17,LEC,26.0,1,0.34693278488874685,True
2022,17,LEC,27.0,1,0.3455675173113854,True
2022,17,LEC,28.0,1,0.3461040607040567,True
2022,17,LEC,29.0,1,0.346989659399113,True
2022,17,LEC,30.0,1,0.3462468982609851,True
2022,17,LEC,31.0,1,0.34415449430640577,True
2022,17,LEC,32.0,1,0.34380512966063803,True
2022,17,LEC,33.0,1,0.34671322328585547,True
2022,17,LEC,34.0,1,0.3467012061355216,True
2022,17,LEC,35.0,1,0.3343221706876793,True
2022,17,LEC,36.0,1,0.3442436288858072,True
2022,17,LEC,37.0,1,0.34206377608342836,True
2022,17,LEC,38.0,1,0.33991835120670444,True
2022,17,LEC,39.0,0,0.18595372463771842,True
2022,17,LEC,40.0,0,0.1672595105491331,True
2022,17,LEC,41.0,0,0.1721289809540298,True
2022,17,LEC,42.0,0,0.1676952899335958,True
2022,17,LEC,43.0,0,0.162518625297086,True
2022,17,LEC,44.0,0,0.1645726944664811,True
2022,17,LEC,45.0,0,0.16365129887352525,True
2022,17,LEC,46.0,0,0.15473199897149703,True
2022,17,LEC,47.0,0,0.15589266465155566,True
2022,17,LEC,48.0,0,0.15625595816292295,True
2022,17,LEC,49.0,0,0.15932545422044306,True
2022,17,LEC,50.0,0,0.15488462082528293,True
2022,17,LEC,51.0,0,0.1603156829669658,True
2022,17,LEC,52.0,0,0.16372242740730453,True
2022,17,LEC,53.0,0,0.16034044980828727,True
2022,17,LEC,54.0,0,0.16173092351092097,True
2022,17,LEC,55.0,0,0.1619309237293934,True
2022,17,LEC,56.0,0,0.16211085557539445,True
2022,17,MAG,1.0,0,0.16926482432819498,True
2022,17,MAG,2.0,0,0.18806122931253783,True
2022,17,MAG,3.0,0,0.19614526121758066,True
2022,17,MAG,4.0,1,0.3299274941205913,True
2022,17,MAG,5.0,1,0.33000643585133993,True
2022,17,MAG,6.0,1,0.32908602930715614,True
2022,17,MAG,7.0,1,0.33962427417859864,True
2022,17,MAG,8.0,1,0.33505892344163374,True
2022,17,MAG,9.0,1,0.3264942042202371,True
2022,17,MAG,10.0,0,0.20517830269805745,True
2022,17,MAG,11.0,0,0.1648548875735988,True
2022,17,MAG,12.0,0,0.1828759793442255,True
2022,17,MAG,13.0,0,0.18024513270912812,True
2022,17,MAG,14.0,0,0.18225181417094258,True
2022,17,MAG,15.0,0,0.18049590824623016,True
2022,17,MAG,16.0,0,0.19208502513630638,True
2022,17,MAG,17.0,0,0.20614629691747427,True
2022,17,MAG,18.0,1,0.33810763520952225,True
2022,17,MAG,19.0,1,0.3373918372642146,True
2022,17,MAG,20.0,1,0.3356986763875193,True
2022,17,MAG,21.0,1,0.3434970687696318,True
2022,17,MAG,22.0,1,0.3436507463050759,True
2022,17,MAG,23.0,1,0.3390643110585254,True
2022,17,MAG,24.0,1,0.3417171561128954,True
2022,17,MAG,25.0,1,0.34488411525197726,True
2022,17,MAG,26.0,1,0.3459550900031107,True
2022,17,MAG,27.0,1,0.34607692185325234,True
2022,17,MAG,28.0,1,0.34612084467726617,True
2022,17,MAG,29.0,1,0.34684923002290713,True
2022,17,MAG,30.0,1,0.34705319848207195,True
2022,17,MAG,31.0,1,0.34243204841466895,True
2022,17,MAG,32.0,1,0.34649617469151117,True
2022,17,MAG,33.0,1,0.3447398643322045,True
2022,17,MAG,34.0,1,0.34641006875443964,True
2022,17,MAG,35.0,1,0.34399610141972403,True
2022,17,MAG,36.0,1,0.3444073614365637,True
2022,17,MAG,37.0,1,0.34201043705573114,True
2022,17,MAG,38.0,1,0.33993748269527524,True
2022,17,MAG,39.0,0,0.18155766344217225,True
2022,17,MAG,40.0,0,0.16981870502565105,True
2022,17,MAG,41.0,0,0.17432727815848212,True
2022,17,MAG,42.0,0,0.17000247726579515,True
2022,17,MAG,43.0,0,0.1633440436537223,True
2022,17,MAG,44.0,0,0.16558131016112385,True
2022,17,MAG,45.0,0,0.16349890541290493,True
2022,17,MAG,46.0,0,0.15539076809054458,True
2022,17,MAG,47.0,0,0.15665456193329869,True
2022,17,MAG,48.0,0,0.15693045309920456,True
2022,17,MAG,49.0,0,0.15963426773821052,True
2022,17,MAG,50.0,0,0.15478164225000784,True
2022,17,MAG,51.0,0,0.1604395752741534,True
2022,17,MAG,52.0,0,0.16367023758603752,True
2022,17,MAG,53.0,0,0.16035399034749356,True
2022,17,MAG,54.0,0,0.1620195927423859,True
2022,17,MAG,55.0,0,0.16207321261417965,True
2022,17,MAG,56.0,0,0.1620522566794662,True
2022,17,MSC,1.0,0,0.16926247612493311,True
2022,17,MSC,2.0,0,0.18806122931253783,True
2022,17,MSC,3.0,0,0.19614526121758066,True
2022,17,MSC,4.0,1,0.3298603773620199,True
2022,17,MSC,5.0,1,0.32999131630719847,True
2022,17,MSC,6.0,1,0.32908602930715614,True
2022,17,MSC,7.0,1,0.33958612128358545,True
2022,17,MSC,8.0,1,0.33592336999838085,True
2022,17,MSC,9.0,1,0.3278251402793627,True
2022,17,MSC,10.0,0,0.19965153758102866,True
2022,17,MSC,11.0,0,0.16477617825866886,True
2022,17,MSC,12.0,0,0.18305753209222686,True
2022,17,MSC,13.0,0,0.17878724454508216,True
2022,17,MSC,14.0,0,0.17942770912670103,True
2022,17,MSC,15.0,0,0.1777858467551376,True
2022,17,MSC,16.0,0,0.18886973856836656,True
2022,17,MSC,17.0,0,0.2000137673545413,True
2022,17,MSC,18.0,1,0.33966993624670205,True
2022,17,MSC,19.0,1,0.33992197011333014,True
2022,17,MSC,20.0,1,0.33830619209577684,True
2022,17,MSC,21.0,1,0.34425310819399024,True
2022,17,MSC,22.0,1,0.34470284861316536,True
2022,17,MSC,23.0,1,0.3404930959750546,True
2022,17,MSC,24.0,1,0.34222413468777785,True
2022,17,MSC,25.0,1,0.3450546053141478,True
2022,17,MSC,26.0,1,0.3462200228919252,True
2022,17,MSC,27.0,1,0.34632426520099385,True
2022,17,MSC,28.0,1,0.3462888789639972,True
2022,17,MSC,29.0,1,0.3469852396737531,True
2022,17,MSC,30.0,1,0.3457894103231486,True
2022,17,MSC,31.0,1,0.34326958887292386,True
2022,17,MSC,32.0,1,0.34648348003827,True
2022,17,MSC,33.0,1,0.34557243479740746,True
2022,17,MSC,34.0,1,0.34672736698763795,True
2022,17,MSC,35.0,1,0.3445253891817289,True
2022,17,MSC,36.0,1,0.34441524169971266,True
2022,17,MSC,37.0,1,0.34186156682498653,True
2022,17,MSC,38.0,1,0.33975198720097605,True
2022,17,MSC,39.0,0,0.1852125263230478,True
2022,17,MSC,40.0,0,0.16949218329842566,True
2022,17,MSC,41.0,0,0.17419432028802737,True
2022,17,MSC,42.0,0,0.17053803994336056,True
2022,17,MSC,43.0,0,0.16356459631231152,True
2022,17,MSC,44.0,0,0.16585314087463982,True
2022,17,MSC,45.0,0,0.16474399520058752,True
2022,17,MSC,46.0,0,0.15500621907970205,True
2022,17,MSC,47.0,0,0.15602307884132788,True
2022,17,MSC,48.0,0,0.15689031109553625,True
2022,17,MSC,49.0,0,0.1597716840908669,True
2022,17,MSC,50.0,0,0.15475242911508616,True
2022,17,MSC,51.0,0,0.16041383296554593,True
2022,17,MSC,52.0,0,0.16338546383962887,True
2022,17,MSC,53.0,0,0.16032374203657482,True
2022,17,MSC,54.0,0,0.16175247446862648,True
2022,17,MSC,55.0,0,0.16209382800059846,True
2022,17,NOR,1.0,0,0.16761188664658236,True
2022,17,NOR,2.0,0,0.18552579532873045,True
2022,17,NOR,3.0,0,0.19562810998743424,True
2022,17,NOR,4.0,1,0.33063608460897526,True
2022,17,NOR,5.0,1,0.3306531350294767,True
2022,17,NOR,6.0,1,0.3299490216554254,True
2022,17,NOR,7.0,1,0.33987964485404254,True
2022,17,NOR,8.0,1,0.3367645835252229,True
2022,17,NOR,9.0,1,0.3275510139626402,True
2022,17,NOR,10.0,0,0.1992341700321181,True
2022,17,NOR,11.0,0,0.1643983050603591,True
2022,17,NOR,12.0,0,0.1803024774562461,True
2022,17,NOR,13.0,0,0.17733421183796713,True
2022,17,NOR,14.0,0,0.17793330405190239,True
2022,17,NOR,15.0,0,0.17648370260391158,True
2022,17,NOR,16.0,0,0.18742321003756293,True
2022,17,NOR,17.0,0,0.19827108956240025,True
2022,17,NOR,18.0,1,0.33912906031510437,True
2022,17,NOR,19.0,1,0.3395593421324297,True
2022,17,NOR,20.0,1,0.3385623631965751,True
2022,17,NOR,21.0,1,0.3448304139443967,True
2022,17,NOR,22.0,1,0.34465558332249147,True
2022,17,NOR,23.0,1,0.3404815708374119,True
2022,17,NOR,24.0,1,0.34280352277188697,True
2022,17,NOR,25.0,1,0.3450368986871172,True
2022,17,NOR,26.0,1,0.34624907076367506,True
2022,17,NOR,27.0,1,0.3441339241384419,True
2022,17,NOR,28.0,1,0.3461211741014056,True
2022,17,NOR,29.0,1,0.34699101100088875,True
2022,17,NOR,30.0,1,0.3462674461911388,True
2022,17,NOR,31.0,1,0.3432556989496695,True
2022,17,NOR,32.0,1,0.34425615287029115,True
2022,17,NOR,33.0,1,0.3467455114159927,True
2022,17,NOR,34.0,1,0.3468781507209095,True
2022,17,NOR,35.0,1,0.3446965771739423,True
2022,17,NOR,36.0,1,0.3441467241691693,True
2022,17,NOR,37.0,1,0.341857705953104,True
2022,17,NOR,38.0,1,0.33967022648988704,True
2022,17,NOR,39.0,0,0.18461639945125136,True
2022,17,NOR,40.0,0,0.1688143863565942,True
2022,17,NOR,41.0,0,0.17140218410637123,True
2022,17,NOR,42.0,0,0.16776190653001888,True
2022,17,NOR,43.0,0,0.16256119222882767,True
2022,17,NOR,44.0,0,0.16471455767924686,True
2022,17,NOR,45.0,0,0.1635779537244175,True
2022,17,NOR,46.0,0,0.15469137075152203,True
2022,17,NOR,47.0,0,0.15547367641931395,True
2022,17,NOR,48.0,0,0.15632153518581396,True
2022,17,NOR,49.0,0,0.15939889379742977,True
2022,17,NOR,50.0,0,0.15463176443633092,True
2022,17,NOR,51.0,0,0.16015752014574575,True
2022,17,NOR,52.0,0,0.16300921111531128,True
2022,17,NOR,53.0,0,0.1599232000851355,True
2022,17,NOR,54.0,0,0.1618410360542736,True
2022,17,NOR,55.0,0,0.16174341513853288,True
2022,17,NOR,56.0,0,0.16219425708968005,True
2022,17,OCO,1.0,0,0.16922364024670727,True
2022,17,OCO,2.0,0,0.18806122931253783,True
2022,17,OCO,3.0,0,0.19544659497268552,True
2022,17,OCO,4.0,1,0.3298603773620199,True
2022,17,OCO,5.0,1,0.32999131630719847,True
2022,17,OCO,6.0,1,0.32908602930715614,True
2022,17,OCO,7.0,1,0.33958612128358545,True
2022,17,OCO,8.0,1,0.33592336999838085,True
2022,17,OCO,9.0,1,0.3278251402793627,True
2022,17,OCO,10.0,0,0.19965153758102866,True
2022,17,OCO,11.0,0,0.1647207975702382,True
2022,17,OCO,12.0,0,0.18305463087769397,True
2022,17,OCO,13.0,0,0.17878950681652517,True
2022,17,OCO,14.0,0,0.1794384015057789,True
2022,17,OCO,15.0,0,0.17780051982540046,True
2022,17,OCO,16.0,0,0.18886973856836656,True
2022,17,OCO,17.0,0,0.19997788198580188,True
2022,17,OCO,18.0,1,0.33966993624670205,True
2022,17,OCO,19.0,1,0.33992197011333014,True
2022,17,OCO,20.0,1,0.33830728806485216,True
2022,17,OCO,21.0,1,0.3442611821524205,True
2022,17,OCO,22.0,1,0.34447947363216735,True
2022,17,OCO,23.0,1,0.3403176691655464,True
2022,17,OCO,24.0,1,0.3422784305994465,True
2022,17,PER,1.0,0,0.16896374489138996,True
2022,17,PER,2.0,0,0.1776262511582241,True
2022,17,PER,3.0,0,0.19056375741525505,True
2022,17,PER,4.0,1,0.3319451984692675,True
2022,17,PER,5.0,1,0.3320561347663002,True
2022,17,PER,6.0,1,0.3319519194886598,True
2022,17,PER,7.0,1,0.33985342823858933,True
2022,17,PER,8.0,1,0.34109148746479706,True
2022,17,PER,9.0,1,0.3278251402793627,True
2022,17,PER,10.0,0,0.19965153758102866,True
2022,17,PER,11.0,0,0.1641882241623724,True
2022,17,PER,12.0,0,0.17988573802632934,True
2022,17,PER,13.0,0,0.17784342082964485,True
2022,17,PER,14.0,0,0.17808515136812567,True
2022,17,PER,15.0,0,0.1763512177842374,True
2022,17,PER,16.0,0,0.18631397457546967,True
2022,17,PER,17.0,0,0.19744864506295395,True
2022,17,PER,18.0,1,0.33898376781229383,True
2022,17,PER,19.0,1,0.3405039356492241,True
2022,17,PER,20.0,1,0.3389784539673779,True
2022,17,PER,21.0,1,0.34470323971296296,True
2022,17,PER,22.0,1,0.3447236969584589,True
2022,17,PER,23.0,1,0.3447738609137353,True
2022,17,PER,24.0,1,0.34272725109943886,True
2022,17,PER,25.0,1,0.339106810995699,True
2022,17,PER,26.0,1,0.34693278488874685,True
2022,17,PER,27.0,1,0.3455675173113854,True
2022,17,PER,28.0,1,0.3461040607040567,True
2022,17,PER,29.0,1,0.346989659399113,True
2022,17,PER,30.0,1,0.3462468982609851,True
2022,17,PER,31.0,1,0.34392582437524766,True
2022,17,PER,32.0,1,0.3437999264317047,True
2022,17,PER,33.0,1,0.34671322328585547,True
2022,17,PER,34.0,1,0.3467328816242017,True
2022,17,PER,35.0,1,0.33860575058870335,True
2022,17,PER,36.0,1,0.34438112794403036,True
2022,17,PER,37.0,1,0.34206377608342836,True
2022,17,PER,38.0,1,0.33993229025399146,True
2022,17,PER,39.0,0,0.18595372463771842,True
2022,17,PER,40.0,0,0.1685878399101462,True
2022,17,PER,41.0,0,0.1718316325205766,True
2022,17,PER,42.0,0,0.1676952899335958,True
2022,17,PER,43.0,0,0.162518625297086,True
2022,17,PER,44.0,0,0.16461560759393248,True
2022,17,PER,45.0,0,0.16365129887352525,True
2022,17,PER,46.0,0,0.15470997438458195,True
2022,17,PER,47.0,0,0.15551387581064238,True
2022,17,PER,48.0,0,0.1562673587506745,True
2022,17,PER,49.0,0,0.15932545422044306,True
2022,17,PER,50.0,0,0.15463940474128696,True
2022,17,PER,51.0,0,0.1600369008512225,True
2022,17,PER,52.0,0,0.16332529098224804,True
2022,17,PER,53.0,0,0.16016822264949804,True
2022,17,PER,54.0,0,0.1612964041893415,True
2022,17,PER,55.0,0,0.16153841354645715,True
2022,17,PER,56.0,0,0.16148329221973118,True
2022,17,RIC,1.0,0,0.16926247612493311,True
2022,17,RIC,2.0,0,0.18806122931253783,True
2022,17,RIC,3.0,0,0.19614526121758066,True
2022,17,RIC,4.0,1,0.3298603773620199,True
2022,17,RIC,5.0,1,0.32999131630719847,True
2022,17,RIC,6.0,1,0.32908602930715614,True
2022,17,RIC,7.0,1,0.3395878647981398,True
2022,17,RIC,8.0,1,0.33592336999838085,True
2022,17,RIC,9.0,1,0.3278251402793627,True
2022,17,RIC,10.0,0,0.19965153758102866,True
2022,17,RIC,11.0,0,0.1648791593140712,True
2022,17,RIC,12.0,0,0.18305753209222686,True
2022,17,RIC,13.0,0,0.17879650189806323,True
2022,17,RIC,14.0,0,0.1794384015057789,True
2022,17,RIC,15.0,0,0.1777858467551376,True
2022,17,RIC,16.0,0,0.18903516534810474,True
2022,17,RIC,17.0,0,0.20000482716715137,True
2022,17,RIC,18.0,1,0.33981046099302314,True
2022,17,RIC,19.0,1,0.3399474596991804,True
2022,17,RIC,20.0,1,0.33830105788884496,True
2022,17,RIC,21.0,1,0.3441802146061882,True
2022,17,RIC,22.0,1,0.34459531065639337,True
2022,17,RIC,23.0,1,0.33993803769737047,True
2022,17,RIC,24.0,1,0.34225209229244813,True
2022,17,RIC,25.0,1,0.34503526148447083,True
2022,17,RIC,26.0,1,0.3462200228919252,True
2022,17,RIC,27.0,1,0.3463241482174449,True
2022,17,RIC,28.0,1,0.34633677528614715,True
2022,17,RIC,29.0,1,0.3469852396737531,True
2022,17,RIC,30.0,1,0.34640461498138925,True
2022,17,RIC,31.0,1,0.34332926692419663,True
2022,17,RIC,32.0,1,0.3464950106011221,True
2022,17,RIC,33.0,1,0.34566061011556315,True
2022,17,RIC,34.0,1,0.34690849298789667,True
2022,17,RIC,35.0,1,0.3450133650277937,True
2022,17,RIC,36.0,1,0.34427208672877996,True
2022,17,RIC,37.0,1,0.34129584463823043,True
2022,17,RIC,38.0,1,0.3390772958539922,True
2022,17,RIC,39.0,0,0.1853763877472358,True
2022,17,RIC,40.0,0,0.16902315720430341,True
2022,17,RIC,41.0,0,0.17379321477878046,True
2022,17,RIC,42.0,0,0.1698280722985895,True
2022,17,RIC,43.0,0,0.16334999646853135,True
2022,17,RIC,44.0,0,0.16562617923526768,True
2022,17,RIC,45.0,0,0.16368324895720798,True
2022,17,RIC,46.0,0,0.15491334677526702,True
2022,17,RIC,47.0,0,0.1557979555897403,True
2022,17,RIC,48.0,0,0.1566919336136571,True
2022,17,RIC,49.0,0,0.15965226782188552,True
2022,17,RIC,50.0,0,0.15462374188405378,True
2022,17,RIC,51.0,0,0.1602094602634389,True
2022,17,RIC,52.0,0,0.16291726140065546,True
2022,17,RIC,53.0,0,0.15986190569425301,True
2022,17,RIC,54.0,0,0.1616836181957633,True
2022,17,RIC,55.0,0,0.16131964174873478,True
2022,17,RIC,56.0,0,0.1620353435714615,True
2022,17,RUS,1.0,0,0.1691814305014742,True
2022,17,RUS,2.0,0,0.18806122931253783,True
2022,17,RUS,3.0,0,0.1953435504167454,True
2022,17,RUS,4.0,1,0.3298603773620199,True
2022,17,RUS,5.0,1,0.33070679512355605,True
2022,17,RUS,6.0,1,0.3290858223298415,True
2022,17,RUS,7.0,1,0.33962427417859864,True
2022,17,RUS,8.0,1,0.33592336999838085,True
2022,17,RUS,9.0,1,0.3278251402793627,True
2022,17,RUS,10.0,0,0.19959915460496216,True
2022,17,RUS,11.0,0,0.1647207975702382,True
2022,17,RUS,12.0,0,0.1830157369132826,True
2022,17,RUS,13.0,0,0.1787880946405137,True
2022,17,RUS,14.0,0,0.17943279440154697,True
2022,17,RUS,15.0,0,0.17779251986962832,True
2022,17,RUS,16.0,0,0.1889970793900749,True
2022,17,RUS,17.0,0,0.19998455955309238,True
2022,17,RUS,18.0,1,0.33966993624670205,True
2022,17,RUS,19.0,1,0.33992197011333014,True
2022,17,RUS,20.0,1,0.33830728806485216,True
2022,17,RUS,21.0,1,0.3442611821524205,True
2022,17,RUS,22.0,1,0.3436639433329957,True
2022,17,RUS,23.0,1,0.3342124044716891,True
2022,17,RUS,24.0,1,0.33473548451694596,True
2022,17,RUS,25.0,1,0.3439076851906776,True
2022,17,RUS,26.0,1,0.34495748743948307,True
2022,17,RUS,27.0,1,0.34525135496491693,True
2022,17,RUS,28.0,1,0.34517799737807503,True
2022,17,RUS,29.0,1,0.3465992397142438,True
2022,17,RUS,30.0,1,0.34417842066617643,True
2022,17,RUS,31.0,1,0.3392275002360077,True
2022,17,RUS,32.0,1,0.34578964850345056,True
2022,17,RUS,33.0,1,0.3434974152638521,True
2022,17,RUS,34.0,1,0.3463889144029878,True
2022,17,RUS,35.0,1,0.3437666112893113,True
2022,17,RUS,36.0,1,0.34440293698620333,True
2022,17,RUS,37.0,1,0.34318632604587485,True
2022,17,RUS,38.0,1,0.3419169727463151,True
2022,17,RUS,39.0,0,0.18270286752590836,True
2022,17,RUS,40.0,0,0.1698559539613674,True
2022,17,RUS,41.0,0,0.1747765347717108,True
2022,17,RUS,42.0,0,0.16938848353080505,True
2022,17,RUS,43.0,0,0.1623329147423611,True
2022,17,RUS,44.0,0,0.16465043606016905,True
2022,17,RUS,45.0,0,0.1635849771577467,True
2022,17,RUS,46.0,0,0.15383471850245942,True
2022,17,RUS,47.0,0,0.15438450481993632,True
2022,17,RUS,48.0,0,0.155287554709811,True
2022,17,RUS,49.0,0,0.15933656769000648,True
2022,17,RUS,50.0,0,0.15460885013655407,True
2022,17,RUS,51.0,0,0.15987499150607254,True
2022,17,RUS,52.0,0,0.16301802660175585,True
2022,17,RUS,53.0,0,0.1603391863695744,True
2022,17,RUS,54.0,0,0.16101937397974467,True
2022,17,SAI,1.0,0,0.16896374489138996,True
2022,17,SAI,2.0,0,0.18449795590753218,True
2022,17,SAI,3.0,0,0.19237286348324856,True
2022,17,SAI,4.0,1,0.3305597242231452,True
2022,17,SAI,5.0,1,0.33058487712282,True
2022,17,SAI,6.0,1,0.3319519194886598,True
2022,17,SAI,7.0,1,0.33985342823858933,True
2022,17,SAI,8.0,1,0.34108852239516885,True
2022,17,SAI,9.0,1,0.3278251402793627,True
2022,17,SAI,10.0,0,0.19965153758102866,True
2022,17,SAI,11.0,0,0.16408265394240082,True
2022,17,SAI,12.0,0,0.18026566576388278,True
2022,17,SAI,13.0,0,0.17716586864065673,True
2022,17,SAI,14.0,0,0.17812055458758477,True
2022,17,SAI,15.0,0,0.17646518819781987,True
2022,17,SAI,16.0,0,0.18734692908290188,True
2022,17,SAI,17.0,0,0.1985070623114336,True
2022,17,SAI,18.0,1,0.33924177202153233,True
2022,17,SAI,19.0,1,0.3400648480035956,True
2022,17,SAI,20.0,1,0.33855844150570363,True
2022,17,SAI,21.0,1,0.3448361143492207,True
2022,17,SAI,22.0,1,0.3447236969584589,True
2022,17,SAI,23.0,1,0.34007208902213704,True
2022,17,SAI,24.0,1,0.3427245075743305,True
2022,17,SAI,25.0,1,0.3450738734352751,True
2022,17,SAI,26.0,1,0.34679324223347563,True
2022,17,SAI,27.0,1,0.3455675173113854,True
2022,17,SAI,28.0,1,0.34609976450640384,True
2022,17,SAI,29.0,1,0.346989659399113,True
2022,17,SAI,30.0,1,0.3462468982609851,True
2022,17,SAI,31.0,1,0.34392582437524766,True
2022,17,SAI,32.0,1,0.3439080414623178,True
2022,17,SAI,33.0,1,0.346826504468125,True
2022,17,SAI,34.0,1,0.3468810349832827,True
2022,17,SAI,35.0,1,0.33758534786831446,True
2022,17,SAI,36.0,1,0.34438112794403036,True
2022,17,SAI,37.0,1,0.34206377608342836,True
2022,17,SAI,38.0,1,0.33993229025399146,True
2022,17,SAI,39.0,0,0.18595372463771842,True
2022,17,SAI,40.0,0,0.168772317183298,True
2022,17,SAI,41.0,0,0.17184922233897865,True
2022,17,SAI,42.0,0,0.16770805276500464,True
2022,17,SAI,43.0,0,0.1633099690018333,True
2022,17,SAI,44.0,0,0.16463205304425227,True
2022,17,SAI,45.0,0,0.16365129887352525,True
2022,17,SAI,46.0,0,0.1547058041573201,True
2022,17,SAI,47.0,0,0.15551387581064238,True
2022,17,SAI,48.0,0,0.1563216379766191,True
2022,17,SAI,49.0,0,0.15933079001875655,True
2022,17,SAI,50.0,0,0.1546360990951559,True
2022,17,SAI,51.0,0,0.1600369008512225,True
2022,17,SAI,52.0,0,0.16355843161411318,True
2022,17,SAI,53.0,0,0.15991691370278646,True
2022,17,SAI,54.0,0,0.16174173140768197,True
2022,17,SAI,55.0,0,0.1619309237293934,True
2022,17,SAI,56.0,0,0.16211085557539445,True
2022,17,STR,1.0,0,0.1691290216243863,True
2022,17,STR,2.0,0,0.18804639710308707,True
2022,17,STR,3.0,0,0.1960963676627677,True
2022,17,STR,4.0,1,0.32985512234211256,True
2022,17,STR,5.0,1,0.3299719823646218,True
2022,17,STR,6.0,1,0.32907752451296346,True
2022,17,STR,7.0,1,0.33967122384653325,True
2022,17,STR,8.0,1,0.33592339267131405,True
2022,17,STR,9.0,1,0.32782456847229,True
2022,17,STR,10.0,0,0.19964524336852296,True
2022,17,STR,11.0,0,0.16476189073720843,True
2022,17,STR,12.0,0,0.1828967328758611,True
2022,17,STR,13.0,0,0.17865683973889443,True
2022,17,STR,14.0,0,0.17929158393020597,True
2022,17,STR,15.0,0,0.17768306192704753,True
2022,17,STR,16.0,0,0.18890816578845465,True
2022,17,STR,17.0,0,0.19978330824454943,True
2022,17,STR,18.0,1,0.33979797200692585,True
2022,17,STR,19.0,1,0.33992760648641646,True
2022,17,STR,20.0,1,0.3382449955469354,True
2022,17,STR,21.0,1,0.34424900602253655,True
2022,17,STR,22.0,1,0.3445613962190929,True
2022,17,STR,23.0,1,0.3404815708374119,True
2022,17,STR,24.0,1,0.34280352277188697,True
2022,17,STR,25.0,1,0.3450096326784623,True
2022,17,STR,26.0,1,0.3461172410848562,True
2022,17,STR,27.0,1,0.34626960246667193,True
2022,17,STR,28.0,1,0.34629134509974163,True
2022,17,STR,29.0,1,0.34699101100088875,True
2022,17,STR,30.0,1,0.3463034124987825,True
2022,17,STR,31.0,1,0.34330632970777203,True
2022,17,STR,32.0,1,0.34425615287029115,True
2022,17,STR,33.0,1,0.34679467184482327,True
2022,17,STR,34.0,1,0.3469016714086874,True
2022,17,STR,35.0,1,0.34416547264148817,True
2022,17,STR,36.0,1,0.34444507867902774,True
2022,17,STR,37.0,1,0.34188202173669685,True
2022,17,STR,38.0,1,0.3396789371003261,True
2022,17,STR,39.0,0,0.1828101764476004,True
2022,17,STR,40.0,0,0.16932003602701667,True
2022,17,STR,41.0,0,0.17365136589699331,True
2022,17,STR,42.0,0,0.1695811683928085,True
2022,17,STR,43.0,0,0.16306452472191993,True
2022,17,STR,44.0,0,0.16542518921903518,True
2022,17,STR,45.0,0,0.16416055418291045,True
2022,17,STR,46.0,0,0.1547000618597124,True
2022,17,STR,47.0,0,0.1559337670245042,True
2022,17,STR,48.0,0,0.15658511804759534,True
2022,17,STR,49.0,0,0.159561546844358,True
2022,17,STR,50.0,0,0.1546574499007585,True
2022,17,STR,51.0,0,0.16013603374919788,True
2022,17,STR,52.0,0,0.16353921374027966,True
2022,17,STR,53.0,0,0.16002887087917025,True
2022,17,STR,54.0,0,0.16191242521859037,True
2022,17,STR,55.0,0,0.1615529599893754,True
2022,17,STR,56.0,0,0.16194580936230327,True
2022,17,TSU,1.0,0,0.1698026450993339,True
2022,17,TSU,2.0,0,0.18868427602415894,True
2022,17,TSU,3.0,0,0.19541391523176807,True
2022,17,TSU,4.0,1,0.3295475968051041,True
2022,17,TSU,5.0,1,0.32951725414863803,True
2022,17,TSU,6.0,1,0.32845746451966235,True
2022,17,TSU,7.0,1,0.33932504113442713,True
2022,17,TSU,8.0,1,0.3349302050250662,True
2022,17,TSU,9.0,1,0.3261954326399545,True
2022,17,TSU,10.0,0,0.19786007513512857,True
2022,17,TSU,11.0,0,0.16458238557441096,True
2022,17,TSU,12.0,0,0.18179455409859474,True
2022,17,TSU,13.0,0,0.17672116828986387,True
2022,17,TSU,14.0,0,0.18005166269406647,True
2022,17,TSU,15.0,0,0.17861740500364065,True
2022,17,TSU,16.0,0,0.19011755608535996,True
2022,17,TSU,17.0,0,0.20277645947460093,True
2022,17,TSU,18.0,1,0.3397241820796717,True
2022,17,TSU,19.0,1,0.3399090332275971,True
2022,17,TSU,20.0,1,0.3382975637271879,True
2022,17,TSU,21.0,1,0.3442611821524205,True
2022,17,TSU,22.0,1,0.3446814966379,True
2022,17,TSU,23.0,1,0.33757471763365154,True
2022,17,TSU,24.0,1,0.34145219269318244,True
2022,17,TSU,25.0,1,0.3446872155597388,True
2022,17,TSU,26.0,1,0.3457932735722233,True
2022,17,TSU,27.0,1,0.345656043837489,True
2022,17,TSU,28.0,1,0.34629027415736885,True
2022,17,TSU,29.0,1,0.3469866885888336,True
2022,17,TSU,30.0,1,0.34705430122754344,True
2022,17,TSU,31.0,1,0.34309359012902363,True
2022,17,TSU,32.0,1,0.3465525405989947,True
2022,17,VER,1.0,0,0.16926247612493311,True
2022,17,VER,2.0,0,0.18779481826792463,True
2022,17,VER,3.0,0,0.19614593292525,True
2022,17,VER,4.0,1,0.33069853059587434,True
2022,17,VER,5.0,1,0.33070679512355605,True
2022,17,VER,6.0,1,0.3302092993051963,True
2022,17,VER,7.0,1,0.3395914538639346,True
2022,17,VER,8.0,1,0.33592336999838085,True
2022,17,VER,9.0,1,0.3278251402793627,True
2022,17,VER,10.0,0,0.19965153758102866,True
2022,17,VER,11.0,0,0.16408265394240082,True
2022,17,VER,12.0,0,0.18030558998835008,True
2022,17,VER,13.0,0,0.17719256648233922,True
2022,17,VER,14.0,0,0.17813050810347733,True
2022,17,VER,15.0,0,0.1764631651226078,True
2022,17,VER,16.0,0,0.18732978207076587,True
2022,17,VER,17.0,0,0.19848117003475987,True
2022,17,VER,18.0,1,0.339219190855472,True
2022,17,VER,19.0,1,0.3400460131582521,True
2022,17,VER,20.0,1,0.33855844150570363,True
2022,17,VER,21.0,1,0.34482888469434214,True
2022,17,VER,22.0,1,0.3447236969584589,True
2022,17,VER,23.0,1,0.34093495822083364,True
2022,17,VER,24.0,1,0.34272725109943886,True
2022,17,VER,25.0,1,0.34504475483016633,True
2022,17,VER,26.0,1,0.346234585037103,True
2022,17,VER,27.0,1,0.3441744621322368,True
2022,17,VER,28.0,1,0.3460427733914134,True
2022,17,VER,29.0,1,0.346989659399113,True
2022,17,VER,30.0,1,0.3462935739412148,True
2022,17,VER,31.0,1,0.343467386484396,True
2022,17,VER,32.0,1,0.34449803954817204,True
2022,17,VER,33.0,1,0.34666779010359783,True
2022,17,VER,34.0,1,0.34681939638660203,True
2022,17,VER,35.0,1,0.33833085832390175,True
2022,17,VER,36.0,1,0.34438112794403036,True
2022,17,VER,37.0,1,0.34206377608342836,True
2022,17,VER,38.0,1,0.33993229025399146,True
2022,17,VER,39.0,0,0.1854311710188527,True
2022,17,VER,40.0,0,0.16982403061315293,True
2022,17,VER,41.0,0,0.1744147615350477,True
2022,17,VER,42.0,0,0.16784729282806263,True
2022,17,VER,43.0,0,0.1630398923265844,True
2022,17,VER,44.0,0,0.16495138721604138,True
2022,17,VER,45.0,0,0.1643866749577904,True
2022,17,VER,46.0,0,0.15472554628027976,True
2022,17,VER,47.0,0,0.15540266861130844,True
2022,17,VER,48.0,0,0.15650359700636346,True
2022,17,VER,49.0,0,0.15943815882721887,True
2022,17,VER,50.0,0,0.1546045217088865,True
2022,17,VER,51.0,0,0.1604172330793261,True
2022,17,VER,52.0,0,0.16344610318595998,True
2022,17,VER,53.0,0,0.15982429660673925,True
2022,17,VER,54.0,0,0.16139528492140803,True
2022,17,VER,55.0,0,0.16138851769772627,True
2022,17,VER,56.0,0,0.16185552221285687,True
2022,17,VET,1.0,0,0.16917823065357807,True
2022,17,VET,2.0,0,0.18861066232961896,True
2022,17,VET,3.0,0,0.19598162410395265,True
2022,17,VET,4.0,1,0.3306353055483915,True
2022,17,VET,5.0,1,0.3308586185777921,True
2022,17,VET,6.0,1,0.3301315284518139,True
2022,17,VET,7.0,1,0.3395142438130667,True
2022,17,VET,8.0,1,0.33588821695108784,True
2022,17,VET,9.0,1,0.3275510139626402,True
2022,17,VET,10.0,0,0.1992341700321181,True
2022,17,VET,11.0,0,0.16435482413968078,True
2022,17,VET,12.0,0,0.18202519558479038,True
2022,17,VET,13.0,0,0.1780963341535014,True
2022,17,VET,14.0,0,0.17869273536789115,True
2022,17,VET,15.0,0,0.1775930382905077,True
2022,17,VET,16.0,0,0.1883194688081525,True
2022,17,VET,17.0,0,0.19824466478578612,True
2022,17,VET,18.0,1,0.3395072482480833,True
2022,17,VET,19.0,1,0.3398209581055255,True
2022,17,VET,20.0,1,0.33770985129836095,True
2022,17,VET,21.0,1,0.3444001627531595,True
2022,17,VET,22.0,1,0.34465558332249147,True
2022,17,VET,23.0,1,0.3404815708374119,True
2022,17,VET,24.0,1,0.3420529017671964,True
2022,17,VET,25.0,1,0.3450096326784623,True
2022,17,VET,26.0,1,0.34551160696968747,True
2022,17,VET,27.0,1,0.3462447425598218,True
2022,17,VET,28.0,1,0.3463698213877247,True
2022,17,VET,29.0,1,0.34699101100088875,True
2022,17,VET,30.0,1,0.3463606086989314,True
2022,17,VET,31.0,1,0.34331277014243183,True
2022,17,VET,32.0,1,0.3442947728849514,True
2022,17,VET,33.0,1,0.34682503535488535,True
2022,17,VET,34.0,1,0.3467386722555643,True
2022,17,VET,35.0,1,0.34396670899420484,True
2022,17,VET,36.0,1,0.34444950312938816,True
2022,17,VET,37.0,1,0.34188202173669685,True
2022,17,VET,38.0,1,0.339664998053039,True
2022,17,VET,39.0,0,0.1828101764476004,True
2022,17,VET,40.0,0,0.16726597220805306,True
2022,17,VET,41.0,0,0.17336210858994233,True
2022,17,VET,42.0,0,0.1698827286331166,True
2022,17,VET,43.0,0,0.16317423188249297,True
2022,17,VET,44.0,0,0.16543440590353514,True
2022,17,VET,45.0,0,0.16416055418291045,True
2022,17,VET,46.0,0,0.15533181721632264,True
2022,17,VET,47.0,0,0.1559337670245042,True
2022,17,VET,48.0,0,0.15697121600304625,True
2022,17,VET,49.0,0,0.15954134951241816,True
2022,17,VET,50.0,0,0.1549472919688599,True
2022,17,VET,51.0,0,0.16005233255566942,True
2022,17,VET,52.0,0,0.1636988192665427,True
2022,17,VET,53.0,0,0.16003293251879708,True
2022,17,VET,54.0,0,0.16192832345707606,True
2022,17,VET,55.0,0,0.1615529599893754,True
2022,17,VET,56.0,0,0.1619290285603989,True
2022,17,ZHO,1.0,0,0.1691814305014742,True
2022,17,ZHO,2.0,0,0.1879616931838885,True
2022,17,ZHO,3.0,0,0.1953435504167454,True
2022,17,ZHO,4.0,1,0.32992030724262056,True
2022,18,ALO,1.0,1,0.3432294992124049,True
2022,18,ALO,2.0,0,0.16624923382497575,True
2022,18,ALO,3.0,0,0.15369677270838203,True
2022,18,ALO,4.0,0,0.15317123807891436,True
2022,18,ALO,5.0,0,0.1532254842841038,True
2022,18,ALO,6.0,0,0.15577002855382718,True
2022,18,ALO,7.0,0,0.1612022971380706,True
2022,18,ALO,8.0,0,0.15685721062912814,True
2022,18,ALO,9.0,0,0.15810805704202413,True
2022,18,ALO,10.0,0,0.1601377451232524,True
2022,18,ALO,11.0,0,0.16349540020370715,True
2022,18,ALO,12.0,0,0.15655759548911724,True
2022,18,ALO,13.0,0,0.15542946841265523,True
2022,18,ALO,14.0,0,0.1549090748978237,True
2022,18,ALO,15.0,0,0.1551036346682659,True
2022,18,ALO,16.0,0,0.15427490506362088,True
2022,18,ALO,17.0,0,0.1529718620614067,True
2022,18,ALO,18.0,0,0.15427350943160395,True
2022,18,ALO,19.0,0,0.15441219698714673,True
2022,18,ALO,20.0,0,0.1529081269156788,True
2022,18,ALO,21.0,0,0.15255185766765939,True
2022,18,ALO,22.0,0,0.15309649008617698,True
2022,18,ALO,23.0,0,0.15254418799438957,True
2022,18,ALO,24.0,0,0.15313838384066275,True
2022,18,ALO,25.0,0,0.15274199694357524,True
2022,18,BOT,1.0,1,0.34223415868910523,True
2022,18,BOT,2.0,0,0.16707044123353584,True
2022,18,BOT,3.0,0,0.1538402090616185,True
2022,18,BOT,4.0,0,0.15314693726015144,True
2022,18,BOT,5.0,0,0.1532004344380012,True
2022,18,BOT,6.0,0,0.15576532778279853,True
2022,18,BOT,7.0,0,0.16152500601746006,True
2022,18,BOT,8.0,0,0.1560719874362096,True
2022,18,BOT,9.0,0,0.1585754995259392,True
2022,18,BOT,10.0,0,0.1603735951722379,True
2022,18,BOT,11.0,0,0.1640033871888233,True
2022,18,BOT,12.0,0,0.15647037682368126,True
2022,18,BOT,13.0,0,0.15508403994411038,True
2022,18,BOT,14.0,0,0.15476304862440632,True
2022,18,BOT,15.0,0,0.1551027552584764,True
2022,18,BOT,16.0,0,0.15435787744103335,True
2022,18,BOT,17.0,0,0.15302555119727237,True
2022,18,BOT,18.0,0,0.1540498531213978,True
2022,18,BOT,19.0,0,0.15425889933012277,True
2022,18,BOT,20.0,0,0.15273684574631013,True
2022,18,BOT,21.0,0,0.15244919606779764,True
2022,18,BOT,22.0,0,0.15285810187208326,True
2022,18,BOT,23.0,0,0.15255688532213346,True
2022,18,BOT,24.0,0,0.15260906115445247,True
2022,18,BOT,25.0,0,0.1525822588404881,True
2022,18,GAS,1.0,1,0.3420198806942688,True
2022,18,GAS,2.0,0,0.16867175328741105,True
2022,18,GAS,3.0,0,0.1539000498898239,True
2022,18,GAS,4.0,0,0.1531842193805216,True
2022,18,GAS,5.0,0,0.153222246947806,True
2022,18,GAS,6.0,0,0.15569434199372809,True
2022,18,GAS,7.0,0,0.1608977672564619,True
2022,18,GAS,8.0,0,0.15677565927995069,True
2022,18,GAS,9.0,0,0.15834820114063558,True
2022,18,GAS,10.0,0,0.16027395068889203,True
2022,18,GAS,11.0,0,0.16363548647457385,True
2022,18,GAS,12.0,0,0.15648581570266512,True
2022,18,GAS,13.0,0,0.1553939780065578,True
2022,18,GAS,14.0,0,0.15514443141219883,True
2022,18,GAS,15.0,0,0.15513787549425168,True
2022,18,GAS,16.0,0,0.15431097612813843,True
2022,18,GAS,17.0,0,0.15298849782597257,True
2022,18,GAS,18.0,0,0.1537440731950158,True
2022,18,GAS,19.0,0,0.15423098585371545,True
2022,18,GAS,20.0,0,0.1527590710107888,True
2022,18,GAS,21.0,0,0.15257695505456345,True
2022,18,GAS,22.0,0,0.15316146438245754,True
2022,18,GAS,23.0,0,0.15250902771290856,True
2022,18,GAS,24.0,0,0.1526192457450818,True
2022,18,GAS,25.0,0,0.15259390394033562,True
2022,18,HAM,1.0,1,0.3434005740757009,True
2022,18,HAM,2.0,0,0.16707044123353584,True
2022,18,HAM,3.0,0,0.1538402090616185,True
2022,18,HAM,4.0,0,0.15314693726015144,True
2022,18,HAM,5.0,0,0.1532004344380012,True
2022,18,HAM,6.0,0,0.15579115993417864,True
2022,18,HAM,7.0,0,0.16125443593933236,True
2022,18,HAM,8.0,0,0.1570623799736683,True
2022,18,HAM,9.0,0,0.15889971945562573,True
2022,18,HAM,10.0,0,0.1603006282625396,True
2022,18,HAM,11.0,0,0.16413867150276323,True
2022,18,HAM,12.0,0,0.15648003713850508,True
2022,18,HAM,13.0,0,0.15511365921584802,True
2022,18,HAM,14.0,0,0.15492378103604582,True
2022,18,HAM,15.0,0,0.1550874709495153,True
2022,18,HAM,16.0,0,0.1543547628306861,True
2022,18,HAM,17.0,0,0.15302518291464967,True
2022,18,HAM,18.0,0,0.15390864647120434,True
2022,18,HAM,19.0,0,0.1541996238685855,True
2022,18,HAM,20.0,0,0.1527262947588835,True
2022,18,HAM,21.0,0,0.1524968655965982,True
2022,18,HAM,22.0,0,0.15297106503093258,True
2022,18,HAM,23.0,0,0.1525746859645943,True
2022,18,HAM,24.0,0,0.15250841826793834,True
2022,18,HAM,25.0,0,0.1524388080098485,True
2022,18,LAT,1.0,1,0.3421702318446381,True
2022,18,LAT,2.0,0,0.16707044123353584,True
2022,18,LAT,3.0,0,0.1538402090616185,True
2022,18,LAT,4.0,0,0.15314693726015144,True
2022,18,LAT,5.0,0,0.1532004344380012,True
2022,18,LAT,6.0,0,0.15484588784256603,True
2022,18,LAT,7.0,0,0.15965095579925265,True
2022,18,LAT,8.0,0,0.1560874328773265,True
2022,18,LAT,9.0,0,0.15857541346123005,True
2022,18,LAT,10.0,0,0.16012848656646753,True
2022,18,LAT,11.0,0,0.1634785631849724,True
2022,18,LAT,12.0,0,0.15641088046380075,True
2022,18,LAT,13.0,0,0.15513469372439279,True
2022,18,LAT,14.0,0,0.1548554773061084,True
2022,18,LAT,15.0,0,0.1551890966245206,True
2022,18,LAT,16.0,0,0.1543349394167238,True
2022,18,LAT,17.0,0,0.1530475472837589,True
2022,18,LAT,18.0,0,0.1544333154903769,True
2022,18,LAT,19.0,0,0.1543881409787319,True
2022,18,LAT,20.0,0,0.15286297610053654,True
2022,18,LAT,21.0,0,0.15253351224793893,True
2022,18,LAT,22.0,0,0.1532002208705456,True
2022,18,LAT,23.0,0,0.15269080816438294,True
2022,18,LAT,24.0,0,0.1527229117613808,True
2022,18,LAT,25.0,0,0.15273152949586852,True
2022,18,LEC,1.0,1,0.34360421172348926,True
2022,18,LEC,2.0,0,0.16707044123353584,True
2022,18,LEC,3.0,0,0.1538402090616185,True
2022,18,LEC,4.0,0,0.15314693726015144,True
2022,18,LEC,5.0,0,0.1532004344380012,True
2022,18,LEC,6.0,0,0.1558339553740297,True
2022,18,LEC,7.0,0,0.1611028572342869,True
2022,18,LEC,8.0,0,0.15706086598366004,True
2022,18,LEC,9.0,0,0.15904164339242274,True
2022,18,LEC,10.0,0,0.16003805107415298,True
2022,18,LEC,11.0,0,0.16444483334862692,True
2022,18,LEC,12.0,0,0.15663004006620213,True
2022,18,LEC,13.0,0,0.15533576571156488,True
2022,18,LEC,14.0,0,0.1549589927253183,True
2022,18,LEC,15.0,0,0.15507732516948908,True
2022,18,LEC,16.0,0,0.15423992606246767,True
2022,18,LEC,17.0,0,0.15298658043475513,True
2022,18,LEC,18.0,0,0.15397940027243767,True
2022,18,LEC,19.0,0,0.15425053384189427,True
2022,18,LEC,20.0,0,0.15280632359794946,True
2022,18,LEC,21.0,0,0.15241427120267714,True
2022,18,LEC,22.0,0,0.15286525120190025,True
2022,18,LEC,23.0,0,0.15243552920973683,True
2022,18,LEC,24.0,0,0.15250433413742998,True
2022,18,LEC,25.0,0,0.1524227482757206,True
2022,18,MAG,1.0,1,0.34232853097858346,True
2022,18,MAG,2.0,0,0.16707044123353584,True
2022,18,MAG,3.0,0,0.1538402090616185,True
2022,18,MAG,4.0,0,0.15314693726015144,True
2022,18,MAG,5.0,0,0.1532004344380012,True
2022,18,MAG,6.0,0,0.15574184437668376,True
2022,18,MAG,7.0,0,0.16104986005497737,True
2022,18,MAG,8.0,0,0.1570541087045848,True
2022,18,MAG,9.0,0,0.15857910582861162,True
2022,18,MAG,10.0,0,0.16052252069989761,True
2022,18,MAG,11.0,0,0.16391301888339982,True
2022,18,MAG,12.0,0,0.15642418676480901,True
2022,18,MAG,13.0,0,0.15508403994411038,True
2022,18,MAG,14.0,0,0.15476304862440632,True
2022,18,MAG,15.0,0,0.1550940316161748,True
2022,18,MAG,16.0,0,0.15435787744103335,True
2022,18,MAG,17.0,0,0.15302555119727237,True
2022,18,MAG,18.0,0,0.1540498531213978,True
2022,18,MAG,19.0,0,0.15425889933012277,True
2022,18,MAG,20.0,0,0.15278297587349224,True
2022,18,MAG,21.0,0,0.15244919606779764,True
2022,18,MAG,22.0,0,0.15285863950087258,True
2022,18,MAG,23.0,0,0.15243912095841333,True
2022,18,MAG,24.0,0,0.15264796631199018,True
2022,18,MAG,25.0,0,0.1525822588404881,True
2022,18,MSC,1.0,1,0.34223728008264676,True
2022,18,MSC,2.0,0,0.1670653000657161,True
2022,18,MSC,3.0,0,0.153840520237014,True
2022,18,MSC,4.0,0,0.15314673622338593,True
2022,18,MSC,5.0,0,0.153200268420508,True
2022,18,MSC,6.0,0,0.155840874727734,True
2022,18,MSC,7.0,0,0.16136455172900382,True
2022,18,MSC,8.0,0,0.15676244221952232,True
2022,18,MSC,9.0,0,0.15796175238264198,True
2022,18,MSC,10.0,0,0.1603206457093789,True
2022,18,MSC,11.0,0,0.16231405115705066,True
2022,18,MSC,12.0,0,0.1560940375513024,True
2022,18,MSC,13.0,0,0.1555133447856651,True
2022,18,MSC,14.0,0,0.15511187557505263,True
2022,18,MSC,15.0,0,0.15536655325581378,True
2022,18,MSC,16.0,0,0.15432262951878598,True
2022,18,MSC,17.0,0,0.15299941507981527,True
2022,18,MSC,18.0,0,0.15401211700370063,True
2022,18,MSC,19.0,0,0.15421159368579251,True
2022,18,MSC,20.0,0,0.15278196696833424,True
2022,18,MSC,21.0,0,0.15245544176718612,True
2022,18,MSC,22.0,0,0.15290978860074173,True
2022,18,MSC,23.0,0,0.15249610480021877,True
2022,18,MSC,24.0,0,0.1525705246446426,True
2022,18,MSC,25.0,0,0.15250191060370705,True
2022,18,NOR,1.0,1,0.34223415868910523,True
2022,18,NOR,2.0,0,0.16707044123353584,True
2022,18,NOR,3.0,0,0.1538402090616185,True
2022,18,NOR,4.0,0,0.15314693726015144,True
2022,18,NOR,5.0,0,0.1532004344380012,True
2022,18,NOR,6.0,0,0.155765029401341,True
2022,18,NOR,7.0,0,0.1622126906404494,True
2022,18,NOR,8.0,0,0.1560719874362096,True
2022,18,NOR,9.0,0,0.1587183745399914,True
2022,18,NOR,10.0,0,0.1603656037756529,True
2022,18,NOR,11.0,0,0.16347856183384474,True
2022,18,NOR,12.0,0,0.15640988015835905,True
2022,18,NOR,13.0,0,0.15513647768824743,True
2022,18,NOR,14.0,0,0.15479290775407706,True
2022,18,NOR,15.0,0,0.1551357725073199,True
2022,18,NOR,16.0,0,0.1543554685734204,True
2022,18,NOR,17.0,0,0.15302462275970385,True
2022,18,NOR,18.0,0,0.15399557146815682,True
2022,18,NOR,19.0,0,0.15423214231412855,True
2022,18,NOR,20.0,0,0.1527434909419256,True
2022,18,NOR,21.0,0,0.15245302693262672,True
2022,18,NOR,22.0,0,0.15287163216463276,True
2022,18,NOR,23.0,0,0.1525627812249832,True
2022,18,NOR,24.0,0,0.15251181559968024,True
2022,18,NOR,25.0,0,0.1524957642431141,True
2022,18,OCO,1.0,1,0.34323340966456095,True
2022,18,OCO,2.0,0,0.1662537104479562,True
2022,18,OCO,3.0,0,0.15369767071691037,True
2022,18,OCO,4.0,0,0.1531722679749942,True
2022,18,OCO,5.0,0,0.1532270213089141,True
2022,18,OCO,6.0,0,0.1555357413369079,True
2022,18,OCO,7.0,0,0.16125660242684187,True
2022,18,OCO,8.0,0,0.15701644324543712,True
2022,18,OCO,9.0,0,0.1587183745399914,True
2022,18,OCO,10.0,0,0.16027046002700285,True
2022,18,OCO,11.0,0,0.1639389768093313,True
2022,18,OCO,12.0,0,0.15656147988629904,True
2022,18,OCO,13.0,0,0.15523069561272548,True
2022,18,OCO,14.0,0,0.15487483667430857,True
2022,18,OCO,15.0,0,0.15510275112176097,True
2022,18,OCO,16.0,0,0.15427490506362088,True
2022,18,OCO,17.0,0,0.15302026638639324,True
2022,18,OCO,18.0,0,0.15408617228402446,True
2022,18,OCO,19.0,0,0.15432059817720645,True
2022,18,OCO,20.0,0,0.15282721444429473,True
2022,18,OCO,21.0,0,0.15247138881936823,True
2022,18,OCO,22.0,0,0.15295357474047017,True
2022,18,OCO,23.0,0,0.1524772407907185,True
2022,18,OCO,24.0,0,0.15251274544997345,True
2022,18,OCO,25.0,0,0.15248648815305194,True
2022,18,PER,1.0,1,0.34360421172348926,True
2022,18,PER,2.0,0,0.16707044123353584,True
2022,18,PER,3.0,0,0.1538402090616185,True
2022,18,PER,4.0,0,0.15314693726015144,True
2022,18,PER,5.0,0,0.1532004344380012,True
2022,18,PER,6.0,0,0.15574856387698666,True
2022,18,PER,7.0,0,0.16113656839917373,True
2022,18,PER,8.0,0,0.15702189800328764,True
2022,18,PER,9.0,0,0.15889971945562573,True
2022,18,PER,10.0,0,0.16055509196457712,True
2022,18,PER,11.0,0,0.164283952662879,True
2022,18,PER,12.0,0,0.15672385940044686,True
2022,18,PER,13.0,0,0.15533576571156488,True
2022,18,PER,14.0,0,0.1549553651401277,True
2022,18,PER,15.0,0,0.15516961869258838,True
2022,18,PER,16.0,0,0.15424277497892322,True
2022,18,PER,17.0,0,0.15298658043475513,True
2022,18,PER,18.0,0,0.15398012820190746,True
2022,18,PER,19.0,0,0.15425053384189427,True
2022,18,PER,20.0,0,0.1528137165409537,True
2022,18,PER,21.0,0,0.15242900244749458,True
2022,18,PER,22.0,0,0.15280239124793338,True
2022,18,PER,23.0,0,0.15238329135168058,True
2022,18,PER,24.0,0,0.15250545170547386,True
2022,18,PER,25.0,0,0.15243740078288165,True
2022,18,RIC,1.0,1,0.3416026520443297,True
2022,18,RIC,2.0,0,0.16624923382497575,True
2022,18,RIC,3.0,0,0.15369677270838203,True
2022,18,RIC,4.0,0,0.15317123807891436,True
2022,18,RIC,5.0,0,0.1532254842841038,True
2022,18,RIC,6.0,0,0.15574212449018193,True
2022,18,RIC,7.0,0,0.16136455172900382,True
2022,18,RIC,8.0,0,0.15685327682514566,True
2022,18,RIC,9.0,0,0.1582713667807868,True
2022,18,RIC,10.0,0,0.16052252069989761,True
2022,18,RIC,11.0,0,0.1639072800810345,True
2022,18,RIC,12.0,0,0.1564682764531527,True
2022,18,RIC,13.0,0,0.1551128618988337,True
2022,18,RIC,14.0,0,0.15478383988759095,True
2022,18,RIC,15.0,0,0.1550940316161748,True
2022,18,RIC,16.0,0,0.15435787744103335,True
2022,18,RIC,17.0,0,0.15302555119727237,True
2022,18,RIC,18.0,0,0.15402646978569412,True
2022,18,RIC,19.0,0,0.15430746602189926,True
2022,18,RIC,20.0,0,0.15278261152673114,True
2022,18,RIC,21.0,0,0.15246577624491303,True
2022,18,RIC,22.0,0,0.1528712883818955,True
2022,18,RIC,23.0,0,0.15244030551995258,True
2022,18,RIC,24.0,0,0.15251181559968024,True
2022,18,RIC,25.0,0,0.15243989529711582,True
2022,18,RUS,1.0,1,0.34314070415999287,True
2022,18,RUS,2.0,0,0.16707044123353584,True
2022,18,RUS,3.0,0,0.1538402090616185,True
2022,18,RUS,4.0,0,0.15314693726015144,True
2022,18,RUS,5.0,0,0.1532004344380012,True
2022,18,RUS,6.0,0,0.15578055565794197,True
2022,18,RUS,7.0,0,0.16115380098244253,True
2022,18,RUS,8.0,0,0.15705400163739144,True
2022,18,RUS,9.0,0,0.15892901306136892,True
2022,18,RUS,10.0,0,0.1603700234155575,True
2022,18,RUS,11.0,0,0.16375657177492953,True
2022,18,RUS,12.0,0,0.15647037682368126,True
2022,18,RUS,13.0,0,0.1551047142739858,True
2022,18,RUS,14.0,0,0.15478383988759095,True
2022,18,RUS,15.0,0,0.15516873514608345,True
2022,18,RUS,16.0,0,0.15423992606246767,True
2022,18,RUS,17.0,0,0.15298619161489452,True
2022,18,RUS,18.0,0,0.15397903982177646,True
2022,18,RUS,19.0,0,0.1541996238685855,True
2022,18,RUS,20.0,0,0.15276314354307527,True
2022,18,RUS,21.0,0,0.15249466313602106,True
2022,18,RUS,22.0,0,0.15280239124793338,True
2022,18,RUS,23.0,0,0.15240713025283453,True
2022,18,RUS,24.0,0,0.1524820706788756,True
2022,18,RUS,25.0,0,0.15247498281162206,True
2022,18,STR,1.0,1,0.3422665583618499,True
2022,18,STR,2.0,0,0.1670653000657161,True
2022,18,STR,3.0,0,0.153840520237014,True
2022,18,STR,4.0,0,0.15314673622338593,True
2022,18,STR,5.0,0,0.153200268420508,True
2022,18,STR,6.0,0,0.15584171641881062,True
2022,18,STR,7.0,0,0.16105876893522314,True
2022,18,STR,8.0,0,0.15694207557055762,True
2022,18,STR,9.0,0,0.1589064920755306,True
2022,18,STR,10.0,0,0.16036508505116157,True
2022,18,STR,11.0,0,0.16375657177492953,True
2022,18,STR,12.0,0,0.15642418676480901,True
2022,18,STR,13.0,0,0.1551047142739858,True
2022,18,STR,14.0,0,0.15478383988759095,True
2022,18,STR,15.0,0,0.15511469932431882,True
2022,18,STR,16.0,0,0.1543331794782654,True
2022,18,STR,17.0,0,0.15301396414505458,True
2022,18,STR,18.0,0,0.1540498531213978,True
2022,18,STR,19.0,0,0.15430143623829712,True
2022,18,STR,20.0,0,0.15278527153729363,True
2022,18,STR,21.0,0,0.15271967876767711,True
2022,18,STR,22.0,0,0.1530140251985741,True
2022,18,STR,23.0,0,0.15250908147836867,True
2022,18,STR,24.0,0,0.15263699204712972,True
2022,18,STR,25.0,0,0.15259385206783152,True
2022,18,TSU,1.0,1,0.3418355102875511,True
2022,18,TSU,2.0,0,0.1662537104479562,True
2022,18,TSU,3.0,0,0.15369767071691037,True
2022,18,TSU,4.0,0,0.1531722679749942,True
2022,18,TSU,5.0,0,0.1532270213089141,True
2022,18,TSU,6.0,0,0.15581968426734782,True
2022,18,TSU,7.0,0,0.16105894737877446,True
2022,18,TSU,8.0,0,0.15702189800328764,True
2022,18,TSU,9.0,0,0.15885738390709797,True
2022,18,TSU,10.0,0,0.1603656037756529,True
2022,18,TSU,11.0,0,0.1637422637913172,True
2022,18,TSU,12.0,0,0.15646620551766946,True
2022,18,TSU,13.0,0,0.15510246363812288,True
2022,18,TSU,14.0,0,0.15478152715830973,True
2022,18,TSU,15.0,0,0.15513496566979473,True
2022,18,TSU,16.0,0,0.1543565636204634,True
2022,18,TSU,17.0,0,0.15302462275970385,True
2022,18,TSU,18.0,0,0.1540087113968515,True
2022,18,TSU,19.0,0,0.154234651924537,True
2022,18,TSU,20.0,0,0.15278629275864253,True
2022,18,TSU,21.0,0,0.152498720541789,True
2022,18,TSU,22.0,0,0.15300291189985268,True
2022,18,TSU,23.0,0,0.1525082937068803,True
2022,18,TSU,24.0,0,0.15262450942454725,True
2022,18,TSU,25.0,0,0.15250432191618427,True
2022,18,VER,1.0,1,0.34360421172348926,True
2022,18,VER,2.0,0,0.16707044123353584,True
2022,18,VER,3.0,0,0.1538402090616185,True
2022,18,VER,4.0,0,0.15314693726015144,True
2022,18,VER,5.0,0,0.1532004344380012,True
2022,18,VER,6.0,0,0.1558339553740297,True
2022,18,VER,7.0,0,0.1611028572342869,True
2022,18,VER,8.0,0,0.1569314881840917,True
2022,18,VER,9.0,0,0.15796819577469035,True
2022,18,VER,10.0,0,0.16003805107415298,True
2022,18,VER,11.0,0,0.16444483334862692,True
2022,18,VER,12.0,0,0.15672385940044686,True
2022,18,VER,13.0,0,0.1552697276904441,True
2022,18,VER,14.0,0,0.1549553651401277,True
2022,18,VER,15.0,0,0.15516961869258838,True
2022,18,VER,16.0,0,0.15424277497892322,True
2022,18,VER,17.0,0,0.1529873656732435,True
2022,18,VER,18.0,0,0.15398012820190746,True
2022,18,VER,19.0,0,0.15425753305011036,True
2022,18,VER,20.0,0,0.1528075129141985,True
2022,18,VER,21.0,0,0.1524303812016723,True
2022,18,VER,22.0,0,0.15280239124793338,True
2022,18,VER,23.0,0,0.15241139693957523,True
2022,18,VER,24.0,0,0.15248789567388316,True
2022,18,VER,25.0,0,0.15244177888033889,True
2022,18,VER,26.0,0,0.15227078052315166,True
2022,18,VET,1.0,1,0.3421711818652222,True
2022,18,VET,2.0,0,0.16707044123353584,True
2022,18,VET,3.0,0,0.1538402090616185,True
2022,18,VET,4.0,0,0.15314693726015144,True
2022,18,VET,5.0,0,0.1532004344380012,True
2022,18,VET,6.0,0,0.15484588784256603,True
2022,18,VET,7.0,0,0.15965095579925265,True
2022,18,VET,8.0,0,0.1560874328773265,True
2022,18,VET,9.0,0,0.15859546341013248,True
2022,18,VET,10.0,0,0.1601260675163839,True
2022,18,VET,11.0,0,0.16347723031058695,True
2022,18,VET,12.0,0,0.15640754562957482,True
2022,18,VET,13.0,0,0.15518969262700372,True
2022,18,VET,14.0,0,0.154871209089118,True
2022,18,VET,15.0,0,0.15510275112176097,True
2022,18,VET,16.0,0,0.1541951972990395,True
2022,18,VET,17.0,0,0.15301987756653262,True
2022,18,VET,18.0,0,0.1542731329927322,True
2022,18,VET,19.0,0,0.15436001183508338,True
2022,18,VET,20.0,0,0.15286216712116793,True
2022,18,VET,21.0,0,0.15250344503017516,True
2022,18,VET,22.0,0,0.15321690085519257,True
2022,18,VET,23.0,0,0.15252074495467244,True
2022,18,VET,24.0,0,0.1526240700097546,True
2022,18,VET,25.0,0,0.15259450685129433,True
2022,18,ZHO,1.0,1,0.3420198806942688,True
2022,18,ZHO,2.0,0,0.16707044123353584,True
2022,18,ZHO,3.0,0,0.1538402090616185,True
2022,18,ZHO,4.0,0,0.15314693726015144,True
2022,18,ZHO,5.0,0,0.1532004344380012,True
2022,18,ZHO,6.0,0,0.15575369495508826,True
2022,18,ZHO,7.0,0,0.16113656839917373,True
2022,18,ZHO,8.0,0,0.15685327682514566,True
2022,18,ZHO,9.0,0,0.15796175238264198,True
2022,18,ZHO,10.0,0,0.1598343523265615,True
2022,18,ZHO,11.0,0,0.164285728134773,True
2022,18,ZHO,12.0,0,0.15663057060737634,True
2022,18,ZHO,13.0,0,0.15518675237570617,True
2022,18,ZHO,14.0,0,0.15476304862440632,True
2022,18,ZHO,15.0,0,0.1550940316161748,True
2022,18,ZHO,16.0,0,0.15435787744103335,True
2022,18,ZHO,17.0,0,0.15304056056268783,True
2022,18,ZHO,18.0,0,0.15403678360130896,True
2022,18,ZHO,19.0,0,0.1541889810142027,True
2022,18,ZHO,20.0,0,0.15375627218837679,True
2022,18,ZHO,21.0,0,0.15253745169960364,True
2022,18,ZHO,22.0,0,0.1530469984713743,True
2022,18,ZHO,23.0,0,0.15250417691609552,True
2022,18,ZHO,24.0,0,0.152548593752538,True
2022,18,ZHO,25.0,0,0.1525902518675033,True
2022,22,ALB,1.0,0,0.15314202208631528,True
2022,22,ALB,2.0,0,0.15213612268049442,True
2022,22,ALB,3.0,0,0.15210623666731424,True
2022,22,ALB,4.0,0,0.15197962997406095,True
2022,22,ALB,5.0,0,0.1519431948495107,True
2022,22,ALB,6.0,0,0.15215768577636746,True
2022,22,ALB,7.0,0,0.1521860449824803,True
2022,22,ALB,8.0,0,0.15231028939443164,True
2022,22,ALB,9.0,0,0.15262956897453345,True
2022,22,ALB,10.0,0,0.15217218245554837,True
2022,22,ALB,11.0,0,0.15228781440302613,True
2022,22,ALB,12.0,0,0.15214084634764563,True
2022,22,ALB,13.0,0,0.15935260920840064,True
2022,22,ALB,14.0,0,0.15615944441012516,True
2022,22,ALB,15.0,0,0.15255214816512375,True
2022,22,ALB,16.0,0,0.15322454556234927,True
2022,22,ALB,17.0,0,0.15348055525666765,True
2022,22,ALB,18.0,0,0.15316764636421615,True
2022,22,ALB,19.0,0,0.15288907062103493,True
2022,22,ALB,20.0,0,0.15332091570582498,True
2022,22,ALB,21.0,0,0.1532838134689724,True
2022,22,ALB,22.0,0,0.15289702977984992,True
2022,22,ALB,23.0,0,0.15288975948492006,True
2022,22,ALB,24.0,0,0.1525379419057174,True
2022,22,ALB,25.0,0,0.15217712725264346,True
2022,22,ALB,26.0,0,0.15254620575088368,True
2022,22,ALB,27.0,0,0.1534055972414629,True
2022,22,ALB,28.0,0,0.15316196235628704,True
2022,22,ALB,29.0,0,0.1530098274026192,True
2022,22,ALB,30.0,0,0.1526720193218249,True
2022,22,ALB,31.0,0,0.15369641525974753,True
2022,22,ALB,32.0,0,0.15576299647084663,True
2022,22,ALB,33.0,0,0.16318078402177022,True
2022,22,ALB,34.0,0,0.15847669731253117,True
2022,22,ALB,35.0,1,0.2969090169507914,True
2022,22,ALB,36.0,1,0.3292418965771787,True
2022,22,ALB,37.0,1,0.3317522619440913,True
2022,22,ALB,38.0,0,0.17114860816835095,True
2022,22,ALB,39.0,0,0.15800792066435893,True
2022,22,ALB,40.0,0,0.15391302697843398,True
2022,22,ALB,41.0,0,0.15376254736775413,True
2022,22,ALB,42.0,0,0.1536502294490852,True
2022,22,ALB,43.0,0,0.1535810388669852,True
2022,22,ALB,44.0,0,0.15256901538662077,True
2022,22,ALB,45.0,0,0.15308157409499373,True
2022,22,ALB,46.0,0,0.15287597947340875,True
2022,22,ALB,47.0,0,0.15348269883865867,True
2022,22,ALB,48.0,0,0.15409457612860672,True
2022,22,ALB,49.0,0,0.15413960171462135,True
2022,22,ALB,50.0,0,0.1530673231781053,True
2022,22,ALB,51.0,0,0.15378943217523006,True
2022,22,ALB,52.0,0,0.15429599855450746,True
2022,22,ALB,53.0,0,0.15417478018175487,True
2022,22,ALB,54.0,0,0.15650487485078776,True
2022,22,ALO,1.0,0,0.1530611021092593,True
2022,22,ALO,2.0,0,0.15213182902131703,True
2022,22,ALO,3.0,0,0.15211338674066327,True
2022,22,ALO,4.0,0,0.15193544710603374,True
2022,22,ALO,5.0,0,0.15195426423242758,True
2022,22,ALO,6.0,0,0.15215578040441521,True
2022,22,ALO,7.0,0,0.1521823404127956,True
2022,22,ALO,8.0,0,0.15230459533572122,True
2022,22,ALO,9.0,0,0.15262483919625464,True
2022,22,ALO,10.0,0,0.15217004690425373,True
2022,22,ALO,11.0,0,0.15228873944613033,True
2022,22,ALO,12.0,0,0.15210518154097583,True
2022,22,ALO,13.0,0,0.15903704108013392,True
2022,22,ALO,14.0,0,0.1547411167447826,True
2022,22,ALO,15.0,0,0.15242274542451753,True
2022,22,ALO,16.0,0,0.1527114490894364,True
2022,22,ALO,17.0,0,0.1531838944788473,True
2022,22,ALO,18.0,0,0.15290139787885412,True
2022,22,ALO,19.0,0,0.15295978804930438,True
2022,22,ALO,20.0,0,0.15318476040978662,True
2022,22,ALO,21.0,0,0.1532979251009738,True
2022,22,ALO,22.0,0,0.15285778800778307,True
2022,22,ALO,23.0,0,0.1529013861758554,True
2022,22,ALO,24.0,0,0.15253234373948896,True
2022,22,BOT,1.0,0,0.15308249117694092,True
2022,22,BOT,2.0,0,0.15233426072892267,True
2022,22,BOT,3.0,0,0.15197212415850472,True
2022,22,BOT,4.0,0,0.151850728638051,True
2022,22,BOT,5.0,0,0.15176790033096227,True
2022,22,BOT,6.0,0,0.15206297991006526,True
2022,22,BOT,7.0,0,0.15196082104608571,True
2022,22,BOT,8.0,0,0.15214799890975617,True
2022,22,BOT,9.0,0,0.1523640146390059,True
2022,22,BOT,10.0,0,0.15199426682092482,True
2022,22,BOT,11.0,0,0.15205695533779068,True
2022,22,BOT,12.0,0,0.15186518923860945,True
2022,22,BOT,13.0,0,0.15966410038288484,True
2022,22,BOT,14.0,0,0.15538779480307902,True
2022,22,BOT,15.0,0,0.15251464775152496,True
2022,22,BOT,16.0,0,0.15317625387721606,True
2022,22,BOT,17.0,0,0.15365236153558595,True
2022,22,BOT,18.0,0,0.15339005276362194,True
2022,22,BOT,19.0,0,0.15288088858006446,True
2022,22,BOT,20.0,0,0.15350825458956804,True
2022,22,BOT,21.0,0,0.1535001555713862,True
2022,22,BOT,22.0,0,0.15284312655282845,True
2022,22,BOT,23.0,0,0.1529206583181638,True
2022,22,BOT,24.0,0,0.15258546384919405,True
2022,22,BOT,25.0,0,0.15221509315688492,True
2022,22,BOT,26.0,0,0.15264941772304122,True
2022,22,BOT,27.0,0,0.15329918839080958,True
2022,22,BOT,28.0,0,0.15325001074426256,True
2022,22,BOT,29.0,0,0.1530979090931912,True
2022,22,BOT,30.0,0,0.15269867239231083,True
2022,22,BOT,31.0,0,0.1536884483244696,True
2022,22,BOT,32.0,0,0.15606662317841172,True
2022,22,BOT,33.0,0,0.16385500769967423,True
2022,22,BOT,34.0,0,0.15819811780818568,True
2022,22,BOT,35.0,1,0.2980570214853822,True
2022,22,BOT,36.0,1,0.3249142024761073,True
2022,22,BOT,37.0,1,0.3330811899548151,True
2022,22,BOT,38.0,0,0.16894152882508534,True
2022,22,BOT,39.0,0,0.15823631666632887,True
2022,22,BOT,40.0,0,0.15407770308525479,True
2022,22,BOT,41.0,0,0.1538617431733376,True
2022,22,BOT,42.0,0,0.1536905836978118,True
2022,22,BOT,43.0,0,0.15359765546454965,True
2022,22,BOT,44.0,0,0.15249850799249684,True
2022,22,BOT,45.0,0,0.15298850746889361,True
2022,22,BOT,46.0,0,0.1528575772989658,True
2022,22,BOT,47.0,0,0.15341844066043292,True
2022,22,BOT,48.0,0,0.15429270221394906,True
2022,22,BOT,49.0,0,0.15426931729638044,True
2022,22,BOT,50.0,0,0.15315248332963743,True
2022,22,BOT,51.0,0,0.1538817989113543,True
2022,22,BOT,52.0,0,0.15458650360885776,True
2022,22,BOT,53.0,0,0.15413921042626388,True
2022,22,BOT,54.0,0,0.15649399842305503,True
2022,22,GAS,1.0,0,0.15270022686881946,True
2022,22,GAS,2.0,0,0.15226450867230232,True
2022,22,GAS,3.0,0,0.15216938518971387,True
2022,22,GAS,4.0,0,0.15216685862009788,True
2022,22,GAS,5.0,0,0.15198972968233104,True
2022,22,GAS,6.0,0,0.15226043842886453,True
2022,22,GAS,7.0,0,0.15225409556345776,True
2022,22,GAS,8.0,0,0.1523641644432457,True
2022,22,GAS,9.0,0,0.1528739504686137,True
2022,22,GAS,10.0,0,0.15219952891364402,True
2022,22,GAS,11.0,0,0.1523408751746833,True
2022,22,GAS,12.0,0,0.15215396316760973,True
2022,22,GAS,13.0,0,0.1614440141787612,True
2022,22,GAS,14.0,0,0.1555999161071176,True
2022,22,GAS,15.0,0,0.1525441366530793,True
2022,22,GAS,16.0,0,0.153267598851025,True
2022,22,GAS,17.0,0,0.15339610940704396,True
2022,22,GAS,18.0,0,0.15311354619248665,True
2022,22,GAS,19.0,0,0.15287007193564156,True
2022,22,GAS,20.0,0,0.15332353499415094,True
2022,22,GAS,21.0,0,0.15322644658205287,True
2022,22,GAS,22.0,0,0.15288448990145564,True
2022,22,GAS,23.0,0,0.15288975948492006,True
2022,22,GAS,24.0,0,0.152592804250329,True
2022,22,GAS,25.0,0,0.1522080613238975,True
2022,22,GAS,26.0,0,0.15254969938751292,True
2022,22,GAS,27.0,0,0.15348437171108217,True
2022,22,GAS,28.0,0,0.15309794907646582,True
2022,22,GAS,29.0,0,0.15291870925116122,True
2022,22,GAS,30.0,0,0.15280817193948798,True
2022,22,GAS,31.0,0,0.15366807133065583,True
2022,22,GAS,32.0,0,0.1556812538790997,True
2022,22,GAS,33.0,0,0.16290249856496017,True
2022,22,GAS,34.0,0,0.15837579002682872,True
2022,22,GAS,35.0,1,0.2985438545911988,True
2022,22,GAS,36.0,1,0.3319047480645667,True
2022,22,GAS,37.0,1,0.3352950570533303,True
2022,22,GAS,38.0,0,0.17593726585933994,True
2022,22,GAS,39.0,0,0.16330078143343899,True
2022,22,GAS,40.0,0,0.15517198070397695,True
2022,22,GAS,41.0,0,0.1547765777926995,True
2022,22,GAS,42.0,0,0.15411545592098846,True
2022,22,GAS,43.0,0,0.15414577338920749,True
2022,22,GAS,44.0,0,0.15261361188775494,True
2022,22,GAS,45.0,0,0.15333051949397106,True
2022,22,GAS,46.0,0,0.1529623528123541,True
2022,22,GAS,47.0,0,0.15357787251742197,True
2022,22,GAS,48.0,0,0.15432287187654342,True
2022,22,GAS,49.0,0,0.15423270572006262,True
2022,22,GAS,50.0,0,0.1531221498451812,True
2022,22,GAS,51.0,0,0.15368678114514686,True
2022,22,GAS,52.0,0,0.15439453415907542,True
2022,22,GAS,53.0,0,0.15400623481286785,True
2022,22,GAS,54.0,0,0.15661112344534978,True
2022,22,HAM,1.0,0,0.15312212789520518,True
2022,22,HAM,2.0,0,0.15204350619418835,True
2022,22,HAM,3.0,0,0.1519979388001555,True
2022,22,HAM,4.0,0,0.15194150397345166,True
2022,22,HAM,5.0,0,0.15191660049887826,True
2022,22,HAM,6.0,0,0.15214940618351125,True
2022,22,HAM,7.0,0,0.15218275933430442,True
2022,22,HAM,8.0,0,0.15231000402923187,True
2022,22,HAM,9.0,0,0.15262802986001486,True
2022,22,HAM,10.0,0,0.1522112286514139,True
2022,22,HAM,11.0,0,0.15235402135891468,True
2022,22,HAM,12.0,0,0.152134385054885,True
2022,22,HAM,13.0,0,0.15876135816078496,True
2022,22,HAM,14.0,0,0.15491737202327494,True
2022,22,HAM,15.0,0,0.15242667419931571,True
2022,22,HAM,16.0,0,0.1528006243108064,True
2022,22,HAM,17.0,0,0.15319732084843962,True
2022,22,HAM,18.0,0,0.15302447743495218,True
2022,22,HAM,19.0,0,0.1527916636201425,True
2022,22,HAM,20.0,0,0.1533320943194099,True
2022,22,HAM,21.0,0,0.15324679304766836,True
2022,22,HAM,22.0,0,0.15286693702386048,True
2022,22,HAM,23.0,0,0.1528413238175777,True
2022,22,HAM,24.0,0,0.15249994291410363,True
2022,22,HAM,25.0,0,0.15214445506363278,True
2022,22,HAM,26.0,0,0.1524682810748225,True
2022,22,HAM,27.0,0,0.15305612761121176,True
2022,22,HAM,28.0,0,0.15304588303567196,True
2022,22,HAM,29.0,0,0.15285268237283112,True
2022,22,HAM,30.0,0,0.1525408319634493,True
2022,22,HAM,31.0,0,0.15347653325984495,True
2022,22,HAM,32.0,0,0.1552288241467566,True
2022,22,HAM,33.0,0,0.16191079255566346,True
2022,22,HAM,34.0,0,0.1581982507323445,True
2022,22,HAM,35.0,0,0.29100413726189445,True
2022,22,HAM,36.0,1,0.33013965352904423,True
2022,22,HAM,37.0,1,0.3331237489629445,True
2022,22,HAM,38.0,1,0.32186843535888515,True
2022,22,HAM,39.0,0,0.1544282604392302,True
2022,22,HAM,40.0,0,0.15540400223766498,True
2022,22,HAM,41.0,0,0.15489919345207095,True
2022,22,HAM,42.0,0,0.1539087143659382,True
2022,22,HAM,43.0,0,0.15409172724751521,True
2022,22,HAM,44.0,0,0.15265835188288945,True
2022,22,HAM,45.0,0,0.1533640284858942,True
2022,22,HAM,46.0,0,0.15302684522406865,True
2022,22,HAM,47.0,0,0.15364948096147266,True
2022,22,HAM,48.0,0,0.15442398241076521,True
2022,22,HAM,49.0,0,0.15402314866381067,True
2022,22,HAM,50.0,0,0.15310942102979902,True
2022,22,HAM,51.0,0,0.15367702807623104,True
2022,22,HAM,52.0,0,0.15402992177129282,True
2022,22,LAT,1.0,0,0.15309813672627007,True
2022,22,LAT,2.0,0,0.1521543874061384,True
2022,22,LAT,3.0,0,0.15215120085916395,True
2022,22,LAT,4.0,0,0.15194150397345166,True
2022,22,LAT,5.0,0,0.1519431948495107,True
2022,22,LAT,6.0,0,0.15214676671700295,True
2022,22,LAT,7.0,0,0.15217999343743563,True
2022,22,LAT,8.0,0,0.1523047196329991,True
2022,22,LAT,9.0,0,0.15268730898015495,True
2022,22,LAT,10.0,0,0.15219755748738742,True
2022,22,LAT,11.0,0,0.15228781440302613,True
2022,22,LAT,12.0,0,0.15210838548964353,True
2022,22,LAT,13.0,0,0.15910538351654335,True
2022,22,LAT,14.0,0,0.15476048032873477,True
2022,22,LAT,15.0,0,0.15247837920226365,True
2022,22,LAT,16.0,0,0.1530972112351206,True
2022,22,LAT,17.0,0,0.15363199709592293,True
2022,22,LAT,18.0,0,0.15317406981098725,True
2022,22,LAT,19.0,0,0.15289572762160408,True
2022,22,LAT,20.0,0,0.15332353499415094,True
2022,22,LAT,21.0,0,0.15328338037271277,True
2022,22,LAT,22.0,0,0.1528967083945773,True
2022,22,LAT,23.0,0,0.15289429345135513,True
2022,22,LAT,24.0,0,0.15259893853237957,True
2022,22,LAT,25.0,0,0.15220379469204032,True
2022,22,LAT,26.0,0,0.1525476638683045,True
2022,22,LAT,27.0,0,0.15325812995344362,True
2022,22,LAT,28.0,0,0.15318350313148152,True
2022,22,LAT,29.0,0,0.15291296901684398,True
2022,22,LAT,30.0,0,0.15280817193948798,True
2022,22,LAT,31.0,0,0.15395842830702075,True
2022,22,LAT,32.0,0,0.15615899202905262,True
2022,22,LAT,33.0,0,0.16415195931627863,True
2022,22,LAT,34.0,0,0.15956281271987519,True
2022,22,LAT,35.0,1,0.29997047389962994,True
2022,22,LAT,36.0,1,0.33295583474296997,True
2022,22,LAT,37.0,1,0.334789123216584,True
2022,22,LAT,38.0,0,0.17787262623156103,True
2022,22,LAT,39.0,0,0.1602004321915372,True
2022,22,LAT,40.0,0,0.15438401990089248,True
2022,22,LAT,41.0,0,0.15384616252885291,True
2022,22,LAT,42.0,0,0.15366889225371874,True
2022,22,LAT,43.0,0,0.15359802697576855,True
2022,22,LAT,44.0,0,0.1525438318664646,True
2022,22,LAT,45.0,0,0.1530701223748984,True
2022,22,LAT,46.0,0,0.1529189274897359,True
2022,22,LAT,47.0,0,0.15346933711017502,True
2022,22,LAT,48.0,0,0.15430722786820933,True
2022,22,LAT,49.0,0,0.15425837748989624,True
2022,22,LAT,50.0,0,0.1531373415547103,True
2022,22,LAT,51.0,0,0.1538420160005555,True
2022,22,LAT,52.0,0,0.15432688827958327,True
2022,22,LEC,1.0,0,0.1531689607606323,True
2022,22,LEC,2.0,0,0.15204350619418835,True
2022,22,LEC,3.0,0,0.1519979388001555,True
2022,22,LEC,4.0,0,0.15187875634771342,True
2022,22,LEC,5.0,0,0.15190417810802712,True
2022,22,LEC,6.0,0,0.15214940618351125,True
2022,22,LEC,7.0,0,0.15220355817722347,True
2022,22,LEC,8.0,0,0.15236669982064763,True
2022,22,LEC,9.0,0,0.15270130586969607,True
2022,22,LEC,10.0,0,0.15221592326069172,True
2022,22,LEC,11.0,0,0.15235917017707382,True
2022,22,LEC,12.0,0,0.1521411993003337,True
2022,22,LEC,13.0,0,0.15882412462293072,True
2022,22,LEC,14.0,0,0.15492307313658715,True
2022,22,LEC,15.0,0,0.15242667419931571,True
2022,22,LEC,16.0,0,0.15279523941250633,True
2022,22,LEC,17.0,0,0.15329447807979907,True
2022,22,LEC,18.0,0,0.1531535871871877,True
2022,22,LEC,19.0,0,0.15320830923508683,True
2022,22,LEC,20.0,0,0.1530290868485084,True
2022,22,LEC,21.0,0,0.15280344644762078,True
2022,22,LEC,22.0,0,0.152782047978774,True
2022,22,LEC,23.0,0,0.1528809521640408,True
2022,22,LEC,24.0,0,0.15253639358380205,True
2022,22,LEC,25.0,0,0.15216635839038217,True
2022,22,LEC,26.0,0,0.15248079024724007,True
2022,22,LEC,27.0,0,0.15305513879139604,True
2022,22,LEC,28.0,0,0.15304664679639038,True
2022,22,LEC,29.0,0,0.15285480544924862,True
2022,22,LEC,30.0,0,0.15253399610398927,True
2022,22,LEC,31.0,0,0.15347941671114704,True
2022,22,LEC,32.0,0,0.15557145171342038,True
2022,22,LEC,33.0,0,0.16278798097612457,True
2022,22,LEC,34.0,0,0.15871331060031896,True
2022,22,LEC,35.0,0,0.290535211552807,True
2022,22,LEC,36.0,1,0.32757211093109384,True
2022,22,LEC,37.0,1,0.3331237489629445,True
2022,22,LEC,38.0,1,0.3216588075283955,True
2022,22,LEC,39.0,0,0.1546920344680665,True
2022,22,LEC,40.0,0,0.15537068095869921,True
2022,22,LEC,41.0,0,0.1548643360954264,True
2022,22,LEC,42.0,0,0.15429785121679718,True
2022,22,LEC,43.0,0,0.15422550396107426,True
2022,22,LEC,44.0,0,0.1526134770978244,True
2022,22,LEC,45.0,0,0.1532204774296303,True
2022,22,LEC,46.0,0,0.15287039140347716,True
2022,22,LEC,47.0,0,0.15354357011643135,True
2022,22,LEC,48.0,0,0.15422912310560277,True
2022,22,LEC,49.0,0,0.1540934717240302,True
2022,22,LEC,50.0,0,0.15311091594726506,True
2022,22,LEC,51.0,0,0.1535414658204733,True
2022,22,LEC,52.0,0,0.15388194770818928,True
2022,22,LEC,53.0,0,0.1535645212156794,True
2022,22,LEC,54.0,0,0.15550442692747235,True
2022,22,LEC,55.0,0,0.1571917873220765,True
2022,22,MAG,1.0,0,0.15309845739127853,True
2022,22,MAG,2.0,0,0.15234444938205055,True
2022,22,MAG,3.0,0,0.15197212415850472,True
2022,22,MAG,4.0,0,0.15184702267027556,True
2022,22,MAG,5.0,0,0.15176513297870448,True
2022,22,MAG,6.0,0,0.15207653142705171,True
2022,22,MAG,7.0,0,0.15195914555822537,True
2022,22,MAG,8.0,0,0.15217687563912172,True
2022,22,MAG,9.0,0,0.15236631652122695,True
2022,22,MAG,10.0,0,0.15199434214201385,True
2022,22,MAG,11.0,0,0.15205695533779068,True
2022,22,MAG,12.0,0,0.15186244358294285,True
2022,22,MAG,13.0,0,0.15966410038288484,True
2022,22,MAG,14.0,0,0.15532987518625746,True
2022,22,MAG,15.0,0,0.1525134044475553,True
2022,22,MAG,16.0,0,0.15317625387721606,True
2022,22,MAG,17.0,0,0.1536481796458387,True
2022,22,MAG,18.0,0,0.15338156258269167,True
2022,22,MAG,19.0,0,0.1528859048516636,True
2022,22,MAG,20.0,0,0.1533480390993108,True
2022,22,MAG,21.0,0,0.15326343528881747,True
2022,22,MAG,22.0,0,0.1528553050573106,True
2022,22,MAG,23.0,0,0.1529197369447798,True
2022,22,MAG,24.0,0,0.1526164341747092,True
2022,22,MAG,25.0,0,0.15221928878653823,True
2022,22,MAG,26.0,0,0.1526364003130354,True
2022,22,MAG,27.0,0,0.15330040276651558,True
2022,22,MAG,28.0,0,0.15324736984322146,True
2022,22,MAG,29.0,0,0.1528832296935386,True
2022,22,MAG,30.0,0,0.15264342052347174,True
2022,22,MAG,31.0,0,0.15375462340651896,True
2022,22,MAG,32.0,0,0.15606441653482306,True
2022,22,MAG,33.0,0,0.16386854649209137,True
2022,22,MAG,34.0,0,0.15818055048007262,True
2022,22,MAG,35.0,1,0.2972463382548734,True
2022,22,MAG,36.0,1,0.32434554483825184,True
2022,22,MAG,37.0,1,0.3320194810956275,True
2022,22,MAG,38.0,0,0.16884138874003174,True
2022,22,MAG,39.0,0,0.1583153935553033,True
2022,22,MAG,40.0,0,0.15408012600174759,True
2022,22,MAG,41.0,0,0.15380508703256787,True
2022,22,MAG,42.0,0,0.15350479615373674,True
2022,22,MAG,43.0,0,0.15351760401566045,True
2022,22,MAG,44.0,0,0.15253152283487662,True
2022,22,MAG,45.0,0,0.1530162698941081,True
2022,22,MAG,46.0,0,0.15289044015599818,True
2022,22,MAG,47.0,0,0.15347202445971223,True
2022,22,MAG,48.0,0,0.15403983613160532,True
2022,22,MAG,49.0,0,0.1542606391871705,True
2022,22,MAG,50.0,0,0.15306230897022693,True
2022,22,MAG,51.0,0,0.15360963874110845,True
2022,22,MAG,52.0,0,0.15447087256405181,True
2022,22,MAG,53.0,0,0.15413921042626388,True
2022,22,MAG,54.0,0,0.15653416313261728,True
2022,22,MSC,1.0,0,0.15312159805072115,True
2022,22,MSC,2.0,0,0.15213612268049442,True
2022,22,MSC,3.0,0,0.15211928497606322,True
2022,22,MSC,4.0,0,0.1519996863526536,True
2022,22,MSC,5.0,0,0.15197789140612594,True
2022,22,MSC,6.0,0,0.15214676671700295,True
2022,22,MSC,7.0,0,0.1521860449824803,True
2022,22,MSC,8.0,0,0.15231000402923187,True
2022,22,MSC,9.0,0,0.1526340107950496,True
2022,22,MSC,10.0,0,0.15217416465181638,True
2022,22,MSC,11.0,0,0.15229636242943587,True
2022,22,MSC,12.0,0,0.15211935338615618,True
2022,22,MSC,13.0,0,0.1591611889326195,True
2022,22,MSC,14.0,0,0.15476048032873477,True
2022,22,MSC,15.0,0,0.1525441366530793,True
2022,22,MSC,16.0,0,0.153267598851025,True
2022,22,MSC,17.0,0,0.15338713160359335,True
2022,22,MSC,18.0,0,0.1531718914522588,True
2022,22,MSC,19.0,0,0.15284179244858653,True
2022,22,MSC,20.0,0,0.1532531253058294,True
2022,22,MSC,21.0,0,0.1532830151992714,True
2022,22,MSC,22.0,0,0.1528953518861486,True
2022,22,MSC,23.0,0,0.15290128719267618,True
2022,22,MSC,24.0,0,0.15259893853237957,True
2022,22,MSC,25.0,0,0.15220646953708133,True
2022,22,MSC,26.0,0,0.15253503801829896,True
2022,22,MSC,27.0,0,0.1532684791158366,True
2022,22,MSC,28.0,0,0.15313218187524597,True
2022,22,MSC,29.0,0,0.15299680985985145,True
2022,22,MSC,30.0,0,0.15266075639213617,True
2022,22,MSC,31.0,0,0.1536692136415403,True
2022,22,MSC,32.0,0,0.15615899202905262,True
2022,22,MSC,33.0,0,0.16415195931627863,True
2022,22,MSC,34.0,0,0.1590772047873405,True
2022,22,MSC,35.0,1,0.3020254449819565,True
2022,22,MSC,36.0,1,0.3295940801118863,True
2022,22,MSC,37.0,1,0.33345202411932184,True
2022,22,MSC,38.0,0,0.16912020995854649,True
2022,22,MSC,39.0,0,0.15867806262991865,True
2022,22,MSC,40.0,0,0.15390818504624343,True
2022,22,MSC,41.0,0,0.1538282705350121,True
2022,22,MSC,42.0,0,0.15364485878828651,True
2022,22,MSC,43.0,0,0.1536135971701549,True
2022,22,MSC,44.0,0,0.1525645788036944,True
2022,22,MSC,45.0,0,0.15307973267348857,True
2022,22,MSC,46.0,0,0.1528721204602324,True
2022,22,MSC,47.0,0,0.1533990784859557,True
2022,22,MSC,48.0,0,0.15424683214912407,True
2022,22,MSC,49.0,0,0.15413960171462135,True
2022,22,MSC,50.0,0,0.15306567692160095,True
2022,22,MSC,51.0,0,0.15383961551914777,True
2022,22,MSC,52.0,0,0.15454520892188833,True
2022,22,MSC,53.0,0,0.15416918296077448,True
2022,22,MSC,54.0,0,0.15654741698209088,True
2022,22,NOR,1.0,0,0.15285291440993018,True
2022,22,NOR,2.0,0,0.1520446460228379,True
2022,22,NOR,3.0,0,0.15197175966109736,True
2022,22,NOR,4.0,0,0.15187875634771342,True
2022,22,NOR,5.0,0,0.15197771593377413,True
2022,22,NOR,6.0,0,0.15215474637271045,True
2022,22,NOR,7.0,0,0.15217947967233086,True
2022,22,NOR,8.0,0,0.15236025958887017,True
2022,22,NOR,9.0,0,0.15261063736211802,True
2022,22,NOR,10.0,0,0.15221115966650064,True
2022,22,NOR,11.0,0,0.15228509512092062,True
2022,22,NOR,12.0,0,0.15210518154097583,True
2022,22,NOR,13.0,0,0.15903704108013392,True
2022,22,NOR,14.0,0,0.15473757981056538,True
2022,22,NOR,15.0,0,0.15247169692237245,True
2022,22,NOR,16.0,0,0.1530972112351206,True
2022,22,NOR,17.0,0,0.15355100938089125,True
2022,22,NOR,18.0,0,0.15315716835971752,True
2022,22,NOR,19.0,0,0.1528684613825407,True
2022,22,NOR,20.0,0,0.15327888745394885,True
2022,22,NOR,21.0,0,0.15321490273273153,True
2022,22,NOR,22.0,0,0.15283928926306306,True
2022,22,NOR,23.0,0,0.15280507496439286,True
2022,22,NOR,24.0,0,0.15250078422474367,True
2022,22,NOR,25.0,0,0.15214482844248894,True
2022,22,NOR,26.0,0,0.15252998755143943,True
2022,22,NOR,27.0,0,0.15328203647255037,True
2022,22,NOR,28.0,0,0.1531510337790638,True
2022,22,NOR,29.0,0,0.1529137071428528,True
2022,22,NOR,30.0,0,0.1526701847128261,True
2022,22,NOR,31.0,0,0.1536960984898309,True
2022,22,NOR,32.0,0,0.1557343324196942,True
2022,22,NOR,33.0,0,0.16294002659056456,True
2022,22,NOR,34.0,0,0.1584242336307768,True
2022,22,NOR,35.0,1,0.29856389460222116,True
2022,22,NOR,36.0,1,0.3321792503069557,True
2022,22,NOR,37.0,1,0.33491392460185665,True
2022,22,NOR,38.0,0,0.18095903645746875,True
2022,22,NOR,39.0,0,0.16333663314154007,True
2022,22,NOR,40.0,0,0.1552190862013599,True
2022,22,NOR,41.0,0,0.1547999291777597,True
2022,22,NOR,42.0,0,0.15415130829170579,True
2022,22,NOR,43.0,0,0.15380895876513093,True
2022,22,NOR,44.0,0,0.15251983824529283,True
2022,22,NOR,45.0,0,0.15301025195198267,True
2022,22,NOR,46.0,0,0.15276386253714672,True
2022,22,NOR,47.0,0,0.15348656304311506,True
2022,22,NOR,48.0,0,0.15426958869727062,True
2022,22,NOR,49.0,0,0.1541701229259416,True
2022,22,NOR,50.0,0,0.15318783801872643,True
2022,22,NOR,51.0,0,0.15376322084615104,True
2022,22,NOR,52.0,0,0.15422231423477456,True
2022,22,NOR,53.0,0,0.1540075024181467,True
2022,22,NOR,54.0,0,0.1564051044066152,True
2022,22,NOR,55.0,0,0.1559918670313748,True
2022,22,OCO,1.0,0,0.15278396792073606,True
2022,22,OCO,2.0,0,0.1521348669038129,True
2022,22,OCO,3.0,0,0.15204037375851231,True
2022,22,OCO,4.0,0,0.1518795220919681,True
2022,22,OCO,5.0,0,0.1519553740632032,True
2022,22,OCO,6.0,0,0.1521550610492302,True
2022,22,OCO,7.0,0,0.15217859652798266,True
2022,22,OCO,8.0,0,0.15230459533572122,True
2022,22,OCO,9.0,0,0.15262452373195085,True
2022,22,OCO,10.0,0,0.15216992588075728,True
2022,22,OCO,11.0,0,0.15228509512092062,True
2022,22,OCO,12.0,0,0.15211229469178159,True
2022,22,OCO,13.0,0,0.15901411165826138,True
2022,22,OCO,14.0,0,0.15471921255412088,True
2022,22,OCO,15.0,0,0.1525441366530793,True
2022,22,OCO,16.0,0,0.153267598851025,True
2022,22,OCO,17.0,0,0.15338713160359335,True
2022,22,OCO,18.0,0,0.1531718914522588,True
2022,22,OCO,19.0,0,0.15286220767419945,True
2022,22,OCO,20.0,0,0.1532531253058294,True
2022,22,OCO,21.0,0,0.15321490273273153,True
2022,22,OCO,22.0,0,0.15286532384505755,True
2022,22,OCO,23.0,0,0.15280526299046746,True
2022,22,OCO,24.0,0,0.15255764071018316,True
2022,22,OCO,25.0,0,0.1521820747107951,True
2022,22,OCO,26.0,0,0.15252981684702455,True
2022,22,OCO,27.0,0,0.15328439124110793,True
2022,22,OCO,28.0,0,0.1531536421872091,True
2022,22,OCO,29.0,0,0.15286138693870566,True
2022,22,OCO,30.0,0,0.1526727100238991,True
2022,22,OCO,31.0,0,0.1536960984898309,True
2022,22,OCO,32.0,0,0.1557261023188397,True
2022,22,OCO,33.0,0,0.16294002659056456,True
2022,22,OCO,34.0,0,0.1584933386045481,True
2022,22,OCO,35.0,1,0.29932274257068275,True
2022,22,OCO,36.0,1,0.332124601628604,True
2022,22,OCO,37.0,1,0.33491392460185665,True
2022,22,OCO,38.0,0,0.17620068516869505,True
2022,22,OCO,39.0,0,0.16309422691921102,True
2022,22,OCO,40.0,0,0.15525213200976543,True
2022,22,OCO,41.0,0,0.15477339529145695,True
2022,22,OCO,42.0,0,0.15423030844741392,True
2022,22,OCO,43.0,0,0.1544983767493509,True
2022,22,OCO,44.0,0,0.15271605180989095,True
2022,22,OCO,45.0,0,0.1535700904191867,True
2022,22,OCO,46.0,0,0.15321960104178242,True
2022,22,OCO,47.0,0,0.15420761054488868,True
2022,22,OCO,48.0,0,0.15486802886539344,True
2022,22,OCO,49.0,0,0.15436445008647026,True
2022,22,OCO,50.0,0,0.15330263179400147,True
2022,22,OCO,51.0,0,0.15367581142854644,True
2022,22,OCO,52.0,0,0.15412266304894096,True
2022,22,OCO,53.0,0,0.15371188415644632,True
2022,22,OCO,54.0,0,0.15634945203527853,True
2022,22,OCO,55.0,0,0.1576091176311411,True
2022,22,PER,1.0,0,0.15451385581456215,True
2022,22,PER,2.0,0,0.1520917155428584,True
2022,22,PER,3.0,0,0.1519979388001555,True
2022,22,PER,4.0,0,0.1519019281153168,True
2022,22,PER,5.0,0,0.15192208978589114,True
2022,22,PER,6.0,0,0.15213345928469205,True
2022,22,PER,7.0,0,0.15220355817722347,True
2022,22,PER,8.0,0,0.15236669982064763,True
2022,22,PER,9.0,0,0.15270130586969607,True
2022,22,PER,10.0,0,0.15221592326069172,True
2022,22,PER,11.0,0,0.15235917017707382,True
2022,22,PER,12.0,0,0.152134385054885,True
2022,22,PER,13.0,0,0.15876135816078496,True
2022,22,PER,14.0,0,0.15466008726872854,True
2022,22,PER,15.0,0,0.15247834323962312,True
2022,22,PER,16.0,0,0.1530972112351206,True
2022,22,PER,17.0,0,0.15355100938089125,True
2022,22,PER,18.0,0,0.1531607038311291,True
2022,22,PER,19.0,0,0.15286323679705066,True
2022,22,PER,20.0,0,0.15327888745394885,True
2022,22,PER,21.0,0,0.15321490273273153,True
2022,22,PER,22.0,0,0.15289043266395638,True
2022,22,PER,23.0,0,0.15280507496439286,True
2022,22,PER,24.0,0,0.15250078422474367,True
2022,22,PER,25.0,0,0.15214482844248894,True
2022,22,PER,26.0,0,0.1524682610559921,True
2022,22,PER,27.0,0,0.15317597859780724,True
2022,22,PER,28.0,0,0.1530037093636038,True
2022,22,PER,29.0,0,0.1527948745748744,True
2022,22,PER,30.0,0,0.15249553048510994,True
2022,22,PER,31.0,0,0.1534009995129097,True
2022,22,PER,32.0,0,0.1555433256653079,True
2022,22,PER,33.0,0,0.16415195931627863,True
2022,22,PER,34.0,0,0.15836118835546004,True
2022,22,PER,35.0,1,0.29544086932617086,True
2022,22,PER,36.0,1,0.3280862561151396,True
2022,22,PER,37.0,1,0.33312562855277045,True
2022,22,PER,38.0,0,0.1782343674040316,True
2022,22,PER,39.0,0,0.16137201797688136,True
2022,22,PER,40.0,0,0.15548690775689153,True
2022,22,PER,41.0,0,0.1548831184454031,True
2022,22,PER,42.0,0,0.15440891532408418,True
2022,22,PER,43.0,0,0.15433200413269874,True
2022,22,PER,44.0,0,0.15265242004515128,True
2022,22,PER,45.0,0,0.15349236375679146,True
2022,22,PER,46.0,0,0.15309590870651357,True
2022,22,PER,47.0,0,0.1541530008898273,True
2022,22,PER,48.0,0,0.15473520110903832,True
2022,22,PER,49.0,0,0.15419143076910669,True
2022,22,PER,50.0,0,0.1532096969825027,True
2022,22,PER,51.0,0,0.15343261718870876,True
2022,22,PER,52.0,0,0.1538956645230199,True
2022,22,PER,53.0,0,0.15343790658619066,True
2022,22,PER,54.0,0,0.15604401321676764,True
2022,22,PER,55.0,0,0.15826732637770805,True
2022,22,RIC,1.0,0,0.15312159805072115,True
2022,22,RIC,2.0,0,0.15213485138747537,True
2022,22,RIC,3.0,0,0.1521207827945321,True
2022,22,RIC,4.0,0,0.15199274563923965,True
2022,22,RIC,5.0,0,0.1519837107605443,True
2022,22,RIC,6.0,0,0.15215123218101861,True
2022,22,RIC,7.0,0,0.1521860449824803,True
2022,22,RIC,8.0,0,0.15231028939443164,True
2022,22,RIC,9.0,0,0.15262762562963755,True
2022,22,RIC,10.0,0,0.15217047373800954,True
2022,22,RIC,11.0,0,0.15229435287464263,True
2022,22,RIC,12.0,0,0.15211935338615618,True
2022,22,RIC,13.0,0,0.15915808512000623,True
2022,22,RIC,14.0,0,0.15478502421200713,True
2022,22,RIC,15.0,0,0.15243944952445523,True
2022,22,RIC,16.0,0,0.1527114490894364,True
2022,22,RIC,17.0,0,0.15311675258479593,True
2022,22,RIC,18.0,0,0.15301219030098182,True
2022,22,RIC,19.0,0,0.15295978804930438,True
2022,22,RIC,20.0,0,0.15318476040978662,True
2022,22,RIC,21.0,0,0.15328597915241834,True
2022,22,RIC,22.0,0,0.15285778800778307,True
2022,22,RIC,23.0,0,0.1528485563634316,True
2022,22,RIC,24.0,0,0.15259878986288603,True
2022,22,RIC,25.0,0,0.1522038378112168,True
2022,22,RIC,26.0,0,0.15253675594560787,True
2022,22,RIC,27.0,0,0.15325149622973347,True
2022,22,RIC,28.0,0,0.1531800644978178,True
2022,22,RIC,29.0,0,0.15296986966215512,True
2022,22,RIC,30.0,0,0.15259832995898265,True
2022,22,RIC,31.0,0,0.15365807210821392,True
2022,22,RIC,32.0,0,0.15564839981324394,True
2022,22,RIC,33.0,0,0.16274170832554444,True
2022,22,RIC,34.0,0,0.1583432366699376,True
2022,22,RIC,35.0,1,0.29994951811278037,True
2022,22,RIC,36.0,1,0.3317449181850006,True
2022,22,RIC,37.0,1,0.3349587479063554,True
2022,22,RIC,38.0,0,0.17928306339477817,True
2022,22,RIC,39.0,0,0.16437497078323768,True
2022,22,RIC,40.0,0,0.15558139820636976,True
2022,22,RIC,41.0,0,0.15540365088783975,True
2022,22,RIC,42.0,0,0.15449859664319693,True
2022,22,RIC,43.0,0,0.15413669629619325,True
2022,22,RIC,44.0,0,0.15265639196876754,True
2022,22,RIC,45.0,0,0.15339609421198425,True
2022,22,RIC,46.0,0,0.1530420041166786,True
2022,22,RIC,47.0,0,0.15366308787798316,True
2022,22,RIC,48.0,0,0.15441448388022866,True
2022,22,RIC,49.0,0,0.15420844690181645,True
2022,22,RIC,50.0,0,0.15317033916201886,True
2022,22,RIC,51.0,0,0.15374341867996072,True
2022,22,RIC,52.0,0,0.15437468665840487,True
2022,22,RIC,53.0,0,0.1539950306841146,True
2022,22,RIC,54.0,0,0.15671493272341225,True
2022,22,RIC,55.0,0,0.15707775210616343,True
2022,22,RUS,1.0,0,0.1528540927468785,True
2022,22,RUS,2.0,0,0.1520446460228379,True
2022,22,RUS,3.0,0,0.15197175966109736,True
2022,22,RUS,4.0,0,0.15187875634771342,True
2022,22,RUS,5.0,0,0.15187619207587524,True
2022,22,RUS,6.0,0,0.15214940618351125,True
2022,22,RUS,7.0,0,0.15218275933430442,True
2022,22,RUS,8.0,0,0.15235983304109108,True
2022,22,RUS,9.0,0,0.15270130586969607,True
2022,22,RUS,10.0,0,0.15221115966650064,True
2022,22,RUS,11.0,0,0.15235402135891468,True
2022,22,RUS,12.0,0,0.152134385054885,True
2022,22,RUS,13.0,0,0.15876135816078496,True
2022,22,RUS,14.0,0,0.15466008726872854,True
2022,22,RUS,15.0,0,0.15247834323962312,True
2022,22,RUS,16.0,0,0.1530972112351206,True
2022,22,RUS,17.0,0,0.1535388233838288,True
2022,22,RUS,18.0,0,0.15315716835971752,True
2022,22,RUS,19.0,0,0.1528684613825407,True
2022,22,RUS,20.0,0,0.15327042823933695,True
2022,22,RUS,21.0,0,0.15321490273273153,True
2022,22,RUS,22.0,0,0.15283928926306306,True
2022,22,RUS,23.0,0,0.15280507496439286,True
2022,22,RUS,24.0,0,0.15250078422474367,True
2022,22,RUS,25.0,0,0.15214482844248894,True
2022,22,RUS,26.0,0,0.1524682610559921,True
2022,22,RUS,27.0,0,0.15307128064224879,True
2022,22,RUS,28.0,0,0.1530037093636038,True
2022,22,RUS,29.0,0,0.1527948745748744,True
2022,22,RUS,30.0,0,0.15249553048510994,True
2022,22,RUS,31.0,0,0.15347861867954443,True
2022,22,RUS,32.0,0,0.1555433256653079,True
2022,22,RUS,33.0,0,0.16253336687401726,True
2022,22,RUS,34.0,0,0.158157033360295,True
2022,22,RUS,35.0,0,0.2954629590316584,True
2022,22,RUS,36.0,1,0.33066077278138456,True
2022,22,RUS,37.0,1,0.3330271087501364,True
2022,22,RUS,38.0,1,0.32206649957998046,True
2022,22,RUS,39.0,0,0.1542644273900144,True
2022,22,RUS,40.0,0,0.1542608192851378,True
2022,22,RUS,41.0,0,0.15396897753867012,True
2022,22,RUS,42.0,0,0.15358053905478047,True
2022,22,RUS,43.0,0,0.15350109750983015,True
2022,22,RUS,44.0,0,0.1524541075786316,True
2022,22,RUS,45.0,0,0.15295837419667735,True
2022,22,RUS,46.0,0,0.1527797502365582,True
2022,22,RUS,47.0,0,0.15348297703307462,True
2022,22,RUS,48.0,0,0.15430553187711535,True
2022,22,RUS,49.0,0,0.154219663890604,True
2022,22,RUS,50.0,0,0.15318704722958734,True
2022,22,RUS,51.0,0,0.15375832464524103,True
2022,22,RUS,52.0,0,0.15419061687388153,True
2022,22,RUS,53.0,0,0.15391247236109123,True
2022,22,RUS,54.0,0,0.1557223266125194,True
2022,22,RUS,55.0,0,0.1557538515613341,True
2022,22,SAI,1.0,0,0.1528795845369582,True
2022,22,SAI,2.0,0,0.1520689881222747,True
2022,22,SAI,3.0,0,0.15197051408113735,True
2022,22,SAI,4.0,0,0.15187875634771342,True
2022,22,SAI,5.0,0,0.1519831233473513,True
2022,22,SAI,6.0,0,0.15214940618351125,True
2022,22,SAI,7.0,0,0.15220355817722347,True
2022,22,SAI,8.0,0,0.15236669982064763,True
2022,22,SAI,9.0,0,0.15270130586969607,True
2022,22,SAI,10.0,0,0.15221592326069172,True
2022,22,SAI,11.0,0,0.15235917017707382,True
2022,22,SAI,12.0,0,0.152134385054885,True
2022,22,SAI,13.0,0,0.15882412462293072,True
2022,22,SAI,14.0,0,0.15491737202327494,True
2022,22,SAI,15.0,0,0.15242667419931571,True
2022,22,SAI,16.0,0,0.15279523941250633,True
2022,22,SAI,17.0,0,0.15313186226371495,True
2022,22,SAI,18.0,0,0.15306012355354798,True
2022,22,SAI,19.0,0,0.15289246866593836,True
2022,22,SAI,20.0,0,0.1532956868147308,True
2022,22,SAI,21.0,0,0.15324679304766836,True
2022,22,SAI,22.0,0,0.1528478047675799,True
2022,22,SAI,23.0,0,0.1527870146487619,True
2022,22,SAI,24.0,0,0.15250005661764296,True
2022,22,SAI,25.0,0,0.15214476350784717,True
2022,22,SAI,26.0,0,0.15246842739905414,True
2022,22,SAI,27.0,0,0.15317721941319706,True
2022,22,SAI,28.0,0,0.15300724679375372,True
2022,22,SAI,29.0,0,0.1528523706630163,True
2022,22,SAI,30.0,0,0.1525408319634493,True
2022,22,SAI,31.0,0,0.15358360017152872,True
2022,22,SAI,32.0,0,0.15525287603547194,True
2022,22,SAI,33.0,0,0.16253336687401726,True
2022,22,SAI,34.0,0,0.15871321546053804,True
2022,22,SAI,35.0,0,0.29100413726189445,True
2022,22,SAI,36.0,1,0.33013965352904423,True
2022,22,SAI,37.0,1,0.33436764532664176,True
2022,22,SAI,38.0,1,0.32229283935469605,True
2022,22,SAI,39.0,0,0.1545752735406563,True
2022,22,SAI,40.0,0,0.15510267650022067,True
2022,22,SAI,41.0,0,0.1551277374567292,True
2022,22,SAI,42.0,0,0.15460344206968318,True
2022,22,SAI,43.0,0,0.15447743258611488,True
2022,22,SAI,44.0,0,0.15271605180989095,True
2022,22,SAI,45.0,0,0.15342785959161018,True
2022,22,SAI,46.0,0,0.1531188889758687,True
2022,22,SAI,47.0,0,0.15421286050331656,True
2022,22,SAI,48.0,0,0.15493590581438238,True
2022,22,SAI,49.0,0,0.15440742091790602,True
2022,22,SAI,50.0,0,0.15332296111404795,True
2022,22,SAI,51.0,0,0.1536815642457729,True
2022,22,SAI,52.0,0,0.15412479892329758,True
2022,22,SAI,53.0,0,0.153576814368325,True
2022,22,SAI,54.0,0,0.15581702590018415,True
2022,22,SAI,55.0,0,0.15726897778120177,True
2022,22,STR,1.0,0,0.15312159805072115,True
2022,22,STR,2.0,0,0.15213485138747537,True
2022,22,STR,3.0,0,0.1521207827945321,True
2022,22,STR,4.0,0,0.1519930503587119,True
2022,22,STR,5.0,0,0.1519834829216357,True
2022,22,STR,6.0,0,0.1521584428014003,True
2022,22,STR,7.0,0,0.15218631123310286,True
2022,22,STR,8.0,0,0.15231072704982931,True
2022,22,STR,9.0,0,0.15263369533074578,True
2022,22,STR,10.0,0,0.15217416465181638,True
2022,22,STR,11.0,0,0.15229657231796306,True
2022,22,STR,12.0,0,0.15211935338615618,True
2022,22,STR,13.0,0,0.1591265059854489,True
2022,22,STR,14.0,0,0.1557995746556275,True
2022,22,STR,15.0,0,0.1525556591395662,True
2022,22,STR,16.0,0,0.15323159158002464,True
2022,22,STR,17.0,0,0.15338986790020598,True
2022,22,STR,18.0,0,0.15310862324059282,True
2022,22,STR,19.0,0,0.15288698027590308,True
2022,22,STR,20.0,0,0.1533165166791145,True
2022,22,STR,21.0,0,0.15319641073638107,True
2022,22,STR,22.0,0,0.1526894693723599,True
2022,22,STR,23.0,0,0.1528020367544009,True
2022,22,STR,24.0,0,0.15245082867242998,True
2022,22,STR,25.0,0,0.15212352901848503,True
2022,22,STR,26.0,0,0.15248334433615027,True
2022,22,STR,27.0,0,0.15328951602810564,True
2022,22,STR,28.0,0,0.1531617901801084,True
2022,22,STR,29.0,0,0.1530095823274092,True
2022,22,STR,30.0,0,0.15267160081434705,True
2022,22,STR,31.0,0,0.1536960984898309,True
2022,22,STR,32.0,0,0.15570656960684257,True
2022,22,STR,33.0,0,0.16253882079579435,True
2022,22,STR,34.0,0,0.15844971265629196,True
2022,22,STR,35.0,1,0.29912395673349723,True
2022,22,STR,36.0,1,0.32876114831075587,True
2022,22,STR,37.0,1,0.3354307141857878,True
2022,22,STR,38.0,0,0.17629510363148956,True
2022,22,STR,39.0,0,0.16075415335950796,True
2022,22,STR,40.0,0,0.15507659807236862,True
2022,22,STR,41.0,0,0.15399936925246585,True
2022,22,STR,42.0,0,0.1535468326132246,True
2022,22,STR,43.0,0,0.1536262221998989,True
2022,22,STR,44.0,0,0.15251896304898646,True
2022,22,STR,45.0,0,0.1529423779626469,True
2022,22,STR,46.0,0,0.1527754482322064,True
2022,22,STR,47.0,0,0.1534192214956875,True
2022,22,STR,48.0,0,0.15430330155155036,True
2022,22,STR,49.0,0,0.15418710038030398,True
2022,22,STR,50.0,0,0.15313053560515005,True
2022,22,STR,51.0,0,0.1537586470296109,True
2022,22,STR,52.0,0,0.1541768090660961,True
2022,22,STR,53.0,0,0.1539028820835162,True
2022,22,STR,54.0,0,0.1557169786801979,True
2022,22,STR,55.0,0,0.15579051806594166,True
2022,22,TSU,1.0,0,0.15311889628978625,True
2022,22,TSU,2.0,0,0.15213010893405557,True
2022,22,TSU,3.0,0,0.15211601402157468,True
2022,22,TSU,4.0,0,0.1519832876952109,True
2022,22,TSU,5.0,0,0.15194895152678223,True
2022,22,TSU,6.0,0,0.15215578040441521,True
2022,22,TSU,7.0,0,0.15218230334939592,True
2022,22,TSU,8.0,0,0.15230396573502533,True
2022,22,TSU,9.0,0,0.15262452373195085,True
2022,22,TSU,10.0,0,0.15216702359721607,True
2022,22,TSU,11.0,0,0.15228873944613033,True
2022,22,TSU,12.0,0,0.15211248341940925,True
2022,22,TSU,13.0,0,0.15901411165826138,True
2022,22,TSU,14.0,0,0.15471921255412088,True
2022,22,TSU,15.0,0,0.1525441366530793,True
2022,22,TSU,16.0,0,0.153267598851025,True
2022,22,TSU,17.0,0,0.15345670727591393,True
2022,22,TSU,18.0,0,0.15316581598311002,True
2022,22,TSU,19.0,0,0.1528881514959037,True
2022,22,TSU,20.0,0,0.15332316757008588,True
2022,22,TSU,21.0,0,0.1532584227449803,True
2022,22,TSU,22.0,0,0.15288239158177225,True
2022,22,TSU,23.0,0,0.15288255015827845,True
2022,22,TSU,24.0,0,0.15259893853237957,True
2022,22,TSU,25.0,0,0.15220336091739098,True
2022,22,TSU,26.0,0,0.15253181845474167,True
2022,22,TSU,27.0,0,0.15328462745084645,True
2022,22,TSU,28.0,0,0.1531536421872091,True
2022,22,TSU,29.0,0,0.1530095823274092,True
2022,22,TSU,30.0,0,0.1526718946281744,True
2022,22,TSU,31.0,0,0.1536960984898309,True
2022,22,TSU,32.0,0,0.15573802516643337,True
2022,22,TSU,33.0,0,0.16308347121399863,True
2022,22,TSU,34.0,0,0.15849943894426258,True
2022,22,TSU,35.0,1,0.29932505005859655,True
2022,22,TSU,36.0,1,0.33206826984178023,True
2022,22,TSU,37.0,1,0.33494549761968734,True
2022,22,TSU,38.0,0,0.1758920377050012,True
2022,22,TSU,39.0,0,0.16015167404037084,True
2022,22,TSU,40.0,0,0.1543817346816963,True
2022,22,TSU,41.0,0,0.15386313328679385,True
2022,22,TSU,42.0,0,0.15362703431112829,True
2022,22,TSU,43.0,0,0.15364414473776083,True
2022,22,TSU,44.0,0,0.1526221862041081,True
2022,22,TSU,45.0,0,0.1530701609112595,True
2022,22,TSU,46.0,0,0.1528426137379527,True
2022,22,TSU,47.0,0,0.15339268416049223,True
2022,22,TSU,48.0,0,0.15447228510234123,True
2022,22,TSU,49.0,0,0.15439431488009603,True
2022,22,TSU,50.0,0,0.15330230358689995,True
2022,22,TSU,51.0,0,0.1540378425236429,True
2022,22,TSU,52.0,0,0.15470417345976611,True
2022,22,TSU,53.0,0,0.1546088306679349,True
2022,22,TSU,54.0,0,0.15665791425643585,True
2022,22,TSU,55.0,0,0.15562673331420088,True
2022,22,VER,1.0,0,0.1547527956714876,True
2022,22,VER,2.0,0,0.1520917155428584,True
2022,22,VER,3.0,0,0.1519033961776872,True
2022,22,VER,4.0,0,0.1518233413334775,True
2022,22,VER,5.0,0,0.15187619207587524,True
2022,22,VER,6.0,0,0.15213345928469205,True
2022,22,VER,7.0,0,0.15220355817722347,True
2022,22,VER,8.0,0,0.15236669982064763,True
2022,22,VER,9.0,0,0.15270130586969607,True
2022,22,VER,10.0,0,0.15221592326069172,True
2022,22,VER,11.0,0,0.15235917017707382,True
2022,22,VER,12.0,0,0.1521411993003337,True
2022,22,VER,13.0,0,0.15887299148667083,True
2022,22,VER,14.0,0,0.15492307313658715,True
2022,22,VER,15.0,0,0.15242565081600146,True
2022,22,VER,16.0,0,0.15279523941250633,True
2022,22,VER,17.0,0,0.15329492383038465,True
2022,22,VER,18.0,0,0.1531583953397255,True
2022,22,VER,19.0,0,0.15320736855293554,True
2022,22,VER,20.0,0,0.1529708452131908,True
2022,22,VER,21.0,0,0.15310839870767068,True
2022,22,VER,22.0,0,0.15290775283520405,True
2022,22,VER,23.0,0,0.1528431428404916,True
2022,22,VER,24.0,0,0.15253493103991006,True
2022,22,VER,25.0,0,0.15216415075170514,True
2022,22,VER,26.0,0,0.15249639758382671,True
2022,22,VER,27.0,0,0.15305683058979086,True
2022,22,VER,28.0,0,0.1530456438990188,True
2022,22,VER,29.0,0,0.1528529861498225,True
2022,22,VER,30.0,0,0.1525424461187989,True
2022,22,VER,31.0,0,0.15347770530850896,True
2022,22,VER,32.0,0,0.15555725184494532,True
2022,22,VER,33.0,0,0.16279496514609765,True
2022,22,VER,34.0,0,0.1581691385951316,True
2022,22,VER,35.0,0,0.29100413726189445,True
2022,22,VER,36.0,1,0.32757211093109384,True
2022,22,VER,37.0,1,0.3331237489629445,True
2022,22,VER,38.0,1,0.31951922244588316,True
2022,22,VER,39.0,0,0.154532758030589,True
2022,22,VER,40.0,0,0.1555983317937331,True
2022,22,VER,41.0,0,0.1548643360954264,True
2022,22,VER,42.0,0,0.15421029480205378,True
2022,22,VER,43.0,0,0.15421958270759345,True
2022,22,VER,44.0,0,0.1525281054805377,True
2022,22,VER,45.0,0,0.15325631412034424,True
2022,22,VER,46.0,0,0.15287039140347716,True
2022,22,VER,47.0,0,0.15349443835945037,True
2022,22,VER,48.0,0,0.15423824477065182,True
2022,22,VER,49.0,0,0.1540934717240302,True
2022,22,VER,50.0,0,0.15311846453110523,True
2022,22,VER,51.0,0,0.1535414658204733,True
2022,22,VER,52.0,0,0.1539867256388173,True
2022,22,VER,53.0,0,0.1535645212156794,True
2022,22,VER,54.0,0,0.15580663186922877,True
2022,22,VER,55.0,0,0.157455110610473,True
2022,22,VET,1.0,0,0.15283004315385604,True
2022,22,VET,2.0,0,0.15213182902131703,True
2022,22,VET,3.0,0,0.15210848906313656,True
2022,22,VET,4.0,0,0.1518795220919681,True
2022,22,VET,5.0,0,0.1519553740632032,True
2022,22,VET,6.0,0,0.15215474637271045,True
2022,22,VET,7.0,0,0.15217947967233086,True
2022,22,VET,8.0,0,0.15230459533572122,True
2022,22,VET,9.0,0,0.15262452373195085,True
2022,22,VET,10.0,0,0.15216794368448924,True
2022,22,VET,11.0,0,0.15228708629215898,True
2022,22,VET,12.0,0,0.1521122877633298,True
2022,22,VET,13.0,0,0.15901411165826138,True
2022,22,VET,14.0,0,0.15474219866695543,True
2022,22,VET,15.0,0,0.15242274542451753,True
2022,22,VET,16.0,0,0.1527114490894364,True
2022,22,VET,17.0,0,0.15311675258479593,True
2022,22,VET,18.0,0,0.15290139787885412,True
2022,22,VET,19.0,0,0.15285717607666716,True
2022,22,VET,20.0,0,0.15281033501422767,True
2022,22,VET,21.0,0,0.15279597018864405,True
2022,22,VET,22.0,0,0.15242909758911669,True
2022,22,VET,23.0,0,0.15271946619855398,True
2022,22,VET,24.0,0,0.15242617738737174,True
2022,22,VET,25.0,0,0.1521777961131018,True
2022,22,VET,26.0,0,0.15249831405040945,True
2022,22,VET,27.0,0,0.1532562773251656,True
2022,22,VET,28.0,0,0.1531191400697109,True
2022,22,VET,29.0,0,0.15297946737326065,True
2022,22,VET,30.0,0,0.15266536717289794,True
2022,22,VET,31.0,0,0.15361918299768945,True
2022,22,VET,32.0,0,0.15560742092929225,True
2022,22,VET,33.0,0,0.16277687555631964,True
2022,22,VET,34.0,0,0.15860868603403905,True
2022,22,VET,35.0,1,0.2953205752423432,True
2022,22,VET,36.0,1,0.33103613095962625,True
2022,22,VET,37.0,1,0.3344216138228044,True
2022,22,VET,38.0,0,0.1736557148623928,True
2022,22,VET,39.0,0,0.16275899418501188,True
2022,22,VET,40.0,0,0.15549280355357836,True
2022,22,VET,41.0,0,0.1554876766511596,True
2022,22,VET,42.0,0,0.1545406058523068,True
2022,22,VET,43.0,0,0.15441191496404535,True
2022,22,VET,44.0,0,0.15274440638713166,True
2022,22,VET,45.0,0,0.15340830690792903,True
2022,22,VET,46.0,0,0.15323355247270323,True
2022,22,VET,47.0,0,0.15420796386561786,True
2022,22,VET,48.0,0,0.1548937370278734,True
2022,22,VET,49.0,0,0.15428977931201865,True
2022,22,VET,50.0,0,0.15315740871079328,True
2022,22,VET,51.0,0,0.15377775449774705,True
2022,22,VET,52.0,0,0.15430985695267868,True
2022,22,VET,53.0,0,0.15417384103220383,True
2022,22,VET,54.0,0,0.15751166202905606,True
2022,22,VET,55.0,0,0.1570377660688072,True
2022,22,ZHO,1.0,0,0.15312159805072115,True
2022,22,ZHO,2.0,0,0.15213612268049442,True
2022,22,ZHO,3.0,0,0.15210623666731424,True
2022,22,ZHO,4.0,0,0.15194150397345166,True
2022,22,ZHO,5.0,0,0.1519837107605443,True
2022,22,ZHO,6.0,0,0.15215768577636746,True
2022,22,ZHO,7.0,0,0.1521860449824803,True
2022,22,ZHO,8.0,0,0.15230579587426984,True
2022,22,ZHO,9.0,0,0.1526260029178578,True
2022,22,ZHO,10.0,0,0.15217023242437047,True
2022,22,ZHO,11.0,0,0.15229636242943587,True
2022,22,ZHO,12.0,0,0.15211848955675356,True
2022,22,ZHO,13.0,0,0.15915808512000623,True
2022,22,ZHO,14.0,0,0.15478238451939647,True
2022,22,ZHO,15.0,0,0.15247169692237245,True
2022,22,ZHO,16.0,0,0.1530972112351206,True
2022,22,ZHO,17.0,0,0.1535525724923788,True
2022,22,ZHO,18.0,0,0.1531662044585154,True
2022,22,ZHO,19.0,0,0.1528684613825407,True
2022,22,ZHO,20.0,0,0.1532770322481754,True
2022,22,ZHO,21.0,0,0.1532830151992714,True
2022,22,ZHO,22.0,0,0.1528953518861486,True
2022,22,ZHO,23.0,0,0.15290107538623596,True
2022,22,ZHO,24.0,0,0.152592804250329,True
2022,22,ZHO,25.0,0,0.15220336091739098,True
2022,22,ZHO,26.0,0,0.15253485199579792,True
2022,22,ZHO,27.0,0,0.15325578357645597,True
2022,22,ZHO,28.0,0,0.15318171011225634,True
2022,22,ZHO,29.0,0,0.15298637881856098,True
2022,22,ZHO,30.0,0,0.15280817193948798,True
2022,22,ZHO,31.0,0,0.1536692136415403,True
2022,22,ZHO,32.0,0,0.1556762652183199,True
2022,22,ZHO,33.0,0,0.16290249856496017,True
2022,22,ZHO,34.0,0,0.1583298782403179,True
2022,22,ZHO,35.0,1,0.29997047389962994,True
2022,22,ZHO,36.0,1,0.3326514935855535,True
2022,22,ZHO,37.0,1,0.334726673721247,True
2022,22,ZHO,38.0,0,0.1805349651825455,True
2022,22,ZHO,39.0,0,0.16317734106668763,True
2022,22,ZHO,40.0,0,0.1552190862013599,True
2022,22,ZHO,41.0,0,0.15481630466719692,True
2022,22,ZHO,42.0,0,0.15415095210219248,True
2022,22,ZHO,43.0,0,0.15417458206309967,True
2022,22,ZHO,44.0,0,0.15267097511724234,True
2022,22,ZHO,45.0,0,0.15311942650928528,True
2022,22,ZHO,46.0,0,0.153114658254009,True
2022,22,ZHO,47.0,0,0.1534366724197605,True
2022,22,ZHO,48.0,0,0.15441440197287337,True
2022,22,ZHO,49.0,0,0.15441895693302762,True
2022,22,ZHO,50.0,0,0.15326542285627734,True
2022,22,ZHO,51.0,0,0.15398500651686306,True
2022,22,ZHO,52.0,0,0.154615364288112,True
2022,22,ZHO,53.0,0,0.15410995863308735,True
2022,22,ZHO,54.0,0,0.15589522778669843,True
2023,6,ALB,1.0,0,0.17247986199464121,True
2023,6,ALB,2.0,0,0.15500431461899383,True
2023,6,ALB,3.0,0,0.15649399165777308,True
2023,6,ALB,4.0,0,0.16098387788911173,True
2023,6,ALB,5.0,0,0.1770584792868199,True
2023,6,ALB,6.0,0,0.18263813605325235,True
2023,6,ALB,7.0,0,0.1773851152974767,True
2023,6,ALB,8.0,1,0.24503589330334594,True
2023,6,ALB,9.0,1,0.28327753701456143,True
2023,6,ALB,10.0,1,0.28452427114270706,True
2023,6,ALB,11.0,1,0.2883598653535054,True
2023,6,ALB,12.0,1,0.28583520227181153,True
2023,6,ALB,13.0,1,0.2839275453081402,True
2023,6,ALB,14.0,0,0.15809953525032847,True
2023,6,ALB,15.0,0,0.15796151323421792,True
2023,6,ALB,16.0,0,0.15588085359430437,True
2023,6,ALB,17.0,0,0.1540591453464209,True
2023,6,ALB,18.0,0,0.15896690777386016,True
2023,6,ALB,19.0,0,0.15391252675435052,True
2023,6,ALB,20.0,0,0.15341954002877603,True
2023,6,ALB,21.0,0,0.15327880556033863,True
2023,6,ALB,22.0,0,0.15254747693606022,True
2023,6,ALB,23.0,0,0.15362492745778375,True
2023,6,ALB,24.0,0,0.15239862555312597,True
2023,6,ALB,25.0,0,0.15236814891151637,True
2023,6,ALB,26.0,0,0.15264790196569594,True
2023,6,ALB,27.0,0,0.15244679615479903,True
2023,6,ALB,28.0,0,0.15249254638733947,True
2023,6,ALB,29.0,0,0.15238805089452137,True
2023,6,ALB,30.0,0,0.15249430891088128,True
2023,6,ALB,31.0,0,0.15277747041788364,True
2023,6,ALB,32.0,0,0.15266072726702537,True
2023,6,ALB,33.0,0,0.15344544865608678,True
2023,6,ALB,34.0,0,0.15649025289879986,True
2023,6,ALB,35.0,0,0.15231265631729213,True
2023,6,ALB,36.0,0,0.1521526498074166,True
2023,6,ALB,37.0,0,0.1521073676227884,True
2023,6,ALB,38.0,0,0.15222649385063347,True
2023,6,ALB,39.0,0,0.15216138134173335,True
2023,6,ALB,40.0,0,0.15198899339887384,True
2023,6,ALB,41.0,0,0.15199341602750777,True
2023,6,ALB,42.0,0,0.1520069283619926,True
2023,6,ALB,43.0,0,0.1520088371205284,True
2023,6,ALB,44.0,0,0.15276852351958276,True
2023,6,ALB,45.0,0,0.15252212313413244,True
2023,6,ALB,46.0,0,0.1524798188113251,True
2023,6,ALB,47.0,0,0.152862568816334,True
2023,6,ALB,48.0,0,0.15277574100396799,True
2023,6,ALB,49.0,0,0.15453893662986756,True
2023,6,ALB,50.0,0,0.16180285949114387,True
2023,6,ALB,51.0,1,0.28458790944463525,True
2023,6,ALB,52.0,1,0.28828782325488245,True
2023,6,ALB,53.0,1,0.28938226694476793,True
2023,6,ALB,54.0,1,0.3380083244391551,True
2023,6,ALB,55.0,1,0.2914243098932111,True
2023,6,ALB,56.0,1,0.2898368035415513,True
2023,6,ALB,57.0,1,0.29997849281548294,True
2023,6,ALB,58.0,1,0.30854232354931843,True
2023,6,ALB,59.0,1,0.28341170157661627,True
2023,6,ALB,60.0,0,0.2594659555757281,True
2023,6,ALB,61.0,0,0.1661199774227295,True
2023,6,ALB,62.0,0,0.15907054517960328,True
2023,6,ALB,63.0,0,0.18218135246674497,True
2023,6,ALB,64.0,1,0.22808965865974035,True
2023,6,ALB,65.0,1,0.2731075065369894,True
2023,6,ALB,66.0,1,0.2781187705462666,True
2023,6,ALB,67.0,0,0.16836730922670867,True
2023,6,ALB,68.0,0,0.21934984724480344,True
2023,6,ALB,69.0,0,0.1587958120402324,True
2023,6,ALB,70.0,0,0.15693717687600262,True
2023,6,ALB,71.0,0,0.15326303728243887,True
2023,6,ALB,72.0,0,0.1525023065956309,True
2023,6,ALB,73.0,0,0.15279129254573492,True
2023,6,ALB,74.0,0,0.15280196682610042,True
2023,6,ALO,1.0,0,0.16856987656194788,True
2023,6,ALO,2.0,0,0.1538547790197548,True
2023,6,ALO,3.0,0,0.1538040631920259,True
2023,6,ALO,4.0,0,0.15549561851860122,True
2023,6,ALO,5.0,0,0.1621012569092205,True
2023,6,ALO,6.0,0,0.16642013115132043,True
2023,6,ALO,7.0,0,0.16363815987476235,True
2023,6,ALO,8.0,0,0.24463446339785513,True
2023,6,ALO,9.0,1,0.28469653754310786,True
2023,6,ALO,10.0,1,0.28602471594567697,True
2023,6,ALO,11.0,1,0.28548621081640957,True
2023,6,ALO,12.0,1,0.2886840225414039,True
2023,6,ALO,13.0,1,0.28442463655064065,True
2023,6,ALO,14.0,0,0.15755457225330577,True
2023,6,ALO,15.0,0,0.1565151121299313,True
2023,6,ALO,16.0,0,0.1546520211789561,True
2023,6,ALO,17.0,0,0.15319975043642164,True
2023,6,ALO,18.0,0,0.15470230772636492,True
2023,6,ALO,19.0,0,0.15403194429205627,True
2023,6,ALO,20.0,0,0.15333108346930238,True
2023,6,ALO,21.0,0,0.15314562577478943,True
2023,6,ALO,22.0,0,0.15252877432758832,True
2023,6,ALO,23.0,0,0.15365031728591755,True
2023,6,ALO,24.0,0,0.15234712493329716,True
2023,6,ALO,25.0,0,0.15227443287008632,True
2023,6,ALO,26.0,0,0.15248460138020067,True
2023,6,ALO,27.0,0,0.15237070541769474,True
2023,6,ALO,28.0,0,0.15239137676360476,True
2023,6,ALO,29.0,0,0.15230408607395496,True
2023,6,ALO,30.0,0,0.15238704816625148,True
2023,6,ALO,31.0,0,0.15270964625253353,True
2023,6,ALO,32.0,0,0.15260686494072892,True
2023,6,ALO,33.0,0,0.1533881896352398,True
2023,6,ALO,34.0,0,0.15585257246329026,True
2023,6,ALO,35.0,0,0.1522758886333911,True
2023,6,ALO,36.0,0,0.15210722544092342,True
2023,6,ALO,37.0,0,0.15206660040739162,True
2023,6,ALO,38.0,0,0.15220330050928205,True
2023,6,ALO,39.0,0,0.15213493360556515,True
2023,6,ALO,40.0,0,0.1520068261403814,True
2023,6,ALO,41.0,0,0.15200757827548986,True
2023,6,ALO,42.0,0,0.15199865733051335,True
2023,6,ALO,43.0,0,0.15201929441828008,True
2023,6,ALO,44.0,0,0.15285829062814976,True
2023,6,ALO,45.0,0,0.15259074892816554,True
2023,6,ALO,46.0,0,0.1525634135427328,True
2023,6,ALO,47.0,0,0.1529200639997681,True
2023,6,ALO,48.0,0,0.15277654109627437,True
2023,6,ALO,49.0,0,0.1534871061638691,True
2023,6,ALO,50.0,0,0.15819438425351184,True
2023,6,ALO,51.0,0,0.23804794596104167,True
2023,6,ALO,52.0,1,0.2878573761114898,True
2023,6,ALO,53.0,1,0.2896720905683131,True
2023,6,ALO,54.0,1,0.2894258284400534,True
2023,6,ALO,55.0,1,0.3172577012499054,True
2023,6,ALO,56.0,1,0.2884833799491286,True
2023,6,ALO,57.0,1,0.29081151203859923,True
2023,6,ALO,58.0,1,0.30827810082214313,True
2023,6,ALO,59.0,1,0.2835571262883736,True
2023,6,ALO,60.0,1,0.2635162197681568,True
2023,6,ALO,61.0,0,0.16372408416109588,True
2023,6,ALO,62.0,0,0.15985557832579178,True
2023,6,ALO,63.0,0,0.1861000264853379,True
2023,6,ALO,64.0,0,0.21489335312670796,True
2023,6,ALO,65.0,0,0.26182260136429913,True
2023,6,ALO,66.0,1,0.2756802083105116,True
2023,6,ALO,67.0,1,0.2790722568459664,True
2023,6,ALO,68.0,1,0.26069844948062987,True
2023,6,ALO,69.0,0,0.1543560327162156,True
2023,6,ALO,70.0,0,0.15709347174449428,True
2023,6,ALO,71.0,0,0.1532985755337009,True
2023,6,ALO,72.0,0,0.15254997384787475,True
2023,6,ALO,73.0,0,0.1527983051400991,True
2023,6,ALO,74.0,0,0.15286677174201185,True
2023,6,ALO,75.0,0,0.1527931207979901,True
2023,6,BOT,1.0,0,0.15792169930173774,True
2023,6,BOT,2.0,0,0.15404950603074716,True
2023,6,BOT,3.0,0,0.15403736643778745,True
2023,6,BOT,4.0,0,0.15600878056000295,True
2023,6,BOT,5.0,0,0.1636923088809105,True
2023,6,BOT,6.0,0,0.16789908132629905,True
2023,6,BOT,7.0,0,0.1652784584079036,True
2023,6,BOT,8.0,1,0.24971736612399714,True
2023,6,BOT,9.0,1,0.28402669666660174,True
2023,6,BOT,10.0,1,0.2855472325530992,True
2023,6,BOT,11.0,1,0.28883065937427804,True
2023,6,BOT,12.0,1,0.2860358584921384,True
2023,6,BOT,13.0,1,0.28423304952429557,True
2023,6,BOT,14.0,0,0.15841034810531845,True
2023,6,BOT,15.0,0,0.15720536205889798,True
2023,6,BOT,16.0,0,0.15516530716188254,True
2023,6,BOT,17.0,0,0.15353152452554802,True
2023,6,BOT,18.0,0,0.15507370935570547,True
2023,6,BOT,19.0,0,0.1541181907746891,True
2023,6,BOT,20.0,0,0.15334610158006898,True
2023,6,BOT,21.0,0,0.15319623835771934,True
2023,6,BOT,22.0,0,0.1525413624861664,True
2023,6,BOT,23.0,0,0.1537315255832783,True
2023,6,BOT,24.0,0,0.15241100278533765,True
2023,6,BOT,25.0,0,0.15239481932615467,True
2023,6,BOT,26.0,0,0.15269644982715208,True
2023,6,BOT,27.0,0,0.15247615917251872,True
2023,6,BOT,28.0,0,0.1524368335988993,True
2023,6,BOT,29.0,0,0.15233704017693728,True
2023,6,BOT,30.0,0,0.15242404264015227,True
2023,6,BOT,31.0,0,0.1526884949780693,True
2023,6,BOT,32.0,0,0.15264296500066354,True
2023,6,BOT,33.0,0,0.15331289319201252,True
2023,6,BOT,34.0,0,0.15621167430931293,True
2023,6,BOT,35.0,0,0.15233525770824966,True
2023,6,BOT,36.0,0,0.15213957755710453,True
2023,6,BOT,37.0,0,0.15209625195208226,True
2023,6,BOT,38.0,0,0.1522150449951501,True
2023,6,BOT,39.0,0,0.15215644681876392,True
2023,6,BOT,40.0,0,0.15198996543431215,True
2023,6,BOT,41.0,0,0.15199117587247496,True
2023,6,BOT,42.0,0,0.1519909717669085,True
2023,6,BOT,43.0,0,0.15201331310612104,True
2023,6,BOT,44.0,0,0.1527239045376046,True
2023,6,BOT,45.0,0,0.15243493669559133,True
2023,6,BOT,46.0,0,0.15239638289080637,True
2023,6,BOT,47.0,0,0.1528121490228131,True
2023,6,BOT,48.0,0,0.15269010613039716,True
2023,6,BOT,49.0,0,0.15378230023427103,True
2023,6,BOT,50.0,0,0.15930691825746024,True
2023,6,BOT,51.0,1,0.2849604893972954,True
2023,6,BOT,52.0,1,0.2882803514144986,True
2023,6,BOT,53.0,1,0.2891169934980219,True
2023,6,BOT,54.0,1,0.3381160202360711,True
2023,6,BOT,55.0,1,0.2910062001161977,True
2023,6,BOT,56.0,1,0.2895417144375559,True
2023,6,BOT,57.0,1,0.29964417175485797,True
2023,6,BOT,58.0,1,0.3080571822195982,True
2023,6,BOT,59.0,1,0.2871248895625189,True
2023,6,BOT,60.0,0,0.25556681496855765,True
2023,6,BOT,61.0,0,0.16482825152664968,True
2023,6,BOT,62.0,0,0.15906121162886802,True
2023,6,BOT,63.0,0,0.18307198663683472,True
2023,6,BOT,64.0,0,0.22808045864880197,True
2023,6,BOT,65.0,1,0.27340343409617535,True
2023,6,BOT,66.0,1,0.2763001733669282,True
2023,6,BOT,67.0,1,0.27608666879776295,True
2023,6,BOT,68.0,0,0.16074756036023935,True
2023,6,BOT,69.0,0,0.15842473092407272,True
2023,6,BOT,70.0,0,0.1566379327818878,True
2023,6,BOT,71.0,0,0.15327650560454847,True
2023,6,BOT,72.0,0,0.1525863760809047,True
2023,6,BOT,73.0,0,0.15274596249551825,True
2023,6,BOT,74.0,0,0.1527291811601193,True
2023,6,DEV,1.0,0,0.17247986199464121,True
2023,6,DEV,2.0,0,0.15499831797235375,True
2023,6,DEV,3.0,0,0.1565054759438081,True
2023,6,DEV,4.0,0,0.16094984249378394,True
2023,6,DEV,5.0,0,0.1770584792868199,True
2023,6,DEV,6.0,0,0.18263813605325235,True
2023,6,DEV,7.0,0,0.1773851152974767,True
2023,6,DEV,8.0,1,0.24477265799446277,True
2023,6,DEV,9.0,1,0.28327261817256166,True
2023,6,DEV,10.0,1,0.28452308951725697,True
2023,6,DEV,11.0,1,0.2883584882597542,True
2023,6,DEV,12.0,1,0.28583407934276883,True
2023,6,DEV,13.0,1,0.2839309361407348,True
2023,6,DEV,14.0,0,0.15811871371808858,True
2023,6,DEV,15.0,0,0.15817248899786499,True
2023,6,DEV,16.0,0,0.1560118994565087,True
2023,6,DEV,17.0,0,0.1540815530550128,True
2023,6,DEV,18.0,0,0.15934405744734587,True
2023,6,DEV,19.0,0,0.1557852161737339,True
2023,6,DEV,20.0,0,0.15436859696849664,True
2023,6,DEV,21.0,0,0.1556141650255008,True
2023,6,DEV,22.0,0,0.1538358729837083,True
2023,6,DEV,23.0,0,0.16144119636247925,True
2023,6,DEV,24.0,0,0.1535624972443534,True
2023,6,DEV,25.0,0,0.15362614247869172,True
2023,6,DEV,26.0,0,0.15488674499179939,True
2023,6,DEV,27.0,0,0.15398567497781984,True
2023,6,DEV,28.0,0,0.15403228720589238,True
2023,6,DEV,29.0,0,0.15349217734006673,True
2023,6,DEV,30.0,0,0.15379672767129057,True
2023,6,DEV,31.0,0,0.15469820193381487,True
2023,6,DEV,32.0,0,0.15443687267706427,True
2023,6,DEV,33.0,0,0.1560864095045545,True
2023,6,DEV,34.0,0,0.16503469151467934,True
2023,6,DEV,35.0,0,0.1528565853378155,True
2023,6,DEV,36.0,0,0.1523335035451464,True
2023,6,DEV,37.0,0,0.15228741862720813,True
2023,6,DEV,38.0,0,0.15247184093032345,True
2023,6,DEV,39.0,0,0.1523840488715951,True
2023,6,DEV,40.0,0,0.15204359132104267,True
2023,6,DEV,41.0,0,0.1520561491675025,True
2023,6,DEV,42.0,0,0.15205235551846444,True
2023,6,DEV,43.0,0,0.15209445280274658,True
2023,6,DEV,44.0,0,0.1533698693294067,True
2023,6,DEV,45.0,0,0.1527791620812225,True
2023,6,DEV,46.0,0,0.1527105614563758,True
2023,6,DEV,47.0,0,0.15357371777018483,True
2023,6,DEV,48.0,0,0.1531258420499823,True
2023,6,DEV,49.0,0,0.15460925165897227,True
2023,6,DEV,50.0,0,0.16181412113406332,True
2023,6,DEV,51.0,1,0.2805441242572126,True
2023,6,DEV,52.0,1,0.288166596460535,True
2023,6,DEV,53.0,1,0.28937906294102256,True
2023,6,DEV,54.0,1,0.3173294525774291,True
2023,6,DEV,55.0,1,0.2913623123576109,True
2023,6,DEV,56.0,1,0.2897814283284295,True
2023,6,DEV,57.0,1,0.29960814856131474,True
2023,6,DEV,58.0,1,0.28659555895405775,True
2023,6,DEV,59.0,1,0.28734190357689887,True
2023,6,DEV,60.0,0,0.2553628370209637,True
2023,6,DEV,61.0,0,0.16722220648380257,True
2023,6,DEV,62.0,0,0.16054967947997628,True
2023,6,DEV,63.0,0,0.1873391286884288,True
2023,6,DEV,64.0,0,0.2206500883745049,True
2023,6,DEV,65.0,1,0.27353454261287413,True
2023,6,DEV,66.0,1,0.2783761341038716,True
2023,6,DEV,67.0,1,0.27898477202241007,True
2023,6,DEV,68.0,0,0.16095709999755364,True
2023,6,DEV,69.0,0,0.15894488023370096,True
2023,6,DEV,70.0,0,0.15688507596786155,True
2023,6,DEV,71.0,0,0.15334580013288093,True
2023,6,DEV,72.0,0,0.15255276679401197,True
2023,6,DEV,73.0,0,0.15273628780229634,True
2023,6,DEV,74.0,0,0.15272428546032607,True
2023,6,GAS,1.0,0,0.1560237618433269,True
2023,6,GAS,2.0,0,0.15408010863758784,True
2023,6,GAS,3.0,0,0.15398169907551776,True
2023,6,GAS,4.0,0,0.15569533014759646,True
2023,6,GAS,5.0,0,0.16230124385546155,True
2023,6,GAS,6.0,0,0.16614694609697206,True
2023,6,GAS,7.0,0,0.16383916222520353,True
2023,6,GAS,8.0,0,0.24354083815014632,True
2023,6,GAS,9.0,1,0.2840312091906861,True
2023,6,GAS,10.0,1,0.28555361935795104,True
2023,6,GAS,11.0,1,0.2860331839790339,True
2023,6,GAS,12.0,1,0.28867192415080895,True
2023,6,GAS,13.0,1,0.28442010600064893,True
2023,6,GAS,14.0,0,0.15771898553175195,True
2023,6,GAS,15.0,0,0.15652914858011044,True
2023,6,GAS,16.0,0,0.15484638961942632,True
2023,6,GAS,17.0,0,0.1532045387372866,True
2023,6,GAS,18.0,0,0.155111000720318,True
2023,6,GAS,19.0,0,0.15393090018378316,True
2023,6,GAS,20.0,0,0.15328037602044076,True
2023,6,GAS,21.0,0,0.15314904493637413,True
2023,6,GAS,22.0,0,0.15252880583392883,True
2023,6,GAS,23.0,0,0.15365684016021955,True
2023,6,GAS,24.0,0,0.152348452857396,True
2023,6,GAS,25.0,0,0.15229197341128134,True
2023,6,GAS,26.0,0,0.1525129779174516,True
2023,6,GAS,27.0,0,0.15241316225077955,True
2023,6,GAS,28.0,0,0.1523978984401559,True
2023,6,GAS,29.0,0,0.1523075133512785,True
2023,6,GAS,30.0,0,0.15240101773358433,True
2023,6,GAS,31.0,0,0.15269343479779243,True
2023,6,GAS,32.0,0,0.15259103841495333,True
2023,6,GAS,33.0,0,0.15337697952105162,True
2023,6,GAS,34.0,0,0.15597578248780375,True
2023,6,GAS,35.0,0,0.15228365556002427,True
2023,6,GAS,36.0,0,0.15210786596767953,True
2023,6,GAS,37.0,0,0.1520830493743395,True
2023,6,GAS,38.0,0,0.15220282605005384,True
2023,6,GAS,39.0,0,0.15219469967329854,True
2023,6,GAS,40.0,0,0.15200604507564136,True
2023,6,GAS,41.0,0,0.1520107350480682,True
2023,6,GAS,42.0,0,0.15198730661403279,True
2023,6,GAS,43.0,0,0.15199871549525695,True
2023,6,GAS,44.0,0,0.1527053049620883,True
2023,6,GAS,45.0,0,0.1525866333689622,True
2023,6,GAS,46.0,0,0.15255156222229407,True
2023,6,GAS,47.0,0,0.1555990824397258,True
2023,6,GAS,48.0,0,0.15345391476322956,True
2023,6,GAS,49.0,0,0.1546758221192173,True
2023,6,GAS,50.0,0,0.16087811736386667,True
2023,6,GAS,51.0,1,0.25776759526418425,True
2023,6,GAS,52.0,1,0.2898871716348697,True
2023,6,GAS,53.0,1,0.2891010734600144,True
2023,6,GAS,54.0,0,0.31710593536442266,True
2023,6,GAS,55.0,1,0.29148421752517084,True
2023,6,GAS,56.0,1,0.2885339460733788,True
2023,6,GAS,57.0,1,0.2904879905825514,True
2023,6,GAS,58.0,1,0.30847005217977436,True
2023,6,GAS,59.0,1,0.28749277971816667,True
2023,6,GAS,60.0,1,0.2670978965511296,True
2023,6,GAS,61.0,0,0.16307631658422253,True
2023,6,GAS,62.0,0,0.16041860004336655,True
2023,6,GAS,63.0,0,0.18745671961547847,True
2023,6,GAS,64.0,0,0.22056595416235486,True
2023,6,GAS,65.0,1,0.27010953472316496,True
2023,6,GAS,66.0,1,0.2806841404670859,True
2023,6,GAS,67.0,1,0.28031735355147097,True
2023,6,GAS,68.0,0,0.17171856139213235,True
2023,6,GAS,69.0,0,0.15921597185716946,True
2023,6,GAS,70.0,0,0.15727350375186072,True
2023,6,GAS,71.0,0,0.1533370830961998,True
2023,6,GAS,72.0,0,0.15255176138914558,True
2023,6,GAS,73.0,0,0.15278732894277886,True
2023,6,GAS,74.0,0,0.15281018977190802,True
2023,6,GAS,75.0,0,0.15279044067720526,True
2023,6,HAM,1.0,0,0.17151520473186718,True
2023,6,HAM,2.0,0,0.15492474807728934,True
2023,6,HAM,3.0,0,0.15650759672610912,True
2023,6,HAM,4.0,0,0.16061317064116776,True
2023,6,HAM,5.0,0,0.1767863050877082,True
2023,6,HAM,6.0,0,0.18263471999797395,True
2023,6,HAM,7.0,0,0.17737904985529357,True
2023,6,HAM,8.0,0,0.24506139216787526,True
2023,6,HAM,9.0,1,0.28327641371866247,True
2023,6,HAM,10.0,1,0.28499011275514813,True
2023,6,HAM,11.0,1,0.28498684467181323,True
2023,6,HAM,12.0,1,0.2884015137611917,True
2023,6,HAM,13.0,1,0.2839975579913943,True
2023,6,HAM,14.0,0,0.15723225888744113,True
2023,6,HAM,15.0,0,0.1572382518213719,True
2023,6,HAM,16.0,0,0.1554940954908092,True
2023,6,HAM,17.0,0,0.15371549500500306,True
2023,6,HAM,18.0,0,0.15942737370422483,True
2023,6,HAM,19.0,0,0.15581228052980706,True
2023,6,HAM,20.0,0,0.15465068438090945,True
2023,6,HAM,21.0,0,0.1555322422778343,True
2023,6,HAM,22.0,0,0.15375634416887554,True
2023,6,HAM,23.0,0,0.1612458583096742,True
2023,6,HAM,24.0,0,0.15332209520078816,True
2023,6,HAM,25.0,0,0.15332371320830024,True
2023,6,HAM,26.0,0,0.15411400801533526,True
2023,6,HAM,27.0,0,0.15364859183855376,True
2023,6,HAM,28.0,0,0.15384660489231067,True
2023,6,HAM,29.0,0,0.1533585434076458,True
2023,6,HAM,30.0,0,0.15366672006428367,True
2023,6,HAM,31.0,0,0.15501242323108913,True
2023,6,HAM,32.0,0,0.15263088814806058,True
2023,6,HAM,33.0,0,0.15356235935212595,True
2023,6,HAM,34.0,0,0.15640749164266948,True
2023,6,HAM,35.0,0,0.15236082423094072,True
2023,6,HAM,36.0,0,0.15215365616169324,True
2023,6,HAM,37.0,0,0.15210750788772087,True
2023,6,HAM,38.0,0,0.15225381425370763,True
2023,6,HAM,39.0,0,0.1522224097341094,True
2023,6,HAM,40.0,0,0.15201007488807428,True
2023,6,HAM,41.0,0,0.15201143810471673,True
2023,6,HAM,42.0,0,0.15200823826321586,True
2023,6,HAM,43.0,0,0.15203383837918286,True
2023,6,HAM,44.0,0,0.15289502763797094,True
2023,6,HAM,45.0,0,0.1524963278095238,True
2023,6,HAM,46.0,0,0.15258430142275525,True
2023,6,HAM,47.0,0,0.15288583767545968,True
2023,6,HAM,48.0,0,0.15278097108306363,True
2023,6,HAM,49.0,0,0.1534950608749231,True
2023,6,HAM,50.0,0,0.15788865016010029,True
2023,6,HAM,51.0,0,0.2065614424799948,True
2023,6,HAM,52.0,1,0.28791151036588114,True
2023,6,HAM,53.0,1,0.28857186197306106,True
2023,6,HAM,54.0,1,0.28916890859771127,True
2023,6,HAM,55.0,1,0.335393703463523,True
2023,6,HAM,56.0,1,0.2885339460733788,True
2023,6,HAM,57.0,1,0.2906188166206912,True
2023,6,HAM,58.0,1,0.3084676803880864,True
2023,6,HAM,59.0,1,0.28297410280511776,True
2023,6,HAM,60.0,1,0.26266374903851764,True
2023,6,HAM,61.0,0,0.16299682709641453,True
2023,6,HAM,62.0,0,0.16179805533781533,True
2023,6,HAM,63.0,0,0.1871040823873405,True
2023,6,HAM,64.0,0,0.2206154168464476,True
2023,6,HAM,65.0,0,0.26496674124593955,True
2023,6,HAM,66.0,1,0.28067856886002673,True
2023,6,HAM,67.0,1,0.2802450705668509,True
2023,6,HAM,68.0,1,0.2503959097585836,True
2023,6,HAM,69.0,0,0.15365221650209113,True
2023,6,HAM,70.0,0,0.15707281058941905,True
2023,6,HAM,71.0,0,0.15325815100829293,True
2023,6,HAM,72.0,0,0.15254752404693311,True
2023,6,HAM,73.0,0,0.15279305237876387,True
2023,6,HAM,74.0,0,0.15272139318772607,True
2023,6,HAM,75.0,0,0.1527867950901455,True
2023,6,HUL,1.0,0,0.16743243646951617,True
2023,6,HUL,2.0,0,0.15439255990496176,True
2023,6,HUL,3.0,0,0.15454240440968278,True
2023,6,HUL,4.0,0,0.15708686235241826,True
2023,6,HUL,5.0,0,0.1657757426270814,True
2023,6,HUL,6.0,0,0.17148301071341426,True
2023,6,HUL,7.0,0,0.16974383084757416,True
2023,6,HUL,8.0,1,0.2598973153623209,True
2023,6,HUL,9.0,1,0.2856180749335557,True
2023,6,HUL,10.0,1,0.2865597978818009,True
2023,6,HUL,11.0,1,0.2890776591093884,True
2023,6,HUL,12.0,1,0.28653931698340623,True
2023,6,HUL,13.0,1,0.28476097385503507,True
2023,6,HUL,14.0,0,0.15903531460467527,True
2023,6,HUL,15.0,0,0.15772679318283467,True
2023,6,HUL,16.0,0,0.15542653331543946,True
2023,6,HUL,17.0,0,0.15371528078978763,True
2023,6,HUL,18.0,0,0.15716395267816932,True
2023,6,HUL,19.0,0,0.15386355616580882,True
2023,6,HUL,20.0,0,0.1532605440309259,True
2023,6,HUL,21.0,0,0.1531405253051576,True
2023,6,HUL,22.0,0,0.15253997747490375,True
2023,6,HUL,23.0,0,0.15357616166751692,True
2023,6,HUL,24.0,0,0.15242416719745722,True
2023,6,HUL,25.0,0,0.1523175906098528,True
2023,6,HUL,26.0,0,0.15256814711422295,True
2023,6,HUL,27.0,0,0.15246115128702828,True
2023,6,HUL,28.0,0,0.15245651458312565,True
2023,6,HUL,29.0,0,0.15235542151498557,True
2023,6,HUL,30.0,0,0.15241582977668622,True
2023,6,HUL,31.0,0,0.15274894702541147,True
2023,6,HUL,32.0,0,0.15262188180713002,True
2023,6,HUL,33.0,0,0.15339712598235164,True
2023,6,HUL,34.0,0,0.15640866502982226,True
2023,6,HUL,35.0,0,0.15232683978251654,True
2023,6,HUL,36.0,0,0.15214376619119935,True
2023,6,HUL,37.0,0,0.15209941364052199,True
2023,6,HUL,38.0,0,0.1522081591373135,True
2023,6,HUL,39.0,0,0.15215132800795889,True
2023,6,HUL,40.0,0,0.15198657101862825,True
2023,6,HUL,41.0,0,0.151992669691386,True
2023,6,HUL,42.0,0,0.15199909502227088,True
2023,6,HUL,43.0,0,0.15201686168392697,True
2023,6,HUL,44.0,0,0.152716381357272,True
2023,6,HUL,45.0,0,0.15246351507941208,True
2023,6,HUL,46.0,0,0.15242391403273364,True
2023,6,HUL,47.0,0,0.1528527962806004,True
2023,6,HUL,48.0,0,0.1527210312715363,True
2023,6,HUL,49.0,0,0.15383871183075204,True
2023,6,HUL,50.0,0,0.16143456641110143,True
2023,6,HUL,51.0,1,0.2843891269139638,True
2023,6,HUL,52.0,1,0.28832565851226083,True
2023,6,HUL,53.0,1,0.2887416036780447,True
2023,6,HUL,54.0,1,0.3185902804176424,True
2023,6,HUL,55.0,1,0.2915357279611396,True
2023,6,HUL,56.0,1,0.28982844669109115,True
2023,6,HUL,57.0,1,0.29997849281548294,True
2023,6,HUL,58.0,1,0.3085038441233883,True
2023,6,HUL,59.0,1,0.2829265920598361,True
2023,6,HUL,60.0,0,0.24324291971754625,True
2023,6,HUL,61.0,0,0.15947764723480817,True
2023,6,HUL,62.0,0,0.15694286728905896,True
2023,6,HUL,63.0,0,0.20574607474449422,True
2023,6,HUL,64.0,1,0.2658455588006133,True
2023,6,HUL,65.0,1,0.268800839231014,True
2023,6,HUL,66.0,1,0.28256746326756776,True
2023,6,HUL,67.0,0,0.16305476586803933,True
2023,6,HUL,68.0,0,0.17391216871376264,True
2023,6,HUL,69.0,0,0.15544724494646203,True
2023,6,HUL,70.0,0,0.15528639032498973,True
2023,6,HUL,71.0,0,0.15289970132138625,True
2023,6,HUL,72.0,0,0.1524146118617617,True
2023,6,HUL,73.0,0,0.15253151503848467,True
2023,6,LEC,1.0,0,0.15671301467846846,True
2023,6,LEC,2.0,0,0.15413326344328887,True
2023,6,LEC,3.0,0,0.15399975506068814,True
2023,6,LEC,4.0,0,0.1559186492465919,True
2023,6,LEC,5.0,0,0.16360633546092657,True
2023,6,LEC,6.0,0,0.1678443809622266,True
2023,6,LEC,7.0,0,0.16527337275585235,True
2023,6,LEC,8.0,0,0.24949590156347315,True
2023,6,LEC,9.0,1,0.2840244925610323,True
2023,6,LEC,10.0,1,0.2860262611990101,True
2023,6,LEC,11.0,1,0.2860331839790339,True
2023,6,LEC,12.0,1,0.2886703363219648,True
2023,6,LEC,13.0,1,0.28441592884557715,True
2023,6,LEC,14.0,0,0.15771898553175195,True
2023,6,LEC,15.0,0,0.15652914858011044,True
2023,6,LEC,16.0,0,0.15484638961942632,True
2023,6,LEC,17.0,0,0.1532045387372866,True
2023,6,LEC,18.0,0,0.15512869421018,True
2023,6,LEC,19.0,0,0.1538928193843807,True
2023,6,LEC,20.0,0,0.15328599743570895,True
2023,6,LEC,21.0,0,0.1532098769706396,True
2023,6,LEC,22.0,0,0.15255402823917122,True
2023,6,LEC,23.0,0,0.15368285244726274,True
2023,6,LEC,24.0,0,0.152348452857396,True
2023,6,LEC,25.0,0,0.15230751943693596,True
2023,6,LEC,26.0,0,0.1525387864931142,True
2023,6,LEC,27.0,0,0.1523776691630362,True
2023,6,LEC,28.0,0,0.1523978984401559,True
2023,6,LEC,29.0,0,0.1523075133512785,True
2023,6,LEC,30.0,0,0.15240101773358433,True
2023,6,LEC,31.0,0,0.15269343479779243,True
2023,6,LEC,32.0,0,0.15258773479218063,True
2023,6,LEC,33.0,0,0.1533751244456177,True
2023,6,LEC,34.0,0,0.15596388233850536,True
2023,6,LEC,35.0,0,0.15229020757796327,True
2023,6,LEC,36.0,0,0.15211163603178424,True
2023,6,LEC,37.0,0,0.1520835391297565,True
2023,6,LEC,38.0,0,0.15220347896266925,True
2023,6,LEC,39.0,0,0.15219990451878276,True
2023,6,LEC,40.0,0,0.15200590651840296,True
2023,6,LEC,41.0,0,0.15199308910886708,True
2023,6,LEC,42.0,0,0.1519863041049451,True
2023,6,LEC,43.0,0,0.15200490755868978,True
2023,6,LEC,44.0,0,0.1530579662827914,True
2023,6,LEC,45.0,0,0.15307142055376188,True
2023,6,LEC,46.0,0,0.15301157305789856,True
2023,6,LEC,47.0,0,0.15389298293601028,True
2023,6,LEC,48.0,0,0.15338731030859637,True
2023,6,LEC,49.0,0,0.15460666664083283,True
2023,6,LEC,50.0,0,0.1600148105560085,True
2023,6,LEC,51.0,0,0.2478597220584728,True
2023,6,LEC,52.0,1,0.2893020076298054,True
2023,6,LEC,53.0,1,0.2880942856301,True
2023,6,LEC,54.0,1,0.3030807001763839,True
2023,6,LEC,55.0,1,0.3216137692578955,True
2023,6,LEC,56.0,1,0.28864704468841296,True
2023,6,LEC,57.0,1,0.29051786164070836,True
2023,6,LEC,58.0,1,0.3085007408570871,True
2023,6,LEC,59.0,1,0.2877035633902928,True
2023,6,LEC,60.0,1,0.2670458506213912,True
2023,6,LEC,61.0,0,0.16435543873962827,True
2023,6,LEC,62.0,0,0.16001125358866156,True
2023,6,LEC,63.0,0,0.1874021121364008,True
2023,6,LEC,64.0,0,0.2205651147668425,True
2023,6,LEC,65.0,1,0.2700871493508039,True
2023,6,LEC,66.0,1,0.2706719464165808,True
2023,6,LEC,67.0,1,0.2801396293547745,True
2023,6,LEC,68.0,0,0.16142110507464177,True
2023,6,LEC,69.0,0,0.1610955891226654,True
2023,6,LEC,70.0,0,0.1569219860360012,True
2023,6,LEC,71.0,0,0.1534045759117409,True
2023,6,LEC,72.0,0,0.15248111897088015,True
2023,6,LEC,73.0,0,0.15285709531213723,True
2023,6,LEC,74.0,0,0.1528250149874452,True
2023,6,LEC,75.0,0,0.15278150178247968,True
2023,6,MAG,1.0,0,0.1562719487556555,True
2023,6,MAG,2.0,0,0.15404953269936156,True
2023,6,MAG,3.0,0,0.15399653203558603,True
2023,6,MAG,4.0,0,0.1560048746376516,True
2023,6,MAG,5.0,0,0.1636923088809105,True
2023,6,MAG,6.0,0,0.16789908132629905,True
2023,6,MAG,7.0,0,0.16520476269130138,True
2023,6,MAG,8.0,1,0.24949590156347315,True
2023,6,MAG,9.0,1,0.28402669666660174,True
2023,6,MAG,10.0,1,0.2855472325530992,True
2023,6,MAG,11.0,1,0.2888633963436748,True
2023,6,MAG,12.0,1,0.28603684259943624,True
2023,6,MAG,13.0,1,0.28443654345787145,True
2023,6,MAG,14.0,0,0.15841034810531845,True
2023,6,MAG,15.0,0,0.1570895476367593,True
2023,6,MAG,16.0,0,0.15516530716188254,True
2023,6,MAG,17.0,0,0.15354093426786436,True
2023,6,MAG,18.0,0,0.15507370935570547,True
2023,6,MAG,19.0,0,0.153887063087046,True
2023,6,MAG,20.0,0,0.15328599743570895,True
2023,6,MAG,21.0,0,0.15326130194526447,True
2023,6,MAG,22.0,0,0.15254125548971853,True
2023,6,MAG,23.0,0,0.1537315255832783,True
2023,6,MAG,24.0,0,0.15242898584784795,True
2023,6,MAG,25.0,0,0.15236652005529877,True
2023,6,MAG,26.0,0,0.152646056802748,True
2023,6,MAG,27.0,0,0.15247615917251872,True
2023,6,MAG,28.0,0,0.1524368335988993,True
2023,6,MAG,29.0,0,0.15233704017693728,True
2023,6,MAG,30.0,0,0.1524000688729959,True
2023,6,MAG,31.0,0,0.15274513828420305,True
2023,6,MAG,32.0,0,0.1527033711734797,True
2023,6,MAG,33.0,0,0.15338968957596227,True
2023,6,MAG,34.0,0,0.15611960201786515,True
2023,6,MAG,35.0,0,0.1523386888121599,True
2023,6,MAG,36.0,0,0.1521618668553649,True
2023,6,MAG,37.0,0,0.15209625195208226,True
2023,6,MAG,38.0,0,0.1521949155314298,True
2023,6,MAG,39.0,0,0.15214910197526968,True
2023,6,MAG,40.0,0,0.15198507719971724,True
2023,6,MAG,41.0,0,0.15199313386728625,True
2023,6,MAG,42.0,0,0.15199092079681736,True
2023,6,MAG,43.0,0,0.15200490755868978,True
2023,6,MAG,44.0,0,0.15270629571771144,True
2023,6,MAG,45.0,0,0.15245682183492143,True
2023,6,MAG,46.0,0,0.15241509106830214,True
2023,6,MAG,47.0,0,0.15283858589424695,True
2023,6,MAG,48.0,0,0.15270999374268007,True
2023,6,MAG,49.0,0,0.15379946409616468,True
2023,6,MAG,50.0,0,0.16129955084623124,True
2023,6,MAG,51.0,1,0.2799236277110514,True
2023,6,MAG,52.0,1,0.2882352917195325,True
2023,6,MAG,53.0,1,0.288683445561942,True
2023,6,MAG,54.0,1,0.31836662241675445,True
2023,6,MAG,55.0,1,0.29033229923076687,True
2023,6,MAG,56.0,1,0.29358569960442465,True
2023,6,MAG,57.0,1,0.2889047193775138,True
2023,6,MAG,58.0,1,0.30676027121233274,True
2023,6,MAG,59.0,0,0.28066833782839684,True
2023,6,MAG,60.0,0,0.2605092268586892,True
2023,6,MAG,61.0,0,0.16021362501748934,True
2023,6,MAG,62.0,0,0.15612891450383218,True
2023,6,MAG,63.0,1,0.21885806229464988,True
2023,6,MAG,64.0,1,0.26825843132133204,True
2023,6,MAG,65.0,1,0.27829072308625,True
2023,6,MAG,66.0,0,0.2207239325181311,True
2023,6,MAG,67.0,0,0.248634237754993,True
2023,6,MAG,68.0,0,0.18177887506950047,True
2023,6,NOR,1.0,0,0.16659275138724633,True
2023,6,NOR,2.0,0,0.15482729450214514,True
2023,6,NOR,3.0,0,0.15635752286570792,True
2023,6,NOR,4.0,0,0.16038248278657252,True
2023,6,NOR,5.0,0,0.17381353157779839,True
2023,6,NOR,6.0,0,0.17885844195600975,True
2023,6,NOR,7.0,0,0.17432891421073854,True
2023,6,NOR,8.0,0,0.23740599371254129,True
2023,6,NOR,9.0,1,0.2831187974952691,True
2023,6,NOR,10.0,1,0.2844148463130173,True
2023,6,NOR,11.0,1,0.2843771807065198,True
2023,6,NOR,12.0,1,0.28831148826373276,True
2023,6,NOR,13.0,1,0.28360233101712334,True
2023,6,NOR,14.0,0,0.15793445506718712,True
2023,6,NOR,15.0,0,0.1581239016506853,True
2023,6,NOR,16.0,0,0.15595160058526528,True
2023,6,NOR,17.0,0,0.15387388603340219,True
2023,6,NOR,18.0,0,0.15927293736187462,True
2023,6,NOR,19.0,0,0.15567960422573635,True
2023,6,NOR,20.0,0,0.15434593886547998,True
2023,6,NOR,21.0,0,0.15557146513347975,True
2023,6,NOR,22.0,0,0.15388406017801268,True
2023,6,NOR,23.0,0,0.16119338250473925,True
2023,6,NOR,24.0,0,0.15352208144837348,True
2023,6,NOR,25.0,0,0.1535463340808469,True
2023,6,NOR,26.0,0,0.15471523368279563,True
2023,6,NOR,27.0,0,0.15394256448387747,True
2023,6,NOR,28.0,0,0.15391654675369226,True
2023,6,NOR,29.0,0,0.15349946896185987,True
2023,6,NOR,30.0,0,0.15358528646603284,True
2023,6,NOR,31.0,0,0.15447590929888716,True
2023,6,NOR,32.0,0,0.15445252649702854,True
2023,6,NOR,33.0,0,0.15621697484883573,True
2023,6,NOR,34.0,0,0.16415578588080573,True
2023,6,NOR,35.0,0,0.15275257387241387,True
2023,6,NOR,36.0,0,0.15228641155922648,True
2023,6,NOR,37.0,0,0.15222764928482518,True
2023,6,NOR,38.0,0,0.15241468800009847,True
2023,6,NOR,39.0,0,0.15233332740645167,True
2023,6,NOR,40.0,0,0.15204294129258816,True
2023,6,NOR,41.0,0,0.15205862606671391,True
2023,6,NOR,42.0,0,0.15205973307416012,True
2023,6,NOR,43.0,0,0.15208047916865813,True
2023,6,NOR,44.0,0,0.15333508358972286,True
2023,6,NOR,45.0,0,0.15282197333792472,True
2023,6,NOR,46.0,0,0.15272836749668436,True
2023,6,NOR,47.0,0,0.15365115576735672,True
2023,6,NOR,48.0,0,0.15311461369452167,True
2023,6,NOR,49.0,0,0.15426917430463352,True
2023,6,NOR,50.0,0,0.171772846913753,True
2023,6,NOR,51.0,1,0.28425386808391073,True
2023,6,NOR,52.0,1,0.28783231922605085,True
2023,6,NOR,53.0,1,0.2886274973202294,True
2023,6,NOR,54.0,1,0.30303730260132944,True
2023,6,NOR,55.0,1,0.2915343447789396,True
2023,6,NOR,56.0,1,0.28963286802428134,True
2023,6,NOR,57.0,1,0.2998194510832901,True
2023,6,NOR,58.0,1,0.30836564697097196,True
2023,6,NOR,59.0,1,0.2876432984150411,True
2023,6,NOR,60.0,0,0.25899708830765966,True
2023,6,NOR,61.0,0,0.16468911123118787,True
2023,6,NOR,62.0,0,0.1589665796150129,True
2023,6,NOR,63.0,0,0.18208649384953812,True
2023,6,NOR,64.0,0,0.21895058740730472,True
2023,6,NOR,65.0,1,0.26913621417153466,True
2023,6,NOR,66.0,1,0.28026785150568745,True
2023,6,NOR,67.0,1,0.2790241478752436,True
2023,6,NOR,68.0,0,0.17363698548523124,True
2023,6,NOR,69.0,0,0.15912190868813564,True
2023,6,NOR,70.0,0,0.15699057309031939,True
2023,6,NOR,71.0,0,0.1532738864048563,True
2023,6,NOR,72.0,0,0.15261480281414724,True
2023,6,NOR,73.0,0,0.15270694544771024,True
2023,6,NOR,74.0,0,0.15272601081736042,True
2023,6,OCO,1.0,0,0.19582647251883034,True
2023,6,OCO,2.0,0,0.15470467571160293,True
2023,6,OCO,3.0,0,0.15619102889998654,True
2023,6,OCO,4.0,0,0.16007828828358325,True
2023,6,OCO,5.0,0,0.17381695646895978,True
2023,6,OCO,6.0,0,0.17874209755182707,True
2023,6,OCO,7.0,0,0.17432106322948895,True
2023,6,OCO,8.0,0,0.23738672854584636,True
2023,6,OCO,9.0,1,0.2829937455146546,True
2023,6,OCO,10.0,1,0.2843494149189181,True
2023,6,OCO,11.0,1,0.28505270288526274,True
2023,6,OCO,12.0,1,0.28840179203835603,True
2023,6,OCO,13.0,1,0.28398959417589903,True
2023,6,OCO,14.0,0,0.15722736283769545,True
2023,6,OCO,15.0,0,0.15722977659001708,True
2023,6,OCO,16.0,0,0.15548751344468004,True
2023,6,OCO,17.0,0,0.15372572461940054,True
2023,6,OCO,18.0,0,0.1585123160888743,True
2023,6,OCO,19.0,0,0.1562212148187175,True
2023,6,OCO,20.0,0,0.15466414957839392,True
2023,6,OCO,21.0,0,0.15555953374305154,True
2023,6,OCO,22.0,0,0.15386583320256642,True
2023,6,OCO,23.0,0,0.16153451142971512,True
2023,6,OCO,24.0,0,0.15330137574437924,True
2023,6,OCO,25.0,0,0.1531950089965552,True
2023,6,OCO,26.0,0,0.15409755454294832,True
2023,6,OCO,27.0,0,0.15361641744764004,True
2023,6,OCO,28.0,0,0.15384249808320621,True
2023,6,OCO,29.0,0,0.15333040475348042,True
2023,6,OCO,30.0,0,0.1536326747866874,True
2023,6,OCO,31.0,0,0.15464799522402134,True
2023,6,OCO,32.0,0,0.154737580891552,True
2023,6,OCO,33.0,0,0.15336768521676863,True
2023,6,OCO,34.0,0,0.15657712136351767,True
2023,6,OCO,35.0,0,0.15235276022221272,True
2023,6,OCO,36.0,0,0.15217469875362552,True
2023,6,OCO,37.0,0,0.15212787745322542,True
2023,6,OCO,38.0,0,0.1522554088807691,True
2023,6,OCO,39.0,0,0.1522349079769947,True
2023,6,OCO,40.0,0,0.1520104599468335,True
2023,6,OCO,41.0,0,0.15201182316347595,True
2023,6,OCO,42.0,0,0.15200734085287965,True
2023,6,OCO,43.0,0,0.1520277875238259,True
2023,6,OCO,44.0,0,0.15289136007240664,True
2023,6,OCO,45.0,0,0.15263065118425775,True
2023,6,OCO,46.0,0,0.1526036828389628,True
2023,6,OCO,47.0,0,0.15290717199876766,True
2023,6,OCO,48.0,0,0.1528113843209174,True
2023,6,OCO,49.0,0,0.15348357566871912,True
2023,6,OCO,50.0,0,0.15826633747076432,True
2023,6,OCO,51.0,0,0.23816689918028078,True
2023,6,OCO,52.0,1,0.2877614971395473,True
2023,6,OCO,53.0,1,0.2898676468035849,True
2023,6,OCO,54.0,1,0.2892469067048783,True
2023,6,OCO,55.0,1,0.3240806712438652,True
2023,6,OCO,56.0,1,0.2885270728766612,True
2023,6,OCO,57.0,1,0.2907807982564865,True
2023,6,OCO,58.0,1,0.3085252614624429,True
2023,6,OCO,59.0,1,0.2828763753716887,True
2023,6,OCO,60.0,1,0.26241492490765644,True
2023,6,OCO,61.0,0,0.16272978367768487,True
2023,6,OCO,62.0,0,0.16129027613284264,True
2023,6,OCO,63.0,0,0.1852618957898012,True
2023,6,OCO,64.0,0,0.21838640336748688,True
2023,6,OCO,65.0,0,0.2596129975817211,True
2023,6,OCO,66.0,1,0.2781988777077363,True
2023,6,OCO,67.0,1,0.2798795151728622,True
2023,6,OCO,68.0,1,0.2711789462045817,True
2023,6,OCO,69.0,0,0.15353128938006813,True
2023,6,OCO,70.0,0,0.15704321385534845,True
2023,6,OCO,71.0,0,0.1533164151944369,True
2023,6,OCO,72.0,0,0.1525269589219922,True
2023,6,OCO,73.0,0,0.15278171262754875,True
2023,6,OCO,74.0,0,0.15272029193403608,True
2023,6,OCO,75.0,0,0.1527855703222732,True
2023,6,PER,1.0,0,0.16743243646951617,True
2023,6,PER,2.0,0,0.15440017932217415,True
2023,6,PER,3.0,0,0.15478226496664144,True
2023,6,PER,4.0,0,0.15736682296321755,True
2023,6,PER,5.0,0,0.16561648250189537,True
2023,6,PER,6.0,0,0.17137977581354674,True
2023,6,PER,7.0,0,0.16967826754912835,True
2023,6,PER,8.0,1,0.2598771193131352,True
2023,6,PER,9.0,1,0.28560900875609085,True
2023,6,PER,10.0,1,0.2861513861643449,True
2023,6,PER,11.0,1,0.28911114516807684,True
2023,6,PER,12.0,1,0.28654152518812015,True
2023,6,PER,13.0,1,0.28476097385503507,True
2023,6,PER,14.0,0,0.15872807329362495,True
2023,6,PER,15.0,0,0.15755209745673077,True
2023,6,PER,16.0,0,0.15542653331543946,True
2023,6,PER,17.0,0,0.15381395945028115,True
2023,6,PER,18.0,0,0.15513934050770545,True
2023,6,PER,19.0,0,0.15409847897797915,True
2023,6,PER,20.0,0,0.15331380315573515,True
2023,6,PER,21.0,0,0.1532027210733677,True
2023,6,PER,22.0,0,0.15253361829755246,True
2023,6,PER,23.0,0,0.1536890461983888,True
2023,6,PER,24.0,0,0.15242158971869962,True
2023,6,PER,25.0,0,0.15236086514709835,True
2023,6,PER,26.0,0,0.15267150666858312,True
2023,6,PER,27.0,0,0.15246115128702828,True
2023,6,PER,28.0,0,0.15245651458312565,True
2023,6,PER,29.0,0,0.15233060882276553,True
2023,6,PER,30.0,0,0.1524064685221282,True
2023,6,PER,31.0,0,0.15273802022099586,True
2023,6,PER,32.0,0,0.15262188180713002,True
2023,6,PER,33.0,0,0.15336982183323217,True
2023,6,PER,34.0,0,0.15697821272254703,True
2023,6,PER,35.0,0,0.1528940415321128,True
2023,6,PER,36.0,0,0.15239604549862382,True
2023,6,PER,37.0,0,0.15236370051756037,True
2023,6,PER,38.0,0,0.15261989231186796,True
2023,6,PER,39.0,0,0.15241862477905213,True
2023,6,PER,40.0,0,0.1520579854832071,True
2023,6,PER,41.0,0,0.15203031959719948,True
2023,6,PER,42.0,0,0.1520730388027889,True
2023,6,PER,43.0,0,0.15207713259562633,True
2023,6,PER,44.0,0,0.15338890370527808,True
2023,6,PER,45.0,0,0.1529718627469731,True
2023,6,PER,46.0,0,0.1528880286564706,True
2023,6,PER,47.0,0,0.15365468812580277,True
2023,6,PER,48.0,0,0.15317249750843442,True
2023,6,PER,49.0,0,0.1549071217131075,True
2023,6,PER,50.0,0,0.17465325531801754,True
2023,6,PER,51.0,1,0.2815425861863946,True
2023,6,PER,52.0,1,0.28806019058896803,True
2023,6,PER,53.0,1,0.28921800070901593,True
2023,6,PER,54.0,1,0.32432674880809675,True
2023,6,PER,55.0,1,0.2911127418176679,True
2023,6,PER,56.0,1,0.2882181864312453,True
2023,6,PER,57.0,1,0.29843293684805106,True
2023,6,PER,58.0,1,0.30257751146409273,True
2023,6,PER,59.0,1,0.28275539333985344,True
2023,6,PER,60.0,0,0.2421839822341155,True
2023,6,PER,61.0,0,0.1622084318172471,True
2023,6,PER,62.0,0,0.15679240927214394,True
2023,6,PER,63.0,0,0.19519526497151224,True
2023,6,PER,64.0,1,0.2636162575663191,True
2023,6,PER,65.0,1,0.27925793533456955,True
2023,6,PER,66.0,1,0.2824397268279716,True
2023,6,PER,67.0,0,0.16278756721079365,True
2023,6,PER,68.0,0,0.17413499690361844,True
2023,6,PER,69.0,0,0.15624947703824338,True
2023,6,PER,70.0,0,0.15616813791005235,True
2023,6,PER,71.0,0,0.15342503628234408,True
2023,6,PER,72.0,0,0.15345510052683778,True
2023,6,PER,73.0,0,0.15364957717380193,True
2023,6,PIA,1.0,0,0.1558835701590507,True
2023,6,PIA,2.0,0,0.15406248581411797,True
2023,6,PIA,3.0,0,0.15393962291616192,True
2023,6,PIA,4.0,0,0.1556348941274382,True
2023,6,PIA,5.0,0,0.16164531628906104,True
2023,6,PIA,6.0,0,0.16609227803938195,True
2023,6,PIA,7.0,0,0.16382782422245412,True
2023,6,PIA,8.0,0,0.24228036346296458,True
2023,6,PIA,9.0,1,0.2837987613583627,True
2023,6,PIA,10.0,1,0.2853922992950512,True
2023,6,PIA,11.0,1,0.2853674662374564,True
2023,6,PIA,12.0,1,0.2884757367443648,True
2023,6,PIA,13.0,1,0.2837101857856852,True
2023,6,PIA,14.0,0,0.15802243037418393,True
2023,6,PIA,15.0,0,0.1568645296710006,True
2023,6,PIA,16.0,0,0.1550997260385433,True
2023,6,PIA,17.0,0,0.15342009238016557,True
2023,6,PIA,18.0,0,0.15487573357001938,True
2023,6,PIA,19.0,0,0.15375985808820408,True
2023,6,PIA,20.0,0,0.15308426539183415,True
2023,6,PIA,21.0,0,0.15320505584813598,True
2023,6,PIA,22.0,0,0.15250935811808272,True
2023,6,PIA,23.0,0,0.15364815807302784,True
2023,6,PIA,24.0,0,0.1523714129483254,True
2023,6,PIA,25.0,0,0.15231923613376674,True
2023,6,PIA,26.0,0,0.15262925382955955,True
2023,6,PIA,27.0,0,0.15238983492385585,True
2023,6,PIA,28.0,0,0.15237669793811556,True
2023,6,PIA,29.0,0,0.15228955047641568,True
2023,6,PIA,30.0,0,0.15234750648050813,True
2023,6,PIA,31.0,0,0.15270302501301058,True
2023,6,PIA,32.0,0,0.15256886243578058,True
2023,6,PIA,33.0,0,0.15338608088068112,True
2023,6,PIA,34.0,0,0.15587695252954242,True
2023,6,PIA,35.0,0,0.15228954535386052,True
2023,6,PIA,36.0,0,0.15210786596767953,True
2023,6,PIA,37.0,0,0.1520679752284227,True
2023,6,PIA,38.0,0,0.15217057923111635,True
2023,6,PIA,39.0,0,0.15213407168762766,True
2023,6,PIA,40.0,0,0.15198385800761802,True
2023,6,PIA,41.0,0,0.1519901532128694,True
2023,6,PIA,42.0,0,0.15198762438164232,True
2023,6,PIA,43.0,0,0.15200320441772994,True
2023,6,PIA,44.0,0,0.15270622612379212,True
2023,6,PIA,45.0,0,0.15246159749744378,True
2023,6,PIA,46.0,0,0.15241900490808716,True
2023,6,PIA,47.0,0,0.15286746086491404,True
2023,6,PIA,48.0,0,0.1527322005272614,True
2023,6,PIA,49.0,0,0.1541708340740529,True
2023,6,PIA,50.0,0,0.1587191931078988,True
2023,6,PIA,51.0,1,0.27295335279669114,True
2023,6,PIA,52.0,1,0.2881293031623435,True
2023,6,PIA,53.0,1,0.28873368619188444,True
2023,6,PIA,54.0,1,0.3205113193268524,True
2023,6,PIA,55.0,1,0.29175904592319196,True
2023,6,PIA,56.0,1,0.2896959897660687,True
2023,6,PIA,57.0,1,0.299635822073952,True
2023,6,PIA,58.0,1,0.3082208650963831,True
2023,6,PIA,59.0,1,0.2874484028163494,True
2023,6,PIA,60.0,0,0.2589038123487056,True
2023,6,PIA,61.0,0,0.16570265172436754,True
2023,6,PIA,62.0,0,0.15899889875769652,True
2023,6,PIA,63.0,0,0.18202562276747208,True
2023,6,PIA,64.0,0,0.21794031067732492,True
2023,6,PIA,65.0,1,0.26338091716524425,True
2023,6,PIA,66.0,1,0.2781966570194628,True
2023,6,PIA,67.0,1,0.27770396016815024,True
2023,6,PIA,68.0,0,0.17241758884754493,True
2023,6,PIA,69.0,0,0.15895633280580487,True
2023,6,PIA,70.0,0,0.15697696512600243,True
2023,6,PIA,71.0,0,0.153252155298339,True
2023,6,PIA,72.0,0,0.1525788481789895,True
2023,6,PIA,73.0,0,0.15277947401250078,True
2023,6,PIA,74.0,0,0.15273019585683012,True
2023,6,RUS,1.0,0,0.1570134554553762,True
2023,6,RUS,2.0,0,0.15411701806762243,True
2023,6,RUS,3.0,0,0.15403736643778745,True
2023,6,RUS,4.0,0,0.15602513452926034,True
2023,6,RUS,5.0,0,0.16360633546092657,True
2023,6,RUS,6.0,0,0.16789594194459603,True
2023,6,RUS,7.0,0,0.16524951707530813,True
2023,6,RUS,8.0,0,0.24949590156347315,True
2023,6,RUS,9.0,1,0.28402669666660174,True
2023,6,RUS,10.0,1,0.28552932893172833,True
2023,6,RUS,11.0,1,0.2860331839790339,True
2023,6,RUS,12.0,1,0.2886703363219648,True
2023,6,RUS,13.0,1,0.28442010600064893,True
2023,6,RUS,14.0,0,0.15771898553175195,True
2023,6,RUS,15.0,0,0.15652930991918199,True
2023,6,RUS,16.0,0,0.15529516167579863,True
2023,6,RUS,17.0,0,0.1532045387372866,True
2023,6,RUS,18.0,0,0.15512255537914635,True
2023,6,RUS,19.0,0,0.15388692653189956,True
2023,6,RUS,20.0,0,0.15327268283800433,True
2023,6,RUS,21.0,0,0.15320973398966029,True
2023,6,RUS,22.0,0,0.15255402823917122,True
2023,6,RUS,23.0,0,0.15365506674861606,True
2023,6,RUS,24.0,0,0.15234647003816779,True
2023,6,RUS,25.0,0,0.15230751943693596,True
2023,6,RUS,26.0,0,0.1525387864931142,True
2023,6,RUS,27.0,0,0.15242699727021786,True
2023,6,RUS,28.0,0,0.1523978984401559,True
2023,6,RUS,29.0,0,0.1523075133512785,True
2023,6,RUS,30.0,0,0.15240101773358433,True
2023,6,RUS,31.0,0,0.15269343479779243,True
2023,6,RUS,32.0,0,0.15259103841495333,True
2023,6,RUS,33.0,0,0.15338422580524722,True
2023,6,RUS,34.0,0,0.15596388233850536,True
2023,6,RUS,35.0,0,0.15229020757796327,True
2023,6,RUS,36.0,0,0.15211229011083507,True
2023,6,RUS,37.0,0,0.1520835391297565,True
2023,6,RUS,38.0,0,0.15220347896266925,True
2023,6,RUS,39.0,0,0.15219990451878276,True
2023,6,RUS,40.0,0,0.15200590651840296,True
2023,6,RUS,41.0,0,0.15201060690812357,True
2023,6,RUS,42.0,0,0.1519865854006791,True
2023,6,RUS,43.0,0,0.15200197913125402,True
2023,6,RUS,44.0,0,0.1526994414797056,True
2023,6,RUS,45.0,0,0.152426724294197,True
2023,6,RUS,46.0,0,0.15256298992442352,True
2023,6,RUS,47.0,0,0.1529224945281124,True
2023,6,RUS,48.0,0,0.15277143630246287,True
2023,6,RUS,49.0,0,0.1535623638415482,True
2023,6,RUS,50.0,0,0.15828443235193054,True
2023,6,RUS,51.0,0,0.2350906533816226,True
2023,6,RUS,52.0,1,0.28783385262901745,True
2023,6,RUS,53.0,1,0.29007549093917273,True
2023,6,RUS,54.0,1,0.2893738899384452,True
2023,6,RUS,55.0,1,0.31960043495749424,True
2023,6,RUS,56.0,1,0.28842935692619476,True
2023,6,RUS,57.0,1,0.2902177307508161,True
2023,6,RUS,58.0,1,0.30811695711273474,True
2023,6,RUS,59.0,1,0.28731625374249764,True
2023,6,RUS,60.0,1,0.2669720548353144,True
2023,6,RUS,61.0,0,0.1632119001525676,True
2023,6,RUS,62.0,0,0.16029157760328266,True
2023,6,RUS,63.0,0,0.1842353726292359,True
2023,6,RUS,64.0,0,0.2155503747208069,True
2023,6,RUS,65.0,0,0.2599889458772888,True
2023,6,RUS,66.0,1,0.2803561490442273,True
2023,6,RUS,67.0,1,0.2803040211750742,True
2023,6,RUS,68.0,1,0.2716163876394342,True
2023,6,RUS,69.0,0,0.15365357343571417,True
2023,6,RUS,70.0,0,0.15731387873803318,True
2023,6,RUS,71.0,0,0.15332853741919777,True
2023,6,RUS,72.0,0,0.15255276679401197,True
2023,6,RUS,73.0,0,0.1528543859011115,True
2023,6,RUS,74.0,0,0.15280468073021317,True
2023,6,RUS,75.0,0,0.15278330171355156,True
2023,6,SAI,1.0,0,0.16315043550384606,True
2023,6,SAI,2.0,0,0.15413326344328887,True
2023,6,SAI,3.0,0,0.15399653203558603,True
2023,6,SAI,4.0,0,0.1559186492465919,True
2023,6,SAI,5.0,0,0.1636182543183708,True
2023,6,SAI,6.0,0,0.16789340945230005,True
2023,6,SAI,7.0,0,0.1652755222777912,True
2023,6,SAI,8.0,0,0.2496159716272132,True
2023,6,SAI,9.0,1,0.2846178293174041,True
2023,6,SAI,10.0,1,0.2860262172098218,True
2023,6,SAI,11.0,1,0.2860331839790339,True
2023,6,SAI,12.0,1,0.28866760729733565,True
2023,6,SAI,13.0,1,0.28441592884557715,True
2023,6,SAI,14.0,0,0.15771898553175195,True
2023,6,SAI,15.0,0,0.15652914858011044,True
2023,6,SAI,16.0,0,0.15484638961942632,True
2023,6,SAI,17.0,0,0.1532045387372866,True
2023,6,SAI,18.0,0,0.15473465082454996,True
2023,6,SAI,19.0,0,0.15412898940262054,True
2023,6,SAI,20.0,0,0.15334610158006898,True
2023,6,SAI,21.0,0,0.15319623835771934,True
2023,6,SAI,22.0,0,0.15254098326342647,True
2023,6,SAI,23.0,0,0.15362746976006042,True
2023,6,SAI,24.0,0,0.15239248722493257,True
2023,6,SAI,25.0,0,0.15227133295497433,True
2023,6,SAI,26.0,0,0.1524937723380075,True
2023,6,SAI,27.0,0,0.1523776691630362,True
2023,6,SAI,28.0,0,0.1523978984401559,True
2023,6,SAI,29.0,0,0.1523075133512785,True
2023,6,SAI,30.0,0,0.15240101773358433,True
2023,6,SAI,31.0,0,0.15269343479779243,True
2023,6,SAI,32.0,0,0.15258773479218063,True
2023,6,SAI,33.0,0,0.15353990067187323,True
2023,6,SAI,34.0,0,0.16613218133660215,True
2023,6,SAI,35.0,0,0.15285949199989704,True
2023,6,SAI,36.0,0,0.1523780331636548,True
2023,6,SAI,37.0,0,0.15231381285033155,True
2023,6,SAI,38.0,0,0.15258657983007384,True
2023,6,SAI,39.0,0,0.1524107020817175,True
2023,6,SAI,40.0,0,0.15204614792050994,True
2023,6,SAI,41.0,0,0.15205645298587353,True
2023,6,SAI,42.0,0,0.15207048600396197,True
2023,6,SAI,43.0,0,0.1520882484110418,True
2023,6,SAI,44.0,0,0.15323877587601525,True
2023,6,SAI,45.0,0,0.15296729975732784,True
2023,6,SAI,46.0,0,0.15290732082301,True
2023,6,SAI,47.0,0,0.1535919387461988,True
2023,6,SAI,48.0,0,0.15309348953943727,True
2023,6,SAI,49.0,0,0.15408418745825717,True
2023,6,SAI,50.0,0,0.15919248527234772,True
2023,6,SAI,51.0,0,0.2215074177392308,True
2023,6,SAI,52.0,1,0.2873855866909179,True
2023,6,SAI,53.0,1,0.29218329742135746,True
2023,6,SAI,54.0,1,0.3042918027736497,True
2023,6,SAI,55.0,1,0.322795841398306,True
2023,6,SAI,56.0,1,0.2889239947854966,True
2023,6,SAI,57.0,1,0.29079124372357457,True
2023,6,SAI,58.0,1,0.3085007408570871,True
2023,6,SAI,59.0,1,0.2877035633902928,True
2023,6,SAI,60.0,1,0.2670212483874922,True
2023,6,SAI,61.0,0,0.16430282179885372,True
2023,6,SAI,62.0,0,0.160396369932038,True
2023,6,SAI,63.0,0,0.187627674430418,True
2023,6,SAI,64.0,0,0.22048082542367303,True
2023,6,SAI,65.0,1,0.27013636544829983,True
2023,6,SAI,66.0,1,0.2769770165482691,True
2023,6,SAI,67.0,1,0.28030659361247984,True
2023,6,SAI,68.0,0,0.17469932187628617,True
2023,6,SAI,69.0,0,0.1610955891226654,True
2023,6,SAI,70.0,0,0.1569219860360012,True
2023,6,SAI,71.0,0,0.15339476469298896,True
2023,6,SAI,72.0,0,0.1525523717005432,True
2023,6,SAI,73.0,0,0.15277388245974421,True
2023,6,SAI,74.0,0,0.1528257801602042,True
2023,6,SAI,75.0,0,0.15278074222914914,True
2023,6,SAR,1.0,0,0.16786300789993736,True
2023,6,SAR,2.0,0,0.15486634371580324,True
2023,6,SAR,3.0,0,0.1565097333680673,True
2023,6,SAR,4.0,0,0.16098387788911173,True
2023,6,SAR,5.0,0,0.1770584792868199,True
2023,6,SAR,6.0,0,0.18263813605325235,True
2023,6,SAR,7.0,0,0.1773315012441898,True
2023,6,SAR,8.0,1,0.24506139216787526,True
2023,6,SAR,9.0,1,0.28328487401502744,True
2023,6,SAR,10.0,1,0.28454937922155643,True
2023,6,SAR,11.0,1,0.28839609761750007,True
2023,6,SAR,12.0,1,0.28583520227181153,True
2023,6,SAR,13.0,1,0.28416118862761613,True
2023,6,SAR,14.0,0,0.15809953525032847,True
2023,6,SAR,15.0,0,0.15796151323421792,True
2023,6,SAR,16.0,0,0.15588085359430437,True
2023,6,SAR,17.0,0,0.15404348508885768,True
2023,6,SAR,18.0,0,0.1593814365961359,True
2023,6,SAR,19.0,0,0.15506042940742432,True
2023,6,SAR,20.0,0,0.1545742043142087,True
2023,6,SAR,21.0,0,0.1534602838118736,True
2023,6,SAR,22.0,0,0.15254747693606022,True
2023,6,SAR,23.0,0,0.15402416306996902,True
2023,6,SAR,24.0,0,0.15253609281610458,True
2023,6,SAR,25.0,0,0.15248198365351465,True
2023,6,SAR,26.0,0,0.15278518206765682,True
2023,6,SAR,27.0,0,0.1524141007779916,True
2023,6,SAR,28.0,0,0.1523726385922121,True
2023,6,SAR,29.0,0,0.15228770006885842,True
2023,6,SAR,30.0,0,0.15236795805913658,True
2023,6,SAR,31.0,0,0.1526498411576742,True
2023,6,SAR,32.0,0,0.15267861806900435,True
2023,6,SAR,33.0,0,0.1531462795588186,True
2023,6,SAR,34.0,0,0.15631161888933343,True
2023,6,SAR,35.0,0,0.15233125910272546,True
2023,6,SAR,36.0,0,0.1520453452050904,True
2023,6,SAR,37.0,0,0.15209142036308104,True
2023,6,SAR,38.0,0,0.15237007905674488,True
2023,6,SAR,39.0,0,0.1523322073463746,True
2023,6,SAR,40.0,0,0.15201385727359323,True
2023,6,SAR,41.0,0,0.1521161246070799,True
2023,6,SAR,42.0,0,0.1521588436295624,True
2023,6,SAR,43.0,0,0.15222416155796048,True
2023,6,SAR,44.0,0,0.1562073947657711,True
2023,6,SAR,45.0,0,0.1541962835652099,True
2023,6,SAR,46.0,0,0.15374493259329686,True
2023,6,SAR,47.0,0,0.15607488572793687,True
2023,6,SAR,48.0,0,0.15443560626159017,True
2023,6,SAR,49.0,0,0.16800829348682073,True
2023,6,SAR,50.0,1,0.2272425521630102,True
2023,6,SAR,51.0,1,0.2865930127116608,True
2023,6,SAR,52.0,1,0.28933040919884895,True
2023,6,SAR,53.0,1,0.30086447512018205,True
2023,6,SAR,54.0,1,0.2959279652583537,True
2023,6,SAR,55.0,1,0.29260847336592066,True
2023,6,SAR,56.0,1,0.292846716739364,True
2023,6,SAR,57.0,1,0.298497510243089,True
2023,6,SAR,58.0,1,0.3056470320238044,True
2023,6,SAR,59.0,0,0.28683785969670433,True
2023,6,SAR,60.0,0,0.26302466595002,True
2023,6,SAR,61.0,0,0.16839777395241734,True
2023,6,SAR,62.0,0,0.15924976606562966,True
2023,6,SAR,63.0,0,0.1859537811781976,True
2023,6,SAR,64.0,1,0.2319932932355772,True
2023,6,SAR,65.0,1,0.2767351255295903,True
2023,6,SAR,66.0,1,0.28091926756961144,True
2023,6,SAR,67.0,0,0.16895560965429496,True
2023,6,SAR,68.0,0,0.21257170552697852,True
2023,6,SAR,69.0,0,0.1584538045280473,True
2023,6,SAR,70.0,0,0.1571208325447782,True
2023,6,SAR,71.0,0,0.1532170066117139,True
2023,6,SAR,72.0,0,0.15257889490563997,True
2023,6,SAR,73.0,0,0.15277663128207505,True
2023,6,STR,1.0,0,0.15688771943691246,True
2023,6,STR,2.0,0,0.15400333004821604,True
2023,6,STR,3.0,0,0.15399653203558603,True
2023,6,STR,4.0,0,0.15602513452926034,True
2023,6,STR,5.0,0,0.16374367346190793,True
2023,6,STR,6.0,0,0.1678333164800534,True
2023,6,STR,7.0,0,0.16520476269130138,True
2023,6,STR,8.0,1,0.24971349609890076,True
2023,6,STR,9.0,1,0.2840019664472958,True
2023,6,STR,10.0,1,0.2855472325530992,True
2023,6,STR,11.0,1,0.28862082506809583,True
2023,6,STR,12.0,1,0.28603684259943624,True
2023,6,STR,13.0,1,0.28426293264608427,True
2023,6,STR,14.0,0,0.15823035727933324,True
2023,6,STR,15.0,0,0.1572849168999395,True
2023,6,STR,16.0,0,0.1549486804764402,True
2023,6,STR,17.0,0,0.15361397359908796,True
2023,6,STR,18.0,0,0.15466193999754244,True
2023,6,STR,19.0,0,0.15409258657100094,True
2023,6,STR,20.0,0,0.15334610158006898,True
2023,6,STR,21.0,0,0.15321491859102154,True
2023,6,STR,22.0,0,0.15253984459694953,True
2023,6,STR,23.0,0,0.1537315255832783,True
2023,6,STR,24.0,0,0.1524585082773546,True
2023,6,STR,25.0,0,0.15236652005529877,True
2023,6,STR,26.0,0,0.152646056802748,True
2023,6,STR,27.0,0,0.15244243807577934,True
2023,6,STR,28.0,0,0.1524368335988993,True
2023,6,STR,29.0,0,0.15233871374254937,True
2023,6,STR,30.0,0,0.1524000688729959,True
2023,6,STR,31.0,0,0.15281328655230597,True
2023,6,STR,32.0,0,0.15264296500066354,True
2023,6,STR,33.0,0,0.15338968957596227,True
2023,6,STR,34.0,0,0.15611960201786515,True
2023,6,STR,35.0,0,0.15233572354185262,True
2023,6,STR,36.0,0,0.15213580033425245,True
2023,6,STR,37.0,0,0.15209625195208226,True
2023,6,STR,38.0,0,0.15219471488191563,True
2023,6,STR,39.0,0,0.15214913884576525,True
2023,6,STR,40.0,0,0.15198507719971724,True
2023,6,STR,41.0,0,0.15199133639385246,True
2023,6,STR,42.0,0,0.15199705982154457,True
2023,6,STR,43.0,0,0.15201567906636818,True
2023,6,STR,44.0,0,0.15270606664752853,True
2023,6,STR,45.0,0,0.15243202794055744,True
2023,6,STR,46.0,0,0.15241722078824296,True
2023,6,STR,47.0,0,0.15284261877185396,True
2023,6,STR,48.0,0,0.15269317336804306,True
2023,6,STR,49.0,0,0.15378230023427103,True
2023,6,STR,50.0,0,0.16119259174103945,True
2023,6,STR,51.0,1,0.2849604893972954,True
2023,6,TSU,1.0,0,0.16651672870840578,True
2023,6,TSU,2.0,0,0.15482323821064298,True
2023,6,TSU,3.0,0,0.15635432565915966,True
2023,6,TSU,4.0,0,0.1603757713716803,True
2023,6,TSU,5.0,0,0.17381695646895978,True
2023,6,TSU,6.0,0,0.17874209755182707,True
2023,6,TSU,7.0,0,0.1743178242806864,True
2023,6,TSU,8.0,0,0.23799596800472517,True
2023,6,TSU,9.0,1,0.2831111027570504,True
2023,6,TSU,10.0,1,0.28440756956268365,True
2023,6,TSU,11.0,1,0.28437315057700696,True
2023,6,TSU,12.0,1,0.2883820886975942,True
2023,6,TSU,13.0,1,0.2835952276274075,True
2023,6,TSU,14.0,0,0.15722736283769545,True
2023,6,TSU,15.0,0,0.15722977659001708,True
2023,6,TSU,16.0,0,0.15548751344468004,True
2023,6,TSU,17.0,0,0.15372572461940054,True
2023,6,TSU,18.0,0,0.15930933917707957,True
2023,6,TSU,19.0,0,0.15583692760184062,True
2023,6,TSU,20.0,0,0.15446061160404545,True
2023,6,TSU,21.0,0,0.15564607468363442,True
2023,6,TSU,22.0,0,0.15388653732673263,True
2023,6,TSU,23.0,0,0.16123516824837597,True
2023,6,TSU,24.0,0,0.15351981931782238,True
2023,6,TSU,25.0,0,0.1534704474671055,True
2023,6,TSU,26.0,0,0.1547068932542887,True
2023,6,TSU,27.0,0,0.15380540003184542,True
2023,6,TSU,28.0,0,0.1539031268789996,True
2023,6,TSU,29.0,0,0.1533943131666983,True
2023,6,TSU,30.0,0,0.1535733450397489,True
2023,6,TSU,31.0,0,0.15447590929888716,True
2023,6,TSU,32.0,0,0.15438285458377052,True
2023,6,TSU,33.0,0,0.15614303768026683,True
2023,6,TSU,34.0,0,0.16415578588080573,True
2023,6,TSU,35.0,0,0.15269511610173375,True
2023,6,TSU,36.0,0,0.15227776695907574,True
2023,6,TSU,37.0,0,0.1522283765151731,True
2023,6,TSU,38.0,0,0.15241289781827588,True
2023,6,TSU,39.0,0,0.1523298363542138,True
2023,6,TSU,40.0,0,0.15204145938112554,True
2023,6,TSU,41.0,0,0.15204822660712233,True
2023,6,TSU,42.0,0,0.15205703023916572,True
2023,6,TSU,43.0,0,0.15207713501059822,True
2023,6,TSU,44.0,0,0.15331193414966754,True
2023,6,TSU,45.0,0,0.15281367336175686,True
2023,6,TSU,46.0,0,0.15272240923535987,True
2023,6,TSU,47.0,0,0.15362979023054027,True
2023,6,TSU,48.0,0,0.15311071603729237,True
2023,6,TSU,49.0,0,0.1542729558689417,True
2023,6,TSU,50.0,0,0.1609726763163503,True
2023,6,TSU,51.0,1,0.2771268708246934,True
2023,6,TSU,52.0,1,0.28780852055945355,True
2023,6,TSU,53.0,1,0.2892853087189062,True
2023,6,TSU,54.0,1,0.33806266633803117,True
2023,6,TSU,55.0,1,0.3211182844259149,True
2023,6,TSU,56.0,1,0.28975841463610486,True
2023,6,TSU,57.0,1,0.29964288547792894,True
2023,6,TSU,58.0,1,0.30823350234915414,True
2023,6,TSU,59.0,1,0.28711228073280165,True
2023,6,TSU,60.0,0,0.2585947549492112,True
2023,6,TSU,61.0,0,0.16631785765758572,True
2023,6,TSU,62.0,0,0.16004697274634988,True
2023,6,TSU,63.0,0,0.1864987463616873,True
2023,6,TSU,64.0,0,0.21800484349038668,True
2023,6,TSU,65.0,1,0.27587289149775096,True
2023,6,TSU,66.0,1,0.28020815224899864,True
2023,6,TSU,67.0,1,0.27769411610762046,True
2023,6,TSU,68.0,0,0.1609090111527669,True
2023,6,TSU,69.0,0,0.15920769644320223,True
2023,6,TSU,70.0,0,0.15677421974400962,True
2023,6,TSU,71.0,0,0.1533146948636303,True
2023,6,TSU,72.0,0,0.15255276679401197,True
2023,6,TSU,73.0,0,0.15275897601036575,True
2023,6,VER,1.0,0,0.2108413149499008,True
2023,6,VER,2.0,0,0.15486634371580324,True
2023,6,VER,3.0,0,0.15631828617237917,True
2023,6,VER,4.0,0,0.16063947980414253,True
2023,6,VER,5.0,0,0.17641329470434725,True
2023,6,VER,6.0,0,0.18261580883289608,True
2023,6,VER,7.0,0,0.17598140587864325,True
2023,6,VER,8.0,0,0.2436707670611844,True
2023,6,VER,9.0,1,0.2835056821053037,True
2023,6,VER,10.0,1,0.2848592241476471,True
2023,6,VER,11.0,1,0.28483142389879684,True
2023,6,VER,12.0,1,0.28846119646598084,True
2023,6,VER,13.0,1,0.2839375825766672,True
2023,6,VER,14.0,0,0.15728159867368596,True
2023,6,VER,15.0,0,0.15709034103396352,True
2023,6,VER,16.0,0,0.15552351654097704,True
2023,6,VER,17.0,0,0.15371744774958365,True
2023,6,VER,18.0,0,0.1583962210011517,True
2023,6,VER,19.0,0,0.15609181376725972,True
2023,6,VER,20.0,0,0.15452349788494546,True
2023,6,VER,21.0,0,0.15537618265497355,True
2023,6,VER,22.0,0,0.15377349469809712,True
2023,6,VER,23.0,0,0.1605794107359509,True
2023,6,VER,24.0,0,0.15336109810785598,True
2023,6,VER,25.0,0,0.15320142678484133,True
2023,6,VER,26.0,0,0.15413702253467834,True
2023,6,VER,27.0,0,0.15364859183855376,True
2023,6,VER,28.0,0,0.15384660489231067,True
2023,6,VER,29.0,0,0.15344998520216743,True
2023,6,VER,30.0,0,0.15361709434484055,True
2023,6,VER,31.0,0,0.15469820193381487,True
2023,6,VER,32.0,0,0.15443687267706427,True
2023,6,VER,33.0,0,0.1560864095045545,True
2023,6,VER,34.0,0,0.164131299870561,True
2023,6,VER,35.0,0,0.15276545469751568,True
2023,6,VER,36.0,0,0.15229180336203083,True
2023,6,VER,37.0,0,0.15223560958847598,True
2023,6,VER,38.0,0,0.15243687716469673,True
2023,6,VER,39.0,0,0.15237066228392265,True
2023,6,VER,40.0,0,0.15205301015602835,True
2023,6,VER,41.0,0,0.1520656263233043,True
2023,6,VER,42.0,0,0.1520602150566896,True
2023,6,VER,43.0,0,0.15208885929862198,True
2023,6,VER,44.0,0,0.15328046402273907,True
2023,6,VER,45.0,0,0.15293003477626077,True
2023,6,VER,46.0,0,0.1528536352895588,True
2023,6,VER,47.0,0,0.1536435846342305,True
2023,6,VER,48.0,0,0.15309811160937453,True
2023,6,VER,49.0,0,0.15427814644665483,True
2023,6,VER,50.0,0,0.15958075720710302,True
2023,6,VER,51.0,0,0.22626215662203436,True
2023,6,VER,52.0,1,0.28628594954660896,True
2023,6,VER,53.0,1,0.29244117092110333,True
2023,6,VER,54.0,1,0.3065835790722108,True
2023,6,VER,55.0,1,0.3255884183671842,True
2023,6,VER,56.0,1,0.288628151162324,True
2023,6,VER,57.0,1,0.2902177307508161,True
2023,6,VER,58.0,1,0.308115147910172,True
2023,6,VER,59.0,1,0.28734491349776886,True
2023,6,VER,60.0,1,0.2603303439293443,True
2023,6,VER,61.0,0,0.16200550030793975,True
2023,6,VER,62.0,0,0.15910721046785434,True
2023,6,VER,63.0,0,0.1842353726292359,True
2023,6,VER,64.0,0,0.21958509138751164,True
2023,6,VER,65.0,0,0.2598952324017579,True
2023,6,VER,66.0,1,0.2706846361336891,True
2023,6,VER,67.0,1,0.27901811623263073,True
2023,6,VER,68.0,1,0.2643018323866677,True
2023,6,VER,69.0,0,0.1542766299438907,True
2023,6,VER,70.0,0,0.15713529153155828,True
2023,6,VER,71.0,0,0.15340550262925573,True
2023,6,VER,72.0,0,0.1525340439403698,True
2023,6,VER,73.0,0,0.1528486425641391,True
2023,6,VER,74.0,0,0.15274962728758804,True
2023,6,VER,75.0,0,0.15278995563488176,True
2023,6,ZHO,1.0,0,0.16312010854676395,True
2023,6,ZHO,2.0,0,0.15448747413043876,True
2023,6,ZHO,3.0,0,0.15452387912362295,True
2023,6,ZHO,4.0,0,0.15708686235241826,True
2023,6,ZHO,5.0,0,0.1657757426270814,True
2023,6,ZHO,6.0,0,0.17148301071341426,True
2023,6,ZHO,7.0,0,0.16967826754912835,True
2023,6,ZHO,8.0,1,0.2598973153623209,True
2023,6,ZHO,9.0,1,0.28560900875609085,True
2023,6,ZHO,10.0,1,0.2861499147693178,True
2023,6,ZHO,11.0,1,0.2890776591093884,True
2023,6,ZHO,12.0,1,0.28654152518812015,True
2023,6,ZHO,13.0,1,0.28476097385503507,True
2023,6,ZHO,14.0,0,0.15893280752958314,True
2023,6,ZHO,15.0,0,0.15755209745673077,True
2023,6,ZHO,16.0,0,0.15561159451658113,True
2023,6,ZHO,17.0,0,0.15371528078978763,True
2023,6,ZHO,18.0,0,0.15714279217730337,True
2023,6,ZHO,19.0,0,0.15339033784507422,True
2023,6,ZHO,20.0,0,0.1532824719556431,True
2023,6,ZHO,21.0,0,0.1532025669974256,True
2023,6,ZHO,22.0,0,0.15251520363832777,True
2023,6,ZHO,23.0,0,0.15351223506548323,True
2023,6,ZHO,24.0,0,0.15234100923597463,True
2023,6,ZHO,25.0,0,0.15230976234173255,True
2023,6,ZHO,26.0,0,0.15256395632572708,True
2023,6,ZHO,27.0,0,0.15243336280768457,True
2023,6,ZHO,28.0,0,0.15246109529518442,True
2023,6,ZHO,29.0,0,0.15233846819084407,True
2023,6,ZHO,30.0,0,0.152429309341695,True
2023,6,ZHO,31.0,0,0.15271305449812309,True
2023,6,ZHO,32.0,0,0.15262188180713002,True
2023,6,ZHO,33.0,0,0.15336982183323217,True
2023,6,ZHO,34.0,0,0.1562610335742002,True
2023,6,ZHO,35.0,0,0.15232697561141412,True
2023,6,ZHO,36.0,0,0.15214376619119935,True
2023,6,ZHO,37.0,0,0.15209941364052199,True
2023,6,ZHO,38.0,0,0.15221037886046093,True
2023,6,ZHO,39.0,0,0.15215633649303525,True
2023,6,ZHO,40.0,0,0.15198657101862825,True
2023,6,ZHO,41.0,0,0.15199219143991274,True
2023,6,ZHO,42.0,0,0.1519928326285165,True
2023,6,ZHO,43.0,0,0.15201577455855264,True
2023,6,ZHO,44.0,0,0.15273971583490376,True
2023,6,ZHO,45.0,0,0.15246351507941208,True
2023,6,ZHO,46.0,0,0.15242391403273364,True
2023,6,ZHO,47.0,0,0.1528527962806004,True
2023,6,ZHO,48.0,0,0.1527231453311833,True
2023,6,ZHO,49.0,0,0.15383871183075204,True
2023,6,ZHO,50.0,0,0.16173723017668468,True
2023,6,ZHO,51.0,1,0.2843831365747452,True
2023,6,ZHO,52.0,1,0.2882904759981676,True
2023,6,ZHO,53.0,1,0.289473018513085,True
2023,6,ZHO,54.0,1,0.3379725045677915,True
2023,6,ZHO,55.0,1,0.2914853782412586,True
2023,6,ZHO,56.0,1,0.28965979737361885,True
2023,6,ZHO,57.0,1,0.29985175291208954,True
2023,6,ZHO,58.0,1,0.3085394571462363,True
2023,6,ZHO,59.0,1,0.2830201423171769,True
2023,6,ZHO,60.0,0,0.255474018136573,True
2023,6,ZHO,61.0,0,0.16709560372324134,True
2023,6,ZHO,62.0,0,0.16028491161916134,True
2023,6,ZHO,63.0,0,0.18703604805811105,True
2023,6,ZHO,64.0,1,0.2321606233650269,True
2023,6,ZHO,65.0,1,0.2768112910168976,True
2023,6,ZHO,66.0,1,0.2781174658619997,True
2023,6,ZHO,67.0,0,0.16832790155773975,True
2023,6,ZHO,68.0,0,0.19163222920847245,True
2023,6,ZHO,69.0,0,0.15881856534484717,True
2023,6,ZHO,70.0,0,0.15694539745894637,True
2023,6,ZHO,71.0,0,0.15327100263739502,True
2023,6,ZHO,72.0,0,0.15258164576048322,True
2023,6,ZHO,73.0,0,0.15282948210459285,True
2023,6,ZHO,74.0,0,0.15281152691351385,True
2023,7,ALB,1.0,0,0.15267987783181733,True
2023,7,ALB,2.0,0,0.1522608365528601,True
2023,7,ALB,3.0,0,0.15272246796710243,True
2023,7,ALB,4.0,0,0.15586250761904732,True
2023,7,ALB,5.0,0,0.16455090285526755,True
2023,7,ALB,6.0,0,0.15481641441151012,True
2023,7,ALB,7.0,0,0.1608032348491019,True
2023,7,ALB,8.0,0,0.15736014894723827,True
2023,7,ALB,9.0,0,0.1529453260428072,True
2023,7,ALB,10.0,0,0.15234395458930555,True
2023,7,ALB,11.0,0,0.15215260797725144,True
2023,7,ALB,12.0,0,0.15202580221822887,True
2023,7,ALB,13.0,0,0.15215609952940162,True
2023,7,ALB,14.0,0,0.15203148091076332,True
2023,7,ALB,15.0,0,0.15208676515448916,True
2023,7,ALB,16.0,0,0.1520948124903721,True
2023,7,ALB,17.0,0,0.15199043398681744,True
2023,7,ALB,18.0,0,0.15203344464547172,True
2023,7,ALB,19.0,0,0.15204617689265804,True
2023,7,ALB,20.0,0,0.15196743691099346,True
2023,7,ALB,21.0,0,0.15196051825208445,True
2023,7,ALB,22.0,0,0.1520441098731457,True
2023,7,ALB,23.0,0,0.15199480598219792,True
2023,7,ALB,24.0,0,0.15202532027639676,True
2023,7,ALB,25.0,0,0.1519827234401944,True
2023,7,ALB,26.0,0,0.1519850950841056,True
2023,7,ALB,27.0,0,0.15198304070300941,True
2023,7,ALB,28.0,0,0.1519575155444592,True
2023,7,ALB,29.0,0,0.15199150804674114,True
2023,7,ALB,30.0,0,0.15201174985548813,True
2023,7,ALB,31.0,0,0.15210883581578347,True
2023,7,ALB,32.0,0,0.15221493456291774,True
2023,7,ALB,33.0,0,0.15250272491973246,True
2023,7,ALB,34.0,0,0.15256424771818014,True
2023,7,ALB,35.0,0,0.155043723690555,True
2023,7,ALB,36.0,0,0.15302917214198924,True
2023,7,ALB,37.0,0,0.1519514274592378,True
2023,7,ALB,38.0,0,0.15192544031172234,True
2023,7,ALB,39.0,0,0.1520616794642937,True
2023,7,ALB,40.0,0,0.1519313293881189,True
2023,7,ALB,41.0,0,0.15192862174103516,True
2023,7,ALB,42.0,0,0.1519391173013769,True
2023,7,ALB,43.0,0,0.1519429732849938,True
2023,7,ALB,44.0,0,0.15192386475912065,True
2023,7,ALB,45.0,0,0.15194839164504226,True
2023,7,ALB,46.0,0,0.15195899394560647,True
2023,7,ALB,47.0,0,0.1520334359937696,True
2023,7,ALB,48.0,0,0.15198743173172205,True
2023,7,ALB,49.0,0,0.1519517223156943,True
2023,7,ALB,50.0,0,0.15206424802222512,True
2023,7,ALB,51.0,0,0.15194224809508938,True
2023,7,ALB,52.0,0,0.15197107105978874,True
2023,7,ALB,53.0,0,0.15193229208803266,True
2023,7,ALB,54.0,0,0.15198464703397496,True
2023,7,ALB,55.0,0,0.15218354456466288,True
2023,7,ALB,56.0,0,0.15213324179934878,True
2023,7,ALB,57.0,0,0.15222913420331333,True
2023,7,ALB,58.0,0,0.15236767700651643,True
2023,7,ALB,59.0,0,0.15240396278783702,True
2023,7,ALB,60.0,0,0.15225875501442468,True
2023,7,ALB,61.0,0,0.1527422068116692,True
2023,7,ALB,62.0,0,0.15403189170144727,True
2023,7,ALO,1.0,0,0.15258464052057966,True
2023,7,ALO,2.0,0,0.1522279049604594,True
2023,7,ALO,3.0,0,0.15272885820575519,True
2023,7,ALO,4.0,0,0.15591976280210618,True
2023,7,ALO,5.0,0,0.16450177549735756,True
2023,7,ALO,6.0,0,0.15481598482935804,True
2023,7,ALO,7.0,0,0.16011326103645662,True
2023,7,ALO,8.0,0,0.1572956219500673,True
2023,7,ALO,9.0,0,0.15300935784449424,True
2023,7,ALO,10.0,0,0.15234908029772393,True
2023,7,ALO,11.0,0,0.15215272079730963,True
2023,7,ALO,12.0,0,0.15202629288968886,True
2023,7,ALO,13.0,0,0.15215229384865137,True
2023,7,ALO,14.0,0,0.15202081413158802,True
2023,7,ALO,15.0,0,0.15208679663545727,True
2023,7,ALO,16.0,0,0.15207840153659394,True
2023,7,ALO,17.0,0,0.15203823147700696,True
2023,7,ALO,18.0,0,0.15207519090120428,True
2023,7,ALO,19.0,0,0.1520302682951204,True
2023,7,ALO,20.0,0,0.15195446899073625,True
2023,7,ALO,21.0,0,0.15196546561351815,True
2023,7,ALO,22.0,0,0.15206050713198688,True
2023,7,ALO,23.0,0,0.15199867310489967,True
2023,7,ALO,24.0,0,0.15201009407896798,True
2023,7,ALO,25.0,0,0.15196648468249727,True
2023,7,ALO,26.0,0,0.15196776912909732,True
2023,7,ALO,27.0,0,0.15197936060238942,True
2023,7,ALO,28.0,0,0.15195834550294235,True
2023,7,ALO,29.0,0,0.15197250076905236,True
2023,7,ALO,30.0,0,0.15198734729310132,True
2023,7,ALO,31.0,0,0.15206008277041347,True
2023,7,ALO,32.0,0,0.15211425773252102,True
2023,7,ALO,33.0,0,0.15226761187650334,True
2023,7,ALO,34.0,0,0.15225664226973215,True
2023,7,ALO,35.0,0,0.15402784429369049,True
2023,7,ALO,36.0,0,0.15304089082718858,True
2023,7,ALO,37.0,0,0.15194031951322232,True
2023,7,ALO,38.0,0,0.15195462750734218,True
2023,7,ALO,39.0,0,0.15210155418629348,True
2023,7,ALO,40.0,0,0.1519455733717508,True
2023,7,ALO,41.0,0,0.15193814642983744,True
2023,7,ALO,42.0,0,0.15195143332989114,True
2023,7,ALO,43.0,0,0.15196674154857828,True
2023,7,ALO,44.0,0,0.15195276831063195,True
2023,7,ALO,45.0,0,0.1519504625239923,True
2023,7,ALO,46.0,0,0.15196985313289466,True
2023,7,ALO,47.0,0,0.152087413932326,True
2023,7,ALO,48.0,0,0.15200154774599356,True
2023,7,ALO,49.0,0,0.15196803060447933,True
2023,7,ALO,50.0,0,0.15209645934438004,True
2023,7,ALO,51.0,0,0.1519405847597048,True
2023,7,ALO,52.0,0,0.15196464173668145,True
2023,7,ALO,53.0,0,0.15193814610155482,True
2023,7,ALO,54.0,0,0.15198849997614336,True
2023,7,ALO,55.0,0,0.15222969963941124,True
2023,7,ALO,56.0,0,0.15214697281324546,True
2023,7,ALO,57.0,0,0.15218626813484318,True
2023,7,ALO,58.0,0,0.1522798407868976,True
2023,7,ALO,59.0,0,0.1523238475714705,True
2023,7,ALO,60.0,0,0.15222726310737603,True
2023,7,ALO,61.0,0,0.1526506076378896,True
2023,7,ALO,62.0,0,0.15374967507422066,True
2023,7,ALO,63.0,0,0.15384049749828554,True
2023,7,BOT,1.0,0,0.15268181988056023,True
2023,7,BOT,2.0,0,0.1522608365528601,True
2023,7,BOT,3.0,0,0.15272246796710243,True
2023,7,BOT,4.0,0,0.15586250761904732,True
2023,7,BOT,5.0,0,0.16478131977317906,True
2023,7,BOT,6.0,0,0.15748216051690606,True
2023,7,BOT,7.0,0,0.1687671426969986,True
2023,7,BOT,8.0,0,0.16033315323607114,True
2023,7,BOT,9.0,0,0.1540021258421606,True
2023,7,BOT,10.0,0,0.1528604702301988,True
2023,7,BOT,11.0,0,0.15221051777404426,True
2023,7,BOT,12.0,0,0.15211077380592203,True
2023,7,BOT,13.0,0,0.1522651494939836,True
2023,7,BOT,14.0,0,0.15204936539666775,True
2023,7,BOT,15.0,0,0.1520967231437015,True
2023,7,BOT,16.0,0,0.15204656598317215,True
2023,7,BOT,17.0,0,0.15201117070803322,True
2023,7,BOT,18.0,0,0.15204701720216685,True
2023,7,BOT,19.0,0,0.1520277396907192,True
2023,7,BOT,20.0,0,0.1519656464482337,True
2023,7,BOT,21.0,0,0.15198260596409519,True
2023,7,BOT,22.0,0,0.15208695807190534,True
2023,7,BOT,23.0,0,0.15203195850209963,True
2023,7,BOT,24.0,0,0.15205876406876634,True
2023,7,BOT,25.0,0,0.15199606484912775,True
2023,7,BOT,26.0,0,0.15199560809488485,True
2023,7,BOT,27.0,0,0.15200795223358204,True
2023,7,BOT,28.0,0,0.15197836594474104,True
2023,7,BOT,29.0,0,0.15203400396238756,True
2023,7,BOT,30.0,0,0.15200668632141878,True
2023,7,BOT,31.0,0,0.15208821899979394,True
2023,7,BOT,32.0,0,0.15224152324389575,True
2023,7,BOT,33.0,0,0.15284094394620268,True
2023,7,BOT,34.0,0,0.1526332709309293,True
2023,7,BOT,35.0,0,0.15665628897865053,True
2023,7,BOT,36.0,0,0.15360630848298776,True
2023,7,BOT,37.0,0,0.15197097768317697,True
2023,7,BOT,38.0,0,0.15201960689792277,True
2023,7,BOT,39.0,0,0.15212415556931552,True
2023,7,BOT,40.0,0,0.15193131340575805,True
2023,7,BOT,41.0,0,0.15194094173348685,True
2023,7,BOT,42.0,0,0.1519570308568018,True
2023,7,BOT,43.0,0,0.15196019578710862,True
2023,7,BOT,44.0,0,0.15194139974126064,True
2023,7,BOT,45.0,0,0.15196004946325903,True
2023,7,BOT,46.0,0,0.1519647483908182,True
2023,7,BOT,47.0,0,0.15206984093947848,True
2023,7,BOT,48.0,0,0.15199770173654814,True
2023,7,BOT,49.0,0,0.1519618197012119,True
2023,7,BOT,50.0,0,0.15209222584975018,True
2023,7,BOT,51.0,0,0.1519447846328388,True
2023,7,BOT,52.0,0,0.15197628239015473,True
2023,7,BOT,53.0,0,0.15193810250233458,True
2023,7,BOT,54.0,0,0.1519942662982116,True
2023,7,BOT,55.0,0,0.15223146947337363,True
2023,7,BOT,56.0,0,0.15218593351509446,True
2023,7,BOT,57.0,0,0.15224828936875445,True
2023,7,BOT,58.0,0,0.1523598931182247,True
2023,7,BOT,59.0,0,0.15236422590148474,True
2023,7,BOT,60.0,0,0.15223923628324146,True
2023,7,BOT,61.0,0,0.15264786977844153,True
2023,7,BOT,62.0,0,0.15382617049888472,True
2023,7,DEV,1.0,0,0.15263734304921447,True
2023,7,DEV,2.0,0,0.1522608365528601,True
2023,7,DEV,3.0,0,0.15272246796710243,True
2023,7,DEV,4.0,0,0.15584531538622517,True
2023,7,DEV,5.0,0,0.16455090285526755,True
2023,7,DEV,6.0,0,0.15481641441151012,True
2023,7,DEV,7.0,0,0.16019340183565092,True
2023,7,DEV,8.0,0,0.1573797803406079,True
2023,7,DEV,9.0,0,0.15298429843473355,True
2023,7,DEV,10.0,0,0.15272771870021032,True
2023,7,DEV,11.0,0,0.1521962749118681,True
2023,7,DEV,12.0,0,0.15211085581579964,True
2023,7,DEV,13.0,0,0.15225664134955316,True
2023,7,DEV,14.0,0,0.1520478612109772,True
2023,7,DEV,15.0,0,0.15208100737075525,True
2023,7,DEV,16.0,0,0.1520436824665695,True
2023,7,DEV,17.0,0,0.15200085224012097,True
2023,7,DEV,18.0,0,0.15204756908037909,True
2023,7,DEV,19.0,0,0.15204996765554749,True
2023,7,DEV,20.0,0,0.15197930447333308,True
2023,7,DEV,21.0,0,0.15198043156393043,True
2023,7,DEV,22.0,0,0.15207946498058916,True
2023,7,DEV,23.0,0,0.15198840256729235,True
2023,7,DEV,24.0,0,0.1520411550230181,True
2023,7,DEV,25.0,0,0.1519851042301057,True
2023,7,DEV,26.0,0,0.15198268142455446,True
2023,7,DEV,27.0,0,0.15198808699480884,True
2023,7,DEV,28.0,0,0.15194730314700133,True
2023,7,DEV,29.0,0,0.15198174555552713,True
2023,7,DEV,30.0,0,0.1520065420037991,True
2023,7,DEV,31.0,0,0.15208823998229376,True
2023,7,DEV,32.0,0,0.1521941084960775,True
2023,7,DEV,33.0,0,0.15252855532784526,True
2023,7,DEV,34.0,0,0.15248525276834135,True
2023,7,DEV,35.0,0,0.15582357796397453,True
2023,7,DEV,36.0,0,0.15331373841017132,True
2023,7,DEV,37.0,0,0.15196173608270666,True
2023,7,DEV,38.0,0,0.15198545930880097,True
2023,7,DEV,39.0,0,0.15204416082691008,True
2023,7,DEV,40.0,0,0.15192899942518118,True
2023,7,DEV,41.0,0,0.15192388478863755,True
2023,7,DEV,42.0,0,0.1519390510071507,True
2023,7,DEV,43.0,0,0.15193787302413736,True
2023,7,DEV,44.0,0,0.15192392576025635,True
2023,7,DEV,45.0,0,0.15193993527506272,True
2023,7,DEV,46.0,0,0.1519573802521505,True
2023,7,DEV,47.0,0,0.1520333783813736,True
2023,7,DEV,48.0,0,0.15198062826123104,True
2023,7,DEV,49.0,0,0.15194872215111027,True
2023,7,DEV,50.0,0,0.15206424802222512,True
2023,7,DEV,51.0,0,0.1519488871983546,True
2023,7,DEV,52.0,0,0.15197049527708398,True
2023,7,DEV,53.0,0,0.15193218165792327,True
2023,7,DEV,54.0,0,0.15198475483069007,True
2023,7,DEV,55.0,0,0.1521757051655926,True
2023,7,DEV,56.0,0,0.15213324179934878,True
2023,7,DEV,57.0,0,0.15221410396266616,True
2023,7,DEV,58.0,0,0.15236767700651643,True
2023,7,DEV,59.0,0,0.15240322578520038,True
2023,7,DEV,60.0,0,0.15225875501442468,True
2023,7,DEV,61.0,0,0.1527154673760914,True
2023,7,DEV,62.0,0,0.1539641242139544,True
2023,7,GAS,1.0,0,0.1526096011165202,True
2023,7,GAS,2.0,0,0.1522608365528601,True
2023,7,GAS,3.0,0,0.15272222976092217,True
2023,7,GAS,4.0,0,0.15586250761904732,True
2023,7,GAS,5.0,0,0.16455010881819138,True
2023,7,GAS,6.0,0,0.154815416333025,True
2023,7,GAS,7.0,0,0.1601295930100251,True
2023,7,GAS,8.0,0,0.15733169943631914,True
2023,7,GAS,9.0,0,0.15300053475838632,True
2023,7,GAS,10.0,0,0.1523342910811803,True
2023,7,GAS,11.0,0,0.15213405811298947,True
2023,7,GAS,12.0,0,0.15201851302011724,True
2023,7,GAS,13.0,0,0.1521483837214042,True
2023,7,GAS,14.0,0,0.1520336389386974,True
2023,7,GAS,15.0,0,0.15209043749948065,True
2023,7,GAS,16.0,0,0.1520766464868311,True
2023,7,GAS,17.0,0,0.15203797350472578,True
2023,7,GAS,18.0,0,0.15207480963025782,True
2023,7,GAS,19.0,0,0.15202997723580597,True
2023,7,GAS,20.0,0,0.15194221820657042,True
2023,7,GAS,21.0,0,0.15195078609969795,True
2023,7,GAS,22.0,0,0.15203716993687288,True
2023,7,GAS,23.0,0,0.15197378024516167,True
2023,7,GAS,24.0,0,0.15198788347607517,True
2023,7,GAS,25.0,0,0.1519494481003157,True
2023,7,GAS,26.0,0,0.1519503753205344,True
2023,7,GAS,27.0,0,0.1519535913051487,True
2023,7,GAS,28.0,0,0.15193428119880473,True
2023,7,GAS,29.0,0,0.15196756073737278,True
2023,7,GAS,30.0,0,0.15204377642031014,True
2023,7,GAS,31.0,0,0.15207567874367395,True
2023,7,GAS,32.0,0,0.15212905317952025,True
2023,7,GAS,33.0,0,0.15228070321174986,True
2023,7,GAS,34.0,0,0.1522456898324636,True
2023,7,GAS,35.0,0,0.15343682274298415,True
2023,7,GAS,36.0,0,0.15274974527647361,True
2023,7,GAS,37.0,0,0.15193179709141605,True
2023,7,GAS,38.0,0,0.15194545168032697,True
2023,7,GAS,39.0,0,0.15210630147492704,True
2023,7,GAS,40.0,0,0.15193131340575805,True
2023,7,GAS,41.0,0,0.15193467416349535,True
2023,7,GAS,42.0,0,0.15195726686094002,True
2023,7,GAS,43.0,0,0.15196147729552506,True
2023,7,GAS,44.0,0,0.15193743991034375,True
2023,7,GAS,45.0,0,0.1519564332284973,True
2023,7,GAS,46.0,0,0.15196905309893988,True
2023,7,GAS,47.0,0,0.15206710684226057,True
2023,7,GAS,48.0,0,0.15199624340418666,True
2023,7,GAS,49.0,0,0.151959210848631,True
2023,7,GAS,50.0,0,0.15208751433089965,True
2023,7,GAS,51.0,0,0.15193849852153957,True
2023,7,GAS,52.0,0,0.1519789973807038,True
2023,7,GAS,53.0,0,0.1519239796007698,True
2023,7,GAS,54.0,0,0.15199345721996266,True
2023,7,GAS,55.0,0,0.15223215981049648,True
2023,7,GAS,56.0,0,0.15217019040015775,True
2023,7,GAS,57.0,0,0.15217018040978605,True
2023,7,GAS,58.0,0,0.15233096961745676,True
2023,7,GAS,59.0,0,0.1523340378171027,True
2023,7,GAS,60.0,0,0.15221164174140958,True
2023,7,GAS,61.0,0,0.15264590878036238,True
2023,7,GAS,62.0,0,0.1539032176624559,True
2023,7,GAS,63.0,0,0.1532945199268338,True
2023,7,HAM,1.0,0,0.1526164981280487,True
2023,7,HAM,2.0,0,0.15222811975996592,True
2023,7,HAM,3.0,0,0.15275608681466502,True
2023,7,HAM,4.0,0,0.1559225725134024,True
2023,7,HAM,5.0,0,0.16517959479265903,True
2023,7,HAM,6.0,0,0.15476498473583342,True
2023,7,HAM,7.0,0,0.1595600279148492,True
2023,7,HAM,8.0,0,0.15634107244246478,True
2023,7,HAM,9.0,0,0.15280594989826496,True
2023,7,HAM,10.0,0,0.15232980500514515,True
2023,7,HAM,11.0,0,0.1521277393562448,True
2023,7,HAM,12.0,0,0.15201013824304566,True
2023,7,HAM,13.0,0,0.1521263082310011,True
2023,7,HAM,14.0,0,0.152023027641557,True
2023,7,HAM,15.0,0,0.1520727234909808,True
2023,7,HAM,16.0,0,0.15205320657124202,True
2023,7,HAM,17.0,0,0.15203071286415687,True
2023,7,HAM,18.0,0,0.15206284064469888,True
2023,7,HAM,19.0,0,0.15206604553771302,True
2023,7,HAM,20.0,0,0.15198975108355708,True
2023,7,HAM,21.0,0,0.15197095281899237,True
2023,7,HAM,22.0,0,0.15205697130471527,True
2023,7,HAM,23.0,0,0.15199507797468295,True
2023,7,HAM,24.0,0,0.15202776657810863,True
2023,7,HAM,25.0,0,0.15194810073098117,True
2023,7,HAM,26.0,0,0.15195380749946374,True
2023,7,HAM,27.0,0,0.1519569318650073,True
2023,7,HAM,28.0,0,0.15193717494252473,True
2023,7,HAM,29.0,0,0.1519651867986373,True
2023,7,HAM,30.0,0,0.1520212027064424,True
2023,7,HAM,31.0,0,0.15203975067709802,True
2023,7,HAM,32.0,0,0.15208818763445595,True
2023,7,HAM,33.0,0,0.15225716487303032,True
2023,7,HAM,34.0,0,0.15223550899151073,True
2023,7,HAM,35.0,0,0.15342082780199306,True
2023,7,HAM,36.0,0,0.15269252300768957,True
2023,7,HAM,37.0,0,0.15192788387701223,True
2023,7,HAM,38.0,0,0.15194267490120805,True
2023,7,HAM,39.0,0,0.15205944367238725,True
2023,7,HAM,40.0,0,0.1519348926754832,True
2023,7,HAM,41.0,0,0.15193365755664154,True
2023,7,HAM,42.0,0,0.15193789099696473,True
2023,7,HAM,43.0,0,0.15194107739217244,True
2023,7,HAM,44.0,0,0.15192915251975775,True
2023,7,HAM,45.0,0,0.15195422155847382,True
2023,7,HAM,46.0,0,0.1519642415510442,True
2023,7,HAM,47.0,0,0.15199325426387025,True
2023,7,HAM,48.0,0,0.1519963883379793,True
2023,7,HAM,49.0,0,0.15195859947648038,True
2023,7,HAM,50.0,0,0.1521008351663467,True
2023,7,HAM,51.0,0,0.15195396918045512,True
2023,7,HAM,52.0,0,0.15197536852953494,True
2023,7,HAM,53.0,0,0.15194687360020856,True
2023,7,HAM,54.0,0,0.1520011215717238,True
2023,7,HAM,55.0,0,0.15219656678959312,True
2023,7,HAM,56.0,0,0.15212690508939067,True
2023,7,HAM,57.0,0,0.1523008070239926,True
2023,7,HAM,58.0,0,0.15240511871687507,True
2023,7,HAM,59.0,0,0.15248160089610308,True
2023,7,HAM,60.0,0,0.15229108388490883,True
2023,7,HAM,61.0,0,0.15285220500596433,True
2023,7,HAM,62.0,0,0.15388359299908974,True
2023,7,HAM,63.0,0,0.15356594851524868,True
2023,7,HUL,1.0,0,0.15259997431184458,True
2023,7,HUL,2.0,0,0.15226300717114774,True
2023,7,HUL,3.0,0,0.15272288559538033,True
2023,7,HUL,4.0,0,0.15582861393281294,True
2023,7,HUL,5.0,0,0.16450928808772342,True
2023,7,HUL,6.0,0,0.1548440493021132,True
2023,7,HUL,7.0,0,0.1604596473731414,True
2023,7,HUL,8.0,0,0.15750807447959086,True
2023,7,HUL,9.0,0,0.15355338475371044,True
2023,7,HUL,10.0,0,0.15242492399779448,True
2023,7,HUL,11.0,0,0.15209594937761134,True
2023,7,HUL,12.0,0,0.1520488755920548,True
2023,7,HUL,13.0,0,0.15217156071141358,True
2023,7,HUL,14.0,0,0.15202586171662746,True
2023,7,HUL,15.0,0,0.15206837096856293,True
2023,7,HUL,16.0,0,0.15203214278694083,True
2023,7,HUL,17.0,0,0.15199085965648437,True
2023,7,HUL,18.0,0,0.15201069497261832,True
2023,7,HUL,19.0,0,0.1520351254748653,True
2023,7,HUL,20.0,0,0.15195812404415487,True
2023,7,HUL,21.0,0,0.15196675737883952,True
2023,7,HUL,22.0,0,0.15202531052913276,True
2023,7,HUL,23.0,0,0.15196779986421877,True
2023,7,HUL,24.0,0,0.15199104690109888,True
2023,7,HUL,25.0,0,0.15195869907480558,True
2023,7,HUL,26.0,0,0.15197169503152436,True
2023,7,HUL,27.0,0,0.15196622982828054,True
2023,7,HUL,28.0,0,0.15194628687092812,True
2023,7,HUL,29.0,0,0.1519773603353759,True
2023,7,HUL,30.0,0,0.15205328897238515,True
2023,7,HUL,31.0,0,0.1520814028933774,True
2023,7,HUL,32.0,0,0.15215548771839443,True
2023,7,HUL,33.0,0,0.15257481201794404,True
2023,7,HUL,34.0,0,0.15263902740064778,True
2023,7,HUL,35.0,0,0.15469942676411125,True
2023,7,HUL,36.0,0,0.153032984536345,True
2023,7,HUL,37.0,0,0.15194126177712755,True
2023,7,HUL,38.0,0,0.151994368561229,True
2023,7,HUL,39.0,0,0.15210639817718807,True
2023,7,HUL,40.0,0,0.1519545426619427,True
2023,7,HUL,41.0,0,0.15195115774645662,True
2023,7,HUL,42.0,0,0.151963983179758,True
2023,7,HUL,43.0,0,0.15196829750793037,True
2023,7,HUL,44.0,0,0.1519138339322595,True
2023,7,HUL,45.0,0,0.15194074553960313,True
2023,7,HUL,46.0,0,0.15195089314589444,True
2023,7,HUL,47.0,0,0.15203144267710894,True
2023,7,HUL,48.0,0,0.15197730110920488,True
2023,7,HUL,49.0,0,0.15195412257980354,True
2023,7,HUL,50.0,0,0.15205551874945736,True
2023,7,HUL,51.0,0,0.15193920547595047,True
2023,7,HUL,52.0,0,0.15196817041259517,True
2023,7,HUL,53.0,0,0.15192974171200577,True
2023,7,HUL,54.0,0,0.1519888204698133,True
2023,7,HUL,55.0,0,0.15217164493418694,True
2023,7,HUL,56.0,0,0.15211733647930265,True
2023,7,HUL,57.0,0,0.15220245646451852,True
2023,7,HUL,58.0,0,0.15231433347776333,True
2023,7,HUL,59.0,0,0.15237238551801993,True
2023,7,HUL,60.0,0,0.15222894936550863,True
2023,7,HUL,61.0,0,0.15263084718305164,True
2023,7,HUL,62.0,0,0.1540805925184573,True
2023,7,LEC,1.0,0,0.1531902061662868,True
2023,7,LEC,2.0,0,0.1524803221217805,True
2023,7,LEC,3.0,0,0.15304402088582553,True
2023,7,LEC,4.0,0,0.15571188464958635,True
2023,7,LEC,5.0,0,0.1641795223331504,True
2023,7,LEC,6.0,0,0.15741010977689177,True
2023,7,LEC,7.0,0,0.16549562624317932,True
2023,7,LEC,8.0,0,0.1598320733089263,True
2023,7,LEC,9.0,0,0.15404740237908232,True
2023,7,LEC,10.0,0,0.15283479613527767,True
2023,7,LEC,11.0,0,0.15218663079455813,True
2023,7,LEC,12.0,0,0.15210944485304956,True
2023,7,LEC,13.0,0,0.15226960880369722,True
2023,7,LEC,14.0,0,0.15203612981215597,True
2023,7,LEC,15.0,0,0.15208982038482866,True
2023,7,LEC,16.0,0,0.15203413957913753,True
2023,7,LEC,17.0,0,0.15200220683380763,True
2023,7,LEC,18.0,0,0.15205959254012621,True
2023,7,LEC,19.0,0,0.1520788804687081,True
2023,7,LEC,20.0,0,0.15196625491757226,True
2023,7,LEC,21.0,0,0.1519692192635474,True
2023,7,LEC,22.0,0,0.15206118427616527,True
2023,7,LEC,23.0,0,0.15199646393305918,True
2023,7,LEC,24.0,0,0.15202143486164016,True
2023,7,LEC,25.0,0,0.15197086843007654,True
2023,7,LEC,26.0,0,0.15196111432742176,True
2023,7,LEC,27.0,0,0.15197249233922416,True
2023,7,LEC,28.0,0,0.1519570441275019,True
2023,7,LEC,29.0,0,0.15198851080430173,True
2023,7,LEC,30.0,0,0.15198084937885276,True
2023,7,LEC,31.0,0,0.15204794382130402,True
2023,7,LEC,32.0,0,0.152116593055392,True
2023,7,LEC,33.0,0,0.15224496693170822,True
2023,7,LEC,34.0,0,0.1522775603966653,True
2023,7,LEC,35.0,0,0.15405300445556774,True
2023,7,LEC,36.0,0,0.15300444539564662,True
2023,7,LEC,37.0,0,0.1519412550982288,True
2023,7,LEC,38.0,0,0.15195535414778355,True
2023,7,LEC,39.0,0,0.1521118628851023,True
2023,7,LEC,40.0,0,0.1519461245696634,True
2023,7,LEC,41.0,0,0.15193964360629392,True
2023,7,LEC,42.0,0,0.1519510202776263,True
2023,7,LEC,43.0,0,0.1519729316104083,True
2023,7,LEC,44.0,0,0.15195149842776887,True
2023,7,LEC,45.0,0,0.1519719940633417,True
2023,7,LEC,46.0,0,0.15197948434111072,True
2023,7,LEC,47.0,0,0.1520228603503992,True
2023,7,LEC,48.0,0,0.152005698348336,True
2023,7,LEC,49.0,0,0.15199849727644993,True
2023,7,LEC,50.0,0,0.15213363481617953,True
2023,7,LEC,51.0,0,0.1519476287143268,True
2023,7,LEC,52.0,0,0.1519737962569729,True
2023,7,LEC,53.0,0,0.15193317878441961,True
2023,7,LEC,54.0,0,0.15199181207308085,True
2023,7,LEC,55.0,0,0.15222607290861562,True
2023,7,LEC,56.0,0,0.15217129521269,True
2023,7,LEC,57.0,0,0.1521539996593643,True
2023,7,LEC,58.0,0,0.15232708642704892,True
2023,7,LEC,59.0,0,0.15230236141271064,True
2023,7,LEC,60.0,0,0.152175250564718,True
2023,7,LEC,61.0,0,0.15256675245073723,True
2023,7,LEC,62.0,0,0.15348670089139013,True
2023,7,LEC,63.0,0,0.15314323846346034,True
2023,7,MAG,1.0,0,0.15263734304921447,True
2023,7,MAG,2.0,0,0.1522608365528601,True
2023,7,MAG,3.0,0,0.15272246796710243,True
2023,7,MAG,4.0,0,0.15586250761904732,True
2023,7,MAG,5.0,0,0.16454813121578726,True
2023,7,MAG,6.0,0,0.15481641441151012,True
2023,7,MAG,7.0,0,0.16019340183565092,True
2023,7,MAG,8.0,0,0.1573797803406079,True
2023,7,MAG,9.0,0,0.1530096275774554,True
2023,7,MAG,10.0,0,0.15234255602938135,True
2023,7,MAG,11.0,0,0.15208810696273062,True
2023,7,MAG,12.0,0,0.1520488755920548,True
2023,7,MAG,13.0,0,0.15217156071141358,True
2023,7,MAG,14.0,0,0.1520191427412605,True
2023,7,MAG,15.0,0,0.15206307252308804,True
2023,7,MAG,16.0,0,0.15202164812941205,True
2023,7,MAG,17.0,0,0.15199085044275024,True
2023,7,MAG,18.0,0,0.15200917398749145,True
2023,7,MAG,19.0,0,0.1520436848349713,True
2023,7,MAG,20.0,0,0.15195482623473192,True
2023,7,MAG,21.0,0,0.15195942803991172,True
2023,7,MAG,22.0,0,0.15203868759280253,True
2023,7,MAG,23.0,0,0.15198025974761584,True
2023,7,MAG,24.0,0,0.15199479773509372,True
2023,7,MAG,25.0,0,0.1519633026266894,True
2023,7,MAG,26.0,0,0.15197169215800868,True
2023,7,MAG,27.0,0,0.15197423787320605,True
2023,7,MAG,28.0,0,0.1519461955433862,True
2023,7,MAG,29.0,0,0.151977258610189,True
2023,7,MAG,30.0,0,0.15204651011523293,True
2023,7,MAG,31.0,0,0.1520728916203293,True
2023,7,MAG,32.0,0,0.15219538871206578,True
2023,7,MAG,33.0,0,0.15259798987021345,True
2023,7,MAG,34.0,0,0.152700586977735,True
2023,7,MAG,35.0,0,0.15471551429833044,True
2023,7,MAG,36.0,0,0.1530701809583671,True
2023,7,MAG,37.0,0,0.1519448809125723,True
2023,7,MAG,38.0,0,0.15196657748128523,True
2023,7,MAG,39.0,0,0.15210715844524558,True
2023,7,MAG,40.0,0,0.15194359281404998,True
2023,7,MAG,41.0,0,0.1519644980230263,True
2023,7,MAG,42.0,0,0.15196846560218522,True
2023,7,MAG,43.0,0,0.15193167218347423,True
2023,7,MAG,44.0,0,0.1519216844380388,True
2023,7,MAG,45.0,0,0.15194182415763163,True
2023,7,MAG,46.0,0,0.15195089314589444,True
2023,7,MAG,47.0,0,0.15203144267710894,True
2023,7,MAG,48.0,0,0.15197785234473155,True
2023,7,MAG,49.0,0,0.15195466088010273,True
2023,7,MAG,50.0,0,0.15205862975377313,True
2023,7,MAG,51.0,0,0.15193805270168897,True
2023,7,MAG,52.0,0,0.15197265791141717,True
2023,7,MAG,53.0,0,0.15193688983122253,True
2023,7,MAG,54.0,0,0.1519891452559506,True
2023,7,MAG,55.0,0,0.15216940271420829,True
2023,7,MAG,56.0,0,0.1521182078897469,True
2023,7,MAG,57.0,0,0.1522020608822336,True
2023,7,MAG,58.0,0,0.1523142790040855,True
2023,7,MAG,59.0,0,0.15243142034879598,True
2023,7,MAG,60.0,0,0.15225642263254882,True
2023,7,MAG,61.0,0,0.15268913777199405,True
2023,7,MAG,62.0,0,0.1541152821253536,True
2023,7,NOR,1.0,0,0.15263734304921447,True
2023,7,NOR,2.0,0,0.15267566127192206,True
2023,7,NOR,3.0,0,0.15415792584294086,True
2023,7,NOR,4.0,0,0.15800503848995617,True
2023,7,NOR,5.0,0,0.1650110003574423,True
2023,7,NOR,6.0,0,0.15795707598785597,True
2023,7,NOR,7.0,0,0.16855221489832373,True
2023,7,NOR,8.0,0,0.15972446984897784,True
2023,7,NOR,9.0,0,0.15398249725232396,True
2023,7,NOR,10.0,0,0.15288434141972934,True
2023,7,NOR,11.0,0,0.1522052183661748,True
2023,7,NOR,12.0,0,0.15211583243292875,True
2023,7,NOR,13.0,0,0.15226781536704342,True
2023,7,NOR,14.0,0,0.1520344091299283,True
2023,7,NOR,15.0,0,0.15207248626622422,True
2023,7,NOR,16.0,0,0.15202131469772553,True
2023,7,NOR,17.0,0,0.15198858189826742,True
2023,7,NOR,18.0,0,0.15204880134271515,True
2023,7,NOR,19.0,0,0.15209669931304934,True
2023,7,NOR,20.0,0,0.151980508385733,True
2023,7,NOR,21.0,0,0.15198656348259743,True
2023,7,NOR,22.0,0,0.1520546284776592,True
2023,7,NOR,23.0,0,0.15195661237068409,True
2023,7,NOR,24.0,0,0.15198272167558202,True
2023,7,NOR,25.0,0,0.1519506175707805,True
2023,7,NOR,26.0,0,0.15195211158579963,True
2023,7,NOR,27.0,0,0.15195519249783732,True
2023,7,NOR,28.0,0,0.1519409160909553,True
2023,7,NOR,29.0,0,0.1519650472831249,True
2023,7,NOR,30.0,0,0.1520378140169399,True
2023,7,NOR,31.0,0,0.1520562593727655,True
2023,7,NOR,32.0,0,0.15208387702767867,True
2023,7,NOR,33.0,0,0.15225335687891708,True
2023,7,NOR,34.0,0,0.15231284372327633,True
2023,7,NOR,35.0,0,0.1536081842512374,True
2023,7,NOR,36.0,0,0.1526653405525455,True
2023,7,NOR,37.0,0,0.15192109180519367,True
2023,7,NOR,38.0,0,0.15193664999181605,True
2023,7,NOR,39.0,0,0.15206210250958918,True
2023,7,NOR,40.0,0,0.151932849079441,True
2023,7,NOR,41.0,0,0.15194366493623976,True
2023,7,NOR,42.0,0,0.15195115291441896,True
2023,7,NOR,43.0,0,0.15194851848852442,True
2023,7,NOR,44.0,0,0.15192874579401802,True
2023,7,NOR,45.0,0,0.15195725238529534,True
2023,7,NOR,46.0,0,0.1519735625511099,True
2023,7,NOR,47.0,0,0.1520094292823098,True
2023,7,NOR,48.0,0,0.15200903634302368,True
2023,7,NOR,49.0,0,0.15196968945866485,True
2023,7,NOR,50.0,0,0.15208953406416378,True
2023,7,NOR,51.0,0,0.15195275836723604,True
2023,7,NOR,52.0,0,0.15197134427621967,True
2023,7,NOR,53.0,0,0.1519466583710846,True
2023,7,NOR,54.0,0,0.15200219541889803,True
2023,7,NOR,55.0,0,0.1522183210964712,True
2023,7,NOR,56.0,0,0.15213914156930214,True
2023,7,NOR,57.0,0,0.15232400571688307,True
2023,7,NOR,58.0,0,0.1524399834814582,True
2023,7,NOR,59.0,0,0.15271245529239702,True
2023,7,NOR,60.0,0,0.1524343039763765,True
2023,7,NOR,61.0,0,0.15310579266213004,True
2023,7,NOR,62.0,0,0.1548933544754268,True
2023,7,OCO,1.0,0,0.15258496149228992,True
2023,7,OCO,2.0,0,0.15225872647918304,True
2023,7,OCO,3.0,0,0.15272827106695494,True
2023,7,OCO,4.0,0,0.15592295954880478,True
2023,7,OCO,5.0,0,0.16517959479265903,True
2023,7,OCO,6.0,0,0.15480567650649737,True
2023,7,OCO,7.0,0,0.15995667709127245,True
2023,7,OCO,8.0,0,0.15699603429722217,True
2023,7,OCO,9.0,0,0.1529977846535188,True
2023,7,OCO,10.0,0,0.15233369486637538,True
2023,7,OCO,11.0,0,0.1521149556374864,True
2023,7,OCO,12.0,0,0.15202292244538312,True
2023,7,OCO,13.0,0,0.1521301236187696,True
2023,7,OCO,14.0,0,0.15203499960601136,True
2023,7,OCO,15.0,0,0.15206017473581837,True
2023,7,OCO,16.0,0,0.15201247910820914,True
2023,7,OCO,17.0,0,0.15198318410030282,True
2023,7,OCO,18.0,0,0.1520011494762573,True
2023,7,OCO,19.0,0,0.1520301569427572,True
2023,7,OCO,20.0,0,0.15195380672368283,True
2023,7,OCO,21.0,0,0.15195508405821334,True
2023,7,OCO,22.0,0,0.15202057383291664,True
2023,7,OCO,23.0,0,0.1519678381940382,True
2023,7,OCO,24.0,0,0.1519890346107285,True
2023,7,OCO,25.0,0,0.1519546095907496,True
2023,7,OCO,26.0,0,0.15196382167843267,True
2023,7,OCO,27.0,0,0.1519611506797825,True
2023,7,OCO,28.0,0,0.1519343993876867,True
2023,7,OCO,29.0,0,0.15195984254647948,True
2023,7,OCO,30.0,0,0.15196969999421783,True
2023,7,OCO,31.0,0,0.15202930636400414,True
2023,7,OCO,32.0,0,0.15210598693007604,True
2023,7,OCO,33.0,0,0.1522567343526751,True
2023,7,OCO,34.0,0,0.15231564149254112,True
2023,7,OCO,35.0,0,0.15382895175869082,True
2023,7,OCO,36.0,0,0.15273456745183572,True
2023,7,OCO,37.0,0,0.15194329176398064,True
2023,7,OCO,38.0,0,0.1519712868322523,True
2023,7,OCO,39.0,0,0.15211050263907994,True
2023,7,OCO,40.0,0,0.15194425332347405,True
2023,7,OCO,41.0,0,0.1519392478560913,True
2023,7,OCO,42.0,0,0.15195603002534458,True
2023,7,OCO,43.0,0,0.15195611622085226,True
2023,7,OCO,44.0,0,0.15193599626442073,True
2023,7,OCO,45.0,0,0.15195965993423255,True
2023,7,OCO,46.0,0,0.15196854306135588,True
2023,7,OCO,47.0,0,0.15208541599161393,True
2023,7,OCO,48.0,0,0.15199678611923223,True
2023,7,OCO,49.0,0,0.15195991699137582,True
2023,7,OCO,50.0,0,0.15211285902538127,True
2023,7,OCO,51.0,0,0.1519514228386718,True
2023,7,OCO,52.0,0,0.15198318493692914,True
2023,7,OCO,53.0,0,0.15193601411521226,True
2023,7,OCO,54.0,0,0.15199412907916243,True
2023,7,OCO,55.0,0,0.15223343909322745,True
2023,7,OCO,56.0,0,0.15215787715871398,True
2023,7,OCO,57.0,0,0.152163153639842,True
2023,7,OCO,58.0,0,0.15233489898808433,True
2023,7,OCO,59.0,0,0.15230858665928546,True
2023,7,OCO,60.0,0,0.15220532244416551,True
2023,7,OCO,61.0,0,0.15264523384906167,True
2023,7,OCO,62.0,0,0.15380651136417534,True
2023,7,OCO,63.0,0,0.1533173262708556,True
2023,7,PER,1.0,0,0.15320237228774772,True
2023,7,PER,2.0,0,0.15240584786380007,True
2023,7,PER,3.0,0,0.15287457285565834,True
2023,7,PER,4.0,0,0.15518311035123228,True
2023,7,PER,5.0,0,0.16268391428789492,True
2023,7,PER,6.0,0,0.1561119201563766,True
2023,7,PER,7.0,0,0.16218987627481604,True
2023,7,PER,8.0,0,0.15751782310635498,True
2023,7,PER,9.0,0,0.15339889088750672,True
2023,7,PER,10.0,0,0.15239757128255907,True
2023,7,PER,11.0,0,0.15209423015325596,True
2023,7,PER,12.0,0,0.15204889835474938,True
2023,7,PER,13.0,0,0.1521825439785622,True
2023,7,PER,14.0,0,0.1520073071099179,True
2023,7,PER,15.0,0,0.15205384322970447,True
2023,7,PER,16.0,0,0.15200221261904237,True
2023,7,PER,17.0,0,0.1519954709022002,True
2023,7,PER,18.0,0,0.15201395160397974,True
2023,7,PER,19.0,0,0.15204048231631145,True
2023,7,PER,20.0,0,0.15196684778499364,True
2023,7,PER,21.0,0,0.15194772192584652,True
2023,7,PER,22.0,0,0.15201631503814542,True
2023,7,PER,23.0,0,0.1519718910940675,True
2023,7,PER,24.0,0,0.15199739918357508,True
2023,7,PER,25.0,0,0.15196086407306506,True
2023,7,PER,26.0,0,0.15196370571471882,True
2023,7,PER,27.0,0,0.1519727248636549,True
2023,7,PER,28.0,0,0.15195239032343863,True
2023,7,PER,29.0,0,0.1519795666926607,True
2023,7,PER,30.0,0,0.1520669705912088,True
2023,7,PER,31.0,0,0.15208770614235623,True
2023,7,PER,32.0,0,0.15217089823740967,True
2023,7,PER,33.0,0,0.15258374350236564,True
2023,7,PER,34.0,0,0.1525484044697159,True
2023,7,PER,35.0,0,0.15465202345119966,True
2023,7,PER,36.0,0,0.15318695337803157,True
2023,7,PER,37.0,0,0.151957941280669,True
2023,7,PER,38.0,0,0.15199431444768643,True
2023,7,PER,39.0,0,0.1521168298166968,True
2023,7,PER,40.0,0,0.15196078651876457,True
2023,7,PER,41.0,0,0.15194849528682258,True
2023,7,PER,42.0,0,0.15196292950095683,True
2023,7,PER,43.0,0,0.15197112076135907,True
2023,7,PER,44.0,0,0.1519501760750907,True
2023,7,PER,45.0,0,0.15197276161962675,True
2023,7,PER,46.0,0,0.15197928174913994,True
2023,7,PER,47.0,0,0.1520269546698687,True
2023,7,PER,48.0,0,0.1520065824624029,True
2023,7,PER,49.0,0,0.15196918961134362,True
2023,7,PER,50.0,0,0.15214865927696714,True
2023,7,PER,51.0,0,0.15197711755857127,True
2023,7,PER,52.0,0,0.15197426194262176,True
2023,7,PER,53.0,0,0.15195103071699045,True
2023,7,PER,54.0,0,0.15200421393920605,True
2023,7,PER,55.0,0,0.1522299533892951,True
2023,7,PER,56.0,0,0.15212710493267173,True
2023,7,PER,57.0,0,0.1523008070239926,True
2023,7,PER,58.0,0,0.1524286846063972,True
2023,7,PER,59.0,0,0.152509365098752,True
2023,7,PER,60.0,0,0.15231298483884564,True
2023,7,PER,61.0,0,0.15283025954494575,True
2023,7,PER,62.0,0,0.1540320269554643,True
2023,7,PER,63.0,0,0.15331603468167193,True
2023,7,PIA,1.0,0,0.15263151123850713,True
2023,7,PIA,2.0,0,0.15226013146003908,True
2023,7,PIA,3.0,0,0.15272698889454164,True
2023,7,PIA,4.0,0,0.15584341293074544,True
2023,7,PIA,5.0,0,0.16455010881819138,True
2023,7,PIA,6.0,0,0.15481641441151012,True
2023,7,PIA,7.0,0,0.16019340183565092,True
2023,7,PIA,8.0,0,0.15730228033398816,True
2023,7,PIA,9.0,0,0.15299865459008483,True
2023,7,PIA,10.0,0,0.15233527041279304,True
2023,7,PIA,11.0,0,0.1521375523444548,True
2023,7,PIA,12.0,0,0.15202245759372776,True
2023,7,PIA,13.0,0,0.15215229384865137,True
2023,7,PIA,14.0,0,0.15203795078154436,True
2023,7,PIA,15.0,0,0.15209320349216274,True
2023,7,PIA,16.0,0,0.15206972570305832,True
2023,7,PIA,17.0,0,0.1520018838892886,True
2023,7,PIA,18.0,0,0.15200609251920377,True
2023,7,PIA,19.0,0,0.15203507380760853,True
2023,7,PIA,20.0,0,0.15196453678613903,True
2023,7,PIA,21.0,0,0.15195402683675618,True
2023,7,PIA,22.0,0,0.15204003512334402,True
2023,7,PIA,23.0,0,0.15199214827546811,True
2023,7,PIA,24.0,0,0.15202272164409938,True
2023,7,PIA,25.0,0,0.15198064466609784,True
2023,7,PIA,26.0,0,0.1519812989830834,True
2023,7,PIA,27.0,0,0.15198125373290233,True
2023,7,PIA,28.0,0,0.1519554155364678,True
2023,7,PIA,29.0,0,0.15198865793005834,True
2023,7,PIA,30.0,0,0.15205967535576384,True
2023,7,PIA,31.0,0,0.1520707136090683,True
2023,7,PIA,32.0,0,0.15216960075508568,True
2023,7,PIA,33.0,0,0.15248923773843065,True
2023,7,PIA,34.0,0,0.1524533076360953,True
2023,7,PIA,35.0,0,0.15550300958063518,True
2023,7,PIA,36.0,0,0.15318715280277212,True
2023,7,PIA,37.0,0,0.1519567562909465,True
2023,7,PIA,38.0,0,0.1519924582889483,True
2023,7,PIA,39.0,0,0.15212938502839007,True
2023,7,PIA,40.0,0,0.15192140503464932,True
2023,7,PIA,41.0,0,0.15192352701223394,True
2023,7,PIA,42.0,0,0.15193517309354165,True
2023,7,PIA,43.0,0,0.15193764612741453,True
2023,7,PIA,44.0,0,0.1519241826351876,True
2023,7,PIA,45.0,0,0.15194583121596503,True
2023,7,PIA,46.0,0,0.15195972809750977,True
2023,7,PIA,47.0,0,0.15203438596249413,True
2023,7,PIA,48.0,0,0.1520103693767108,True
2023,7,PIA,49.0,0,0.15196862226232458,True
2023,7,PIA,50.0,0,0.15206418602832875,True
2023,7,PIA,51.0,0,0.15195073589988856,True
2023,7,PIA,52.0,0,0.1519763814661433,True
2023,7,PIA,53.0,0,0.15193229208803266,True
2023,7,PIA,54.0,0,0.15198475483069007,True
2023,7,PIA,55.0,0,0.15216793653297664,True
2023,7,PIA,56.0,0,0.1521256601429529,True
2023,7,PIA,57.0,0,0.15221402496850953,True
2023,7,PIA,58.0,0,0.15234986913546872,True
2023,7,PIA,59.0,0,0.15240396278783702,True
2023,7,PIA,60.0,0,0.15223215555839809,True
2023,7,PIA,61.0,0,0.15271501865823126,True
2023,7,PIA,62.0,0,0.15402397197710613,True
2023,7,RUS,1.0,0,0.15261736935235254,True
2023,7,RUS,2.0,0,0.15226420578692718,True
2023,7,RUS,3.0,0,0.1527155101498925,True
2023,7,RUS,4.0,0,0.15584061462682683,True
2023,7,RUS,5.0,0,0.16493098036863357,True
2023,7,RUS,6.0,0,0.15480870597150725,True
2023,7,RUS,7.0,0,0.16018212306031726,True
2023,7,RUS,8.0,0,0.15707231403660055,True
2023,7,RUS,9.0,0,0.1529356398265676,True
2023,7,RUS,10.0,0,0.15232054214074922,True
2023,7,RUS,11.0,0,0.15212819756699825,True
2023,7,RUS,12.0,0,0.1520220950997063,True
2023,7,RUS,13.0,0,0.15214135792655428,True
2023,7,RUS,14.0,0,0.15202260148874602,True
2023,7,RUS,15.0,0,0.15207317216497582,True
2023,7,RUS,16.0,0,0.15205348051623052,True
2023,7,RUS,17.0,0,0.15202765192911236,True
2023,7,RUS,18.0,0,0.1520667090395253,True
2023,7,RUS,19.0,0,0.15208831870105913,True
2023,7,RUS,20.0,0,0.15198975108355708,True
2023,7,RUS,21.0,0,0.1519703300541808,True
2023,7,RUS,22.0,0,0.1520581155032074,True
2023,7,RUS,23.0,0,0.15199507797468295,True
2023,7,RUS,24.0,0,0.1520197144701338,True
2023,7,RUS,25.0,0,0.1519865015434101,True
2023,7,RUS,26.0,0,0.15197031716325293,True
2023,7,RUS,27.0,0,0.15195730951083394,True
2023,7,RUS,28.0,0,0.15193659413520297,True
2023,7,RUS,29.0,0,0.1519651867986373,True
2023,7,RUS,30.0,0,0.1520326938784992,True
2023,7,RUS,31.0,0,0.1520397012555808,True
2023,7,RUS,32.0,0,0.15208505022029042,True
2023,7,RUS,33.0,0,0.1522562898532174,True
2023,7,RUS,34.0,0,0.1522355398271902,True
2023,7,RUS,35.0,0,0.15343753413379296,True
2023,7,RUS,36.0,0,0.1527645706568977,True
2023,7,RUS,37.0,0,0.15192840289770565,True
2023,7,RUS,38.0,0,0.15194223923328046,True
2023,7,RUS,39.0,0,0.1520590268294537,True
2023,7,RUS,40.0,0,0.1519348926754832,True
2023,7,RUS,41.0,0,0.15193367130596108,True
2023,7,RUS,42.0,0,0.15194151039394913,True
2023,7,RUS,43.0,0,0.15194107739217244,True
2023,7,RUS,44.0,0,0.1519286098319002,True
2023,7,RUS,45.0,0,0.1519657831180284,True
2023,7,RUS,46.0,0,0.15196689295468047,True
2023,7,RUS,47.0,0,0.15203922141345635,True
2023,7,RUS,48.0,0,0.1519815519286403,True
2023,7,RUS,49.0,0,0.15194504348479548,True
2023,7,RUS,50.0,0,0.15204998751911514,True
2023,7,RUS,51.0,0,0.15195153556663737,True
2023,7,RUS,52.0,0,0.1519730217513131,True
2023,7,RUS,53.0,0,0.15194687360020856,True
2023,7,RUS,54.0,0,0.1520003446281932,True
2023,7,RUS,55.0,0,0.15220663698730158,True
2023,7,RUS,56.0,0,0.15212004594209214,True
2023,7,RUS,57.0,0,0.15229587390624075,True
2023,7,RUS,58.0,0,0.15243087692872875,True
2023,7,RUS,59.0,0,0.15249709010348167,True
2023,7,RUS,60.0,0,0.15231565205145273,True
2023,7,RUS,61.0,0,0.15282485063763002,True
2023,7,RUS,62.0,0,0.15414056308041757,True
2023,7,RUS,63.0,0,0.1532402677452378,True
2023,7,SAI,1.0,0,0.15260530611690354,True
2023,7,SAI,2.0,0,0.15222134641291316,True
2023,7,SAI,3.0,0,0.15275608681466502,True
2023,7,SAI,4.0,0,0.1559225725134024,True
2023,7,SAI,5.0,0,0.16487789292945096,True
2023,7,SAI,6.0,0,0.15476498473583342,True
2023,7,SAI,7.0,0,0.1595600279148492,True
2023,7,SAI,8.0,0,0.1570264447672948,True
2023,7,SAI,9.0,0,0.15280594989826496,True
2023,7,SAI,10.0,0,0.15232980500514515,True
2023,7,SAI,11.0,0,0.1521277393562448,True
2023,7,SAI,12.0,0,0.15200898953904757,True
2023,7,SAI,13.0,0,0.15213130572777095,True
2023,7,SAI,14.0,0,0.15202843945572433,True
2023,7,SAI,15.0,0,0.15208581842653796,True
2023,7,SAI,16.0,0,0.15201405440739138,True
2023,7,SAI,17.0,0,0.1519835619108702,True
2023,7,SAI,18.0,0,0.1520016441832763,True
2023,7,SAI,19.0,0,0.1520291112544241,True
2023,7,SAI,20.0,0,0.15195004510176852,True
2023,7,SAI,21.0,0,0.1519472593064634,True
2023,7,SAI,22.0,0,0.15202076553784388,True
2023,7,SAI,23.0,0,0.15196478615381376,True
2023,7,SAI,24.0,0,0.1519790665139744,True
2023,7,SAI,25.0,0,0.15196043210081356,True
2023,7,SAI,26.0,0,0.15194677501796688,True
2023,7,SAI,27.0,0,0.15196164269160034,True
2023,7,SAI,28.0,0,0.15194751712471083,True
2023,7,SAI,29.0,0,0.15196923754135658,True
2023,7,SAI,30.0,0,0.15197035725525967,True
2023,7,SAI,31.0,0,0.15202141274347244,True
2023,7,SAI,32.0,0,0.15209808484591553,True
2023,7,SAI,33.0,0,0.15219947499278524,True
2023,7,SAI,34.0,0,0.1521897397975914,True
2023,7,SAI,35.0,0,0.153838074599967,True
2023,7,SAI,36.0,0,0.15277818545434874,True
2023,7,SAI,37.0,0,0.1519316788028941,True
2023,7,SAI,38.0,0,0.15194703065662185,True
2023,7,SAI,39.0,0,0.15206994962870551,True
2023,7,SAI,40.0,0,0.15193651516129325,True
2023,7,SAI,41.0,0,0.15194055094324482,True
2023,7,SAI,42.0,0,0.15194736368757336,True
2023,7,SAI,43.0,0,0.1519585789790216,True
2023,7,SAI,44.0,0,0.15193559379260954,True
2023,7,SAI,45.0,0,0.15195946322070525,True
2023,7,SAI,46.0,0,0.151969005834851,True
2023,7,SAI,47.0,0,0.15207142651134964,True
2023,7,SAI,48.0,0,0.1519912812679487,True
2023,7,SAI,49.0,0,0.15195912114087431,True
2023,7,SAI,50.0,0,0.15209222584975018,True
2023,7,SAI,51.0,0,0.15193867629179525,True
2023,7,SAI,52.0,0,0.15196080634916764,True
2023,7,SAI,53.0,0,0.15193497142882514,True
2023,7,SAI,54.0,0,0.151984518997167,True
2023,7,SAI,55.0,0,0.1522103400631136,True
2023,7,SAI,56.0,0,0.15214634322770457,True
2023,7,SAI,57.0,0,0.15212927662810405,True
2023,7,SAI,58.0,0,0.15225841174692123,True
2023,7,SAI,59.0,0,0.15225993390625894,True
2023,7,SAI,60.0,0,0.15214893158271411,True
2023,7,SAI,61.0,0,0.15256744142124237,True
2023,7,SAI,62.0,0,0.15326191980184664,True
2023,7,SAI,63.0,0,0.15285784138707031,True
2023,7,SAR,1.0,0,0.15330265190545464,True
2023,7,SAR,2.0,0,0.15244841104778756,True
2023,7,SAR,3.0,0,0.15287457285565834,True
2023,7,SAR,4.0,0,0.15520765799723346,True
2023,7,SAR,5.0,0,0.16268808911448113,True
2023,7,SAR,6.0,0,0.15617967481236966,True
2023,7,SAR,7.0,0,0.16223506000988405,True
2023,7,SAR,8.0,0,0.15818204345949632,True
2023,7,SAR,9.0,0,0.15345052747471383,True
2023,7,SAR,10.0,0,0.15243625980844966,True
2023,7,SAR,11.0,0,0.15210531706117036,True
2023,7,SAR,12.0,0,0.15205598040213444,True
2023,7,SAR,13.0,0,0.15218297806683917,True
2023,7,SAR,14.0,0,0.15200949258156546,True
2023,7,SAR,15.0,0,0.15206408699758248,True
2023,7,SAR,16.0,0,0.15202335276614556,True
2023,7,SAR,17.0,0,0.15197546938301734,True
2023,7,SAR,18.0,0,0.15200609251920377,True
2023,7,SAR,19.0,0,0.15204480965916173,True
2023,7,SAR,20.0,0,0.15196742757194998,True
2023,7,SAR,21.0,0,0.15196006536995182,True
2023,7,SAR,22.0,0,0.1520421534991969,True
2023,7,SAR,23.0,0,0.1519875960015458,True
2023,7,SAR,24.0,0,0.15202528759341455,True
2023,7,SAR,25.0,0,0.1519827234401944,True
2023,7,SAR,26.0,0,0.15198506956795227,True
2023,7,SAR,27.0,0,0.15198304070300941,True
2023,7,SAR,28.0,0,0.1519569699862041,True
2023,7,SAR,29.0,0,0.1519905948062085,True
2023,7,SAR,30.0,0,0.1520657980824564,True
2023,7,SAR,31.0,0,0.1521190092234671,True
2023,7,SAR,32.0,0,0.15219380231346433,True
2023,7,SAR,33.0,0,0.15250389063251749,True
2023,7,SAR,34.0,0,0.15249334141573787,True
2023,7,SAR,35.0,0,0.15516871360359027,True
2023,7,SAR,36.0,0,0.15301655821933124,True
2023,7,SAR,37.0,0,0.15192972375554786,True
2023,7,SAR,38.0,0,0.1519712868322523,True
2023,7,SAR,39.0,0,0.1520893971743812,True
2023,7,SAR,40.0,0,0.15194638426770662,True
2023,7,SAR,41.0,0,0.1519377835368854,True
2023,7,SAR,42.0,0,0.1519578096368653,True
2023,7,SAR,43.0,0,0.15195844526224347,True
2023,7,SAR,44.0,0,0.15193684848369296,True
2023,7,SAR,45.0,0,0.1519602356265332,True
2023,7,SAR,46.0,0,0.1519695087993982,True
2023,7,SAR,47.0,0,0.15207026992410438,True
2023,7,SAR,48.0,0,0.15200726333180356,True
2023,7,SAR,49.0,0,0.15196310547161912,True
2023,7,SAR,50.0,0,0.15209458443193907,True
2023,7,SAR,51.0,0,0.15194479412737671,True
2023,7,SAR,52.0,0,0.15197191548496017,True
2023,7,SAR,53.0,0,0.15193705115362452,True
2023,7,SAR,54.0,0,0.15199458665567941,True
2023,7,SAR,55.0,0,0.15227520983640247,True
2023,7,SAR,56.0,0,0.1521920100185448,True
2023,7,SAR,57.0,0,0.15226708342058531,True
2023,7,SAR,58.0,0,0.15239217313453546,True
2023,7,SAR,59.0,0,0.15239196501030894,True
2023,7,SAR,60.0,0,0.15225133765284543,True
2023,7,SAR,61.0,0,0.15274700290134863,True
2023,7,SAR,62.0,0,0.1539415607387668,True
2023,7,STR,1.0,0,0.1525903881649548,True
2023,7,STR,2.0,0,0.15221811285491144,True
2023,7,STR,3.0,0,0.15273144846667558,True
2023,7,STR,4.0,0,0.1559158963504109,True
2023,7,STR,5.0,0,0.16482591661722723,True
2023,7,STR,6.0,0,0.15472864387479868,True
2023,7,STR,7.0,0,0.1599000071054761,True
2023,7,STR,8.0,0,0.1572959177712048,True
2023,7,STR,9.0,0,0.15300935784449424,True
2023,7,STR,10.0,0,0.15232187142510373,True
2023,7,STR,11.0,0,0.15215272079730963,True
2023,7,STR,12.0,0,0.15202632935203536,True
2023,7,STR,13.0,0,0.15215229384865137,True
2023,7,STR,14.0,0,0.15202797524999295,True
2023,7,STR,15.0,0,0.1520688157931357,True
2023,7,STR,16.0,0,0.15209086751920925,True
2023,7,STR,17.0,0,0.152012183451705,True
2023,7,STR,18.0,0,0.15204332842942478,True
2023,7,STR,19.0,0,0.15205910317210725,True
2023,7,STR,20.0,0,0.15197096295100462,True
2023,7,STR,21.0,0,0.15196545258751226,True
2023,7,STR,22.0,0,0.15204730392675922,True
2023,7,STR,23.0,0,0.1519856197235656,True
2023,7,STR,24.0,0,0.15199704315057486,True
2023,7,STR,25.0,0,0.15197750433799845,True
2023,7,STR,26.0,0,0.15196517300513365,True
2023,7,STR,27.0,0,0.15197646779802076,True
2023,7,STR,28.0,0,0.1519569966081273,True
2023,7,STR,29.0,0,0.15197279357851734,True
2023,7,STR,30.0,0,0.1519840627337095,True
2023,7,STR,31.0,0,0.15204202825194232,True
2023,7,STR,32.0,0,0.15211912465187521,True
2023,7,STR,33.0,0,0.1522870928204164,True
2023,7,STR,34.0,0,0.15239739549477288,True
2023,7,STR,35.0,0,0.15424383772138012,True
2023,7,STR,36.0,0,0.15308295471169261,True
2023,7,STR,37.0,0,0.15194523557087986,True
2023,7,STR,38.0,0,0.15197448052309076,True
2023,7,STR,39.0,0,0.15211393344862184,True
2023,7,STR,40.0,0,0.15194737324533963,True
2023,7,STR,41.0,0,0.15193912537621596,True
2023,7,STR,42.0,0,0.1519566308955576,True
2023,7,STR,43.0,0,0.1519599308363412,True
2023,7,STR,44.0,0,0.15194109709819162,True
2023,7,STR,45.0,0,0.15196274828438866,True
2023,7,STR,46.0,0,0.15197168661465424,True
2023,7,STR,47.0,0,0.15205968723169003,True
2023,7,STR,48.0,0,0.15199544746266042,True
2023,7,STR,49.0,0,0.1519668062366125,True
2023,7,STR,50.0,0,0.15210952403778072,True
2023,7,STR,51.0,0,0.15194742506667452,True
2023,7,STR,52.0,0,0.15198253853631022,True
2023,7,STR,53.0,0,0.15193369551181254,True
2023,7,STR,54.0,0,0.15199721600873614,True
2023,7,STR,55.0,0,0.15221185370233878,True
2023,7,STR,56.0,0,0.15214090447660328,True
2023,7,STR,57.0,0,0.15213469283821507,True
2023,7,STR,58.0,0,0.152318495977623,True
2023,7,STR,59.0,0,0.1522970142966221,True
2023,7,STR,60.0,0,0.15220196152036886,True
2023,7,STR,61.0,0,0.1526498311029322,True
2023,7,STR,62.0,0,0.15369590045342463,True
2023,7,STR,63.0,0,0.15317110023304642,True
2023,7,TSU,1.0,0,0.15263885928571852,True
2023,7,TSU,2.0,0,0.15225949488108226,True
2023,7,TSU,3.0,0,0.15271433400729278,True
2023,7,TSU,4.0,0,0.1558312034949902,True
2023,7,TSU,5.0,0,0.16452592795490956,True
2023,7,TSU,6.0,0,0.1548133883974629,True
2023,7,TSU,7.0,0,0.16014635194678378,True
2023,7,TSU,8.0,0,0.15707231403660055,True
2023,7,TSU,9.0,0,0.15301732829311387,True
2023,7,TSU,10.0,0,0.1523490422774099,True
2023,7,TSU,11.0,0,0.1521482116505665,True
2023,7,TSU,12.0,0,0.15210616141259298,True
2023,7,TSU,13.0,0,0.15225705791560548,True
2023,7,TSU,14.0,0,0.15204493467034255,True
2023,7,TSU,15.0,0,0.15208810656140467,True
2023,7,TSU,16.0,0,0.15202557064848427,True
2023,7,TSU,17.0,0,0.15201063001937637,True
2023,7,TSU,18.0,0,0.15202290118271367,True
2023,7,TSU,19.0,0,0.1520386592444864,True
2023,7,TSU,20.0,0,0.15197138236071445,True
2023,7,TSU,21.0,0,0.15195374988919635,True
2023,7,TSU,22.0,0,0.15202753434868116,True
2023,7,TSU,23.0,0,0.15198880343737717,True
2023,7,TSU,24.0,0,0.1520124831641968,True
2023,7,TSU,25.0,0,0.15198755137619685,True
2023,7,TSU,26.0,0,0.1519868041302262,True
2023,7,TSU,27.0,0,0.1519831881627807,True
2023,7,TSU,28.0,0,0.15194327463053375,True
2023,7,TSU,29.0,0,0.15197432696495747,True
2023,7,TSU,30.0,0,0.1520017037392193,True
2023,7,TSU,31.0,0,0.15206419049822578,True
2023,7,TSU,32.0,0,0.15217203228191323,True
2023,7,TSU,33.0,0,0.15260605174262515,True
2023,7,TSU,34.0,0,0.15264117939370594,True
2023,7,TSU,35.0,0,0.1537011152133411,True
2023,7,TSU,36.0,0,0.1527305642423445,True
2023,7,TSU,37.0,0,0.15192657554259517,True
2023,7,TSU,38.0,0,0.15194167473783698,True
2023,7,TSU,39.0,0,0.1520645773526236,True
2023,7,TSU,40.0,0,0.1519324272124531,True
2023,7,TSU,41.0,0,0.15193003239490704,True
2023,7,TSU,42.0,0,0.1519394656015006,True
2023,7,TSU,43.0,0,0.15194477057169364,True
2023,7,TSU,44.0,0,0.15192700307891643,True
2023,7,TSU,45.0,0,0.15194988495025236,True
2023,7,TSU,46.0,0,0.15196102329935882,True
2023,7,TSU,47.0,0,0.15201605383428668,True
2023,7,TSU,48.0,0,0.15198422113771004,True
2023,7,TSU,49.0,0,0.15195472511862784,True
2023,7,TSU,50.0,0,0.15204905849557107,True
2023,7,TSU,51.0,0,0.15194586063543344,True
2023,7,TSU,52.0,0,0.15197107598863283,True
2023,7,TSU,53.0,0,0.15192912112583282,True
2023,7,TSU,54.0,0,0.15198783252664375,True
2023,7,TSU,55.0,0,0.15215333843398443,True
2023,7,TSU,56.0,0,0.15209888583340853,True
2023,7,TSU,57.0,0,0.15217164732211094,True
2023,7,TSU,58.0,0,0.1523204302079136,True
2023,7,TSU,59.0,0,0.15232227151598504,True
2023,7,TSU,60.0,0,0.15225134364117826,True
2023,7,TSU,61.0,0,0.15270608295977245,True
2023,7,TSU,62.0,0,0.153958906689512,True
2023,7,TSU,63.0,0,0.1533512018725532,True
2023,7,VER,1.0,0,0.15308778674890866,True
2023,7,VER,2.0,0,0.152393528730593,True
2023,7,VER,3.0,0,0.15291347239429087,True
2023,7,VER,4.0,0,0.15522246733016226,True
2023,7,VER,5.0,0,0.16303779442056515,True
2023,7,VER,6.0,0,0.1561119201563766,True
2023,7,VER,7.0,0,0.16220910573866845,True
2023,7,VER,8.0,0,0.15751933093641046,True
2023,7,VER,9.0,0,0.15340388244130415,True
2023,7,VER,10.0,0,0.15239013332729012,True
2023,7,VER,11.0,0,0.1520757750859649,True
2023,7,VER,12.0,0,0.15203068160593447,True
2023,7,VER,13.0,0,0.15213836755345317,True
2023,7,VER,14.0,0,0.15199770279647945,True
2023,7,VER,15.0,0,0.15203910199209966,True
2023,7,VER,16.0,0,0.15198797446390683,True
2023,7,VER,17.0,0,0.15198988660806356,True
2023,7,VER,18.0,0,0.15200478495794648,True
2023,7,VER,19.0,0,0.15201829246299975,True
2023,7,VER,20.0,0,0.15196149730405523,True
2023,7,VER,21.0,0,0.15194764596333138,True
2023,7,VER,22.0,0,0.15201613862175184,True
2023,7,VER,23.0,0,0.15195999228076446,True
2023,7,VER,24.0,0,0.15197794866951914,True
2023,7,VER,25.0,0,0.15195321066310952,True
2023,7,VER,26.0,0,0.15197559136007674,True
2023,7,VER,27.0,0,0.15197664928770788,True
2023,7,VER,28.0,0,0.15194661421582287,True
2023,7,VER,29.0,0,0.1519795666926607,True
2023,7,VER,30.0,0,0.15205603890003583,True
2023,7,VER,31.0,0,0.1520876493023006,True
2023,7,VER,32.0,0,0.15215932431177734,True
2023,7,VER,33.0,0,0.15259033195786176,True
2023,7,VER,34.0,0,0.15254821794597023,True
2023,7,VER,35.0,0,0.15465202345119966,True
2023,7,VER,36.0,0,0.15318722702599358,True
2023,7,VER,37.0,0,0.15195876998975585,True
2023,7,VER,38.0,0,0.15199396060044573,True
2023,7,VER,39.0,0,0.15210583963921845,True
2023,7,VER,40.0,0,0.15196005838585203,True
2023,7,VER,41.0,0,0.15195753847847718,True
2023,7,VER,42.0,0,0.151962538990988,True
2023,7,VER,43.0,0,0.15196824747886026,True
2023,7,VER,44.0,0,0.15194816411278386,True
2023,7,VER,45.0,0,0.15196757126466404,True
2023,7,VER,46.0,0,0.15197716339771195,True
2023,7,VER,47.0,0,0.15202542438076355,True
2023,7,VER,48.0,0,0.1519988282704919,True
2023,7,VER,49.0,0,0.15196947941214425,True
2023,7,VER,50.0,0,0.15211721239887277,True
2023,7,VER,51.0,0,0.15194466949629523,True
2023,7,VER,52.0,0,0.15199611932705231,True
2023,7,VER,53.0,0,0.15195584096192555,True
2023,7,VER,54.0,0,0.15200421393920605,True
2023,7,VER,55.0,0,0.15221272974364491,True
2023,7,VER,56.0,0,0.15212710493267173,True
2023,7,VER,57.0,0,0.1523008070239926,True
2023,7,VER,58.0,0,0.15240542459616813,True
2023,7,VER,59.0,0,0.1524828951427126,True
2023,7,VER,60.0,0,0.15229064284516017,True
2023,7,VER,61.0,0,0.1527633369092732,True
2023,7,VER,62.0,0,0.15394759765593613,True
2023,7,VER,63.0,0,0.15331603468167193,True
2023,7,ZHO,1.0,0,0.1526284060473821,True
2023,7,ZHO,2.0,0,0.1522279049604594,True
2023,7,ZHO,3.0,0,0.1527231238015606,True
2023,7,ZHO,4.0,0,0.15582899348916016,True
2023,7,ZHO,5.0,0,0.16487790469110325,True
2023,7,ZHO,6.0,0,0.1548154781898603,True
2023,7,ZHO,7.0,0,0.1601531598632268,True
2023,7,ZHO,8.0,0,0.1573427942063269,True
2023,7,ZHO,9.0,0,0.15299356970373124,True
2023,7,ZHO,10.0,0,0.15272771870021032,True
2023,7,ZHO,11.0,0,0.15220867880844197,True
2023,7,ZHO,12.0,0,0.15210616141259298,True
2023,7,ZHO,13.0,0,0.15225664134955316,True
2023,7,ZHO,14.0,0,0.1520505758442296,True
2023,7,ZHO,15.0,0,0.1520945492437724,True
2023,7,ZHO,16.0,0,0.15203407220074305,True
2023,7,ZHO,17.0,0,0.15200085224012097,True
2023,7,ZHO,18.0,0,0.15202603372311946,True
2023,7,ZHO,19.0,0,0.1520455911527148,True
2023,7,ZHO,20.0,0,0.1519746336042806,True
2023,7,ZHO,21.0,0,0.15197451729288589,True
2023,7,ZHO,22.0,0,0.1520309845898434,True
2023,7,ZHO,23.0,0,0.15201702116180976,True
2023,7,ZHO,24.0,0,0.15203137374854908,True
2023,7,ZHO,25.0,0,0.15198737696328174,True
2023,7,ZHO,26.0,0,0.15198717174227255,True
2023,7,ZHO,27.0,0,0.15198439681167064,True
2023,7,ZHO,28.0,0,0.15194461611459936,True
2023,7,ZHO,29.0,0,0.15197884945907805,True
2023,7,ZHO,30.0,0,0.15200211830773597,True
2023,7,ZHO,31.0,0,0.15207232664510312,True
2023,7,ZHO,32.0,0,0.15217502077771344,True
2023,7,ZHO,33.0,0,0.1525061571753077,True
2023,7,ZHO,34.0,0,0.15246588263278982,True
2023,7,ZHO,35.0,0,0.15583346423471475,True
2023,7,ZHO,36.0,0,0.15367388498859588,True
2023,7,ZHO,37.0,0,0.15192972375554786,True
2023,7,ZHO,38.0,0,0.1519718186817765,True
2023,7,ZHO,39.0,0,0.15211050263907994,True
2023,7,ZHO,40.0,0,0.1519474254871483,True
2023,7,ZHO,41.0,0,0.15193514710087977,True
2023,7,ZHO,42.0,0,0.15195375493494398,True
2023,7,ZHO,43.0,0,0.15195967434211263,True
2023,7,ZHO,44.0,0,0.15193958506947108,True
2023,7,ZHO,45.0,0,0.15197444702740284,True
2023,7,ZHO,46.0,0,0.15198251021165973,True
2023,7,ZHO,47.0,0,0.15207440642814976,True
2023,7,ZHO,48.0,0,0.15199946229582806,True
2023,7,ZHO,49.0,0,0.1519635391242612,True
2023,7,ZHO,50.0,0,0.1520929453110222,True
2023,7,ZHO,51.0,0,0.15194944912994374,True
2023,7,ZHO,52.0,0,0.15198282101251592,True
2023,7,ZHO,53.0,0,0.15193762723540932,True
2023,7,ZHO,54.0,0,0.1519950310471156,True
2023,7,ZHO,55.0,0,0.15224445847437001,True
2023,7,ZHO,56.0,0,0.15218256500555005,True
2023,7,ZHO,57.0,0,0.15215526425395304,True
2023,7,ZHO,58.0,0,0.15231900818343988,True
2023,7,ZHO,59.0,0,0.15229563166782054,True
2023,7,ZHO,60.0,0,0.15219991834132376,True
2023,7,ZHO,61.0,0,0.15257039245399576,True
2023,7,ZHO,62.0,0,0.15383442917701545,True
2023,7,ZHO,63.0,0,0.1532833791074893,True
2023,10,ALB,1.0,0,0.15310093631826743,True
2023,10,ALB,2.0,0,0.1527266906036429,True
2023,10,ALB,3.0,0,0.15289042998098595,True
2023,10,ALB,4.0,0,0.15373429182710283,True
2023,10,ALB,5.0,0,0.1534781345636221,True
2023,10,ALB,6.0,0,0.15336882481593647,True
2023,10,ALB,7.0,0,0.1532722675080394,True
2023,10,ALB,8.0,0,0.15885613868325094,True
2023,10,ALB,9.0,0,0.15892478525075196,True
2023,10,ALB,10.0,0,0.15448256576332553,True
2023,10,ALB,11.0,0,0.15333350329738135,True
2023,10,ALB,12.0,0,0.15324183843143482,True
2023,10,ALB,13.0,0,0.15333491459431486,True
2023,10,ALB,14.0,0,0.15280661102815526,True
2023,10,ALB,15.0,0,0.15566798101855875,True
2023,10,ALB,16.0,0,0.15328703098350155,True
2023,10,ALB,17.0,0,0.15212119007662708,True
2023,10,ALB,18.0,0,0.15216084157353704,True
2023,10,ALB,19.0,0,0.15428490751642215,True
2023,10,ALB,20.0,0,0.15235831728963029,True
2023,10,ALB,21.0,0,0.15203555451176595,True
2023,10,ALB,22.0,0,0.15228034693368347,True
2023,10,ALB,23.0,0,0.15204676377655463,True
2023,10,ALB,24.0,0,0.15206845751590328,True
2023,10,ALB,25.0,0,0.1561931373860263,True
2023,10,ALB,26.0,0,0.15295033772098968,True
2023,10,ALB,27.0,0,0.15290763690888223,True
2023,10,ALB,28.0,0,0.15578387350971618,True
2023,10,ALB,29.0,1,0.27930822661555876,True
2023,10,ALB,30.0,1,0.28389468780933536,True
2023,10,ALB,31.0,1,0.27910152188396575,True
2023,10,ALB,32.0,1,0.3322446512904792,True
2023,10,ALB,33.0,1,0.32304240056818556,True
2023,10,ALB,34.0,1,0.32930804437499256,True
2023,10,ALB,35.0,1,0.34072840610899263,True
2023,10,ALB,36.0,1,0.28983461594159643,True
2023,10,ALB,37.0,1,0.2895279284803567,True
2023,10,ALB,38.0,0,0.19024815151971033,True
2023,10,ALB,39.0,0,0.1596200051134221,True
2023,10,ALB,40.0,0,0.15573145921862408,True
2023,10,ALB,41.0,0,0.15384048508294507,True
2023,10,ALB,42.0,0,0.15311213503380755,True
2023,10,ALB,43.0,0,0.1535696326740547,True
2023,10,ALB,44.0,0,0.15384241702823295,True
2023,10,ALB,45.0,0,0.15581600272956578,True
2023,10,ALB,46.0,0,0.1542851866718079,True
2023,10,ALB,47.0,0,0.15476322019171612,True
2023,10,ALB,48.0,0,0.15486527983330675,True
2023,10,ALB,49.0,0,0.1571085885626865,True
2023,10,ALO,1.0,0,0.1530871449834996,True
2023,10,ALO,2.0,0,0.1526896095275328,True
2023,10,ALO,3.0,0,0.15287579382753508,True
2023,10,ALO,4.0,0,0.153617987887673,True
2023,10,ALO,5.0,0,0.15347771096269971,True
2023,10,ALO,6.0,0,0.15336343341553124,True
2023,10,ALO,7.0,0,0.1532773344882284,True
2023,10,ALO,8.0,0,0.1588437522837444,True
2023,10,ALO,9.0,0,0.15862416588423142,True
2023,10,ALO,10.0,0,0.15446104348615156,True
2023,10,ALO,11.0,0,0.15329068885078984,True
2023,10,ALO,12.0,0,0.153231116675919,True
2023,10,ALO,13.0,0,0.15329703068965284,True
2023,10,ALO,14.0,0,0.15280568620419915,True
2023,10,ALO,15.0,0,0.1557448328803323,True
2023,10,ALO,16.0,0,0.15314389598441494,True
2023,10,ALO,17.0,0,0.15212464213047128,True
2023,10,ALO,18.0,0,0.15216245840123324,True
2023,10,ALO,19.0,0,0.15437536457566883,True
2023,10,ALO,20.0,0,0.1523401417303019,True
2023,10,ALO,21.0,0,0.152037384028716,True
2023,10,ALO,22.0,0,0.15229070672059622,True
2023,10,ALO,23.0,0,0.1520541336347923,True
2023,10,ALO,24.0,0,0.15207352230682689,True
2023,10,ALO,25.0,0,0.15624753354174037,True
2023,10,ALO,26.0,0,0.1529909509714953,True
2023,10,ALO,27.0,0,0.15294542405120087,True
2023,10,ALO,28.0,0,0.15582415713247713,True
2023,10,ALO,29.0,1,0.279759016101258,True
2023,10,ALO,30.0,1,0.28374258268092767,True
2023,10,ALO,31.0,1,0.27903426742871884,True
2023,10,ALO,32.0,1,0.3206762190102852,True
2023,10,ALO,33.0,1,0.3264439534727748,True
2023,10,ALO,34.0,1,0.3325563759965496,True
2023,10,ALO,35.0,1,0.34081967636090743,True
2023,10,ALO,36.0,1,0.28983648033445836,True
2023,10,ALO,37.0,1,0.2895279284803567,True
2023,10,ALO,38.0,0,0.18985468791934573,True
2023,10,ALO,39.0,0,0.15893456338096495,True
2023,10,ALO,40.0,0,0.15519540877175428,True
2023,10,ALO,41.0,0,0.1540432673874414,True
2023,10,ALO,42.0,0,0.15314056175070284,True
2023,10,ALO,43.0,0,0.15358525923403377,True
2023,10,ALO,44.0,0,0.1539067717313444,True
2023,10,ALO,45.0,0,0.15571483870624744,True
2023,10,ALO,46.0,0,0.15459746157645382,True
2023,10,ALO,47.0,0,0.15466553952208892,True
2023,10,ALO,48.0,0,0.15486847343251148,True
2023,10,ALO,49.0,0,0.15738305106982242,True
2023,10,BOT,1.0,0,0.15371417583962416,True
2023,10,BOT,2.0,0,0.15312971476640183,True
2023,10,BOT,3.0,0,0.1532931788963668,True
2023,10,BOT,4.0,0,0.1542992064859427,True
2023,10,BOT,5.0,0,0.15398846545512274,True
2023,10,BOT,6.0,0,0.1536830322766662,True
2023,10,BOT,7.0,0,0.15350897487586396,True
2023,10,BOT,8.0,0,0.16058119331949378,True
2023,10,BOT,9.0,0,0.16061804070008343,True
2023,10,BOT,10.0,0,0.15535215673431307,True
2023,10,BOT,11.0,0,0.1538262499551581,True
2023,10,BOT,12.0,0,0.15356291433865218,True
2023,10,BOT,13.0,0,0.1541832468083089,True
2023,10,BOT,14.0,0,0.15303647019465194,True
2023,10,BOT,15.0,0,0.1551998447047307,True
2023,10,BOT,16.0,0,0.15324039390803842,True
2023,10,BOT,17.0,0,0.15216555917775376,True
2023,10,BOT,18.0,0,0.15213216645909802,True
2023,10,BOT,19.0,0,0.15397650324854248,True
2023,10,BOT,20.0,0,0.1522452471625459,True
2023,10,BOT,21.0,0,0.15202615509768097,True
2023,10,BOT,22.0,0,0.15227497623124148,True
2023,10,BOT,23.0,0,0.15203822503311995,True
2023,10,BOT,24.0,0,0.15204642980115074,True
2023,10,BOT,25.0,0,0.15630469336063674,True
2023,10,BOT,26.0,0,0.15284752851821967,True
2023,10,BOT,27.0,0,0.15300536745878657,True
2023,10,BOT,28.0,0,0.15573951696836644,True
2023,10,BOT,29.0,1,0.28051272963125057,True
2023,10,BOT,30.0,1,0.2842838883588762,True
2023,10,BOT,31.0,1,0.2795134473911569,True
2023,10,BOT,32.0,1,0.3122463105311401,True
2023,10,BOT,33.0,1,0.3248495510945917,True
2023,10,BOT,34.0,1,0.3330687789888245,True
2023,10,BOT,35.0,1,0.3423535168930026,True
2023,10,BOT,36.0,1,0.29000659931849904,True
2023,10,BOT,37.0,1,0.2896924210838587,True
2023,10,BOT,38.0,0,0.18790830612762313,True
2023,10,BOT,39.0,0,0.1595138914955511,True
2023,10,BOT,40.0,0,0.15580155468247484,True
2023,10,BOT,41.0,0,0.15407702510234297,True
2023,10,BOT,42.0,0,0.15313093175348697,True
2023,10,BOT,43.0,0,0.15359672504854407,True
2023,10,BOT,44.0,0,0.1541098876708235,True
2023,10,BOT,45.0,0,0.15604053934429912,True
2023,10,BOT,46.0,0,0.15417159463249505,True
2023,10,BOT,47.0,0,0.15446104130370375,True
2023,10,BOT,48.0,0,0.15457485604943388,True
2023,10,BOT,49.0,0,0.1581384477353401,True
2023,10,DEV,1.0,0,0.1533113459669435,True
2023,10,DEV,2.0,0,0.15276641254088436,True
2023,10,DEV,3.0,0,0.15311198840672607,True
2023,10,DEV,4.0,0,0.1538153860950159,True
2023,10,DEV,5.0,0,0.15360491099010382,True
2023,10,DEV,6.0,0,0.1535572958848533,True
2023,10,DEV,7.0,0,0.15377779675656222,True
2023,10,DEV,8.0,0,0.16117884304311367,True
2023,10,DEV,9.0,0,0.1602492942408174,True
2023,10,DEV,10.0,0,0.15460561481557283,True
2023,10,DEV,11.0,0,0.15343163204300583,True
2023,10,DEV,12.0,0,0.15331464052275257,True
2023,10,DEV,13.0,0,0.1534907110141795,True
2023,10,DEV,14.0,0,0.15302424446392643,True
2023,10,DEV,15.0,0,0.15547948161249975,True
2023,10,DEV,16.0,0,0.15334228674986655,True
2023,10,DEV,17.0,0,0.15219091465411969,True
2023,10,DEV,18.0,0,0.15220865671891387,True
2023,10,DEV,19.0,0,0.15416982774333524,True
2023,10,DEV,20.0,0,0.15247513772105156,True
2023,10,DEV,21.0,0,0.15205526839313985,True
2023,10,DEV,22.0,0,0.15223791263442124,True
2023,10,DEV,23.0,0,0.15207837791673348,True
2023,10,DEV,24.0,0,0.15210230029117383,True
2023,10,DEV,25.0,0,0.15610611286783632,True
2023,10,DEV,26.0,0,0.15306221113723453,True
2023,10,DEV,27.0,0,0.1528388340159924,True
2023,10,DEV,28.0,0,0.15611676832177798,True
2023,10,DEV,29.0,1,0.2807066392879746,True
2023,10,DEV,30.0,1,0.28413636263628295,True
2023,10,DEV,31.0,1,0.27999735916748436,True
2023,10,DEV,32.0,1,0.31539166128687235,True
2023,10,DEV,33.0,1,0.32585173730704947,True
2023,10,DEV,34.0,1,0.3333265840714229,True
2023,10,DEV,35.0,1,0.3424111982085059,True
2023,10,DEV,36.0,1,0.29011301317834964,True
2023,10,DEV,37.0,1,0.28980859258903624,True
2023,10,DEV,38.0,0,0.1815592768976472,True
2023,10,DEV,39.0,0,0.1597350155271387,True
2023,10,DEV,40.0,0,0.1558309407501058,True
2023,10,DEV,41.0,0,0.1540975135456489,True
2023,10,DEV,42.0,0,0.15317628777807407,True
2023,10,DEV,43.0,0,0.15352333095363857,True
2023,10,DEV,44.0,0,0.15414432781835186,True
2023,10,DEV,45.0,0,0.15632491782388566,True
2023,10,DEV,46.0,0,0.15423817833526113,True
2023,10,DEV,47.0,0,0.15483338070182215,True
2023,10,DEV,48.0,0,0.15495546559888823,True
2023,10,DEV,49.0,0,0.15750578979488272,True
2023,10,GAS,1.0,0,0.153095883777401,True
2023,10,GAS,2.0,0,0.1527117685877112,True
2023,10,GAS,3.0,0,0.1528923296950953,True
2023,10,GAS,4.0,0,0.15367257320842231,True
2023,10,GAS,5.0,0,0.1534781345636221,True
2023,10,GAS,6.0,0,0.15336362517591434,True
2023,10,GAS,7.0,0,0.15328411722513052,True
2023,10,GAS,8.0,0,0.15885613868325094,True
2023,10,GAS,9.0,0,0.15891433860895163,True
2023,10,GAS,10.0,0,0.15448184237202406,True
2023,10,GAS,11.0,0,0.15333350329738135,True
2023,10,GAS,12.0,0,0.15322163608137968,True
2023,10,GAS,13.0,0,0.15339635066525234,True
2023,10,GAS,14.0,0,0.15280655927924383,True
2023,10,GAS,15.0,0,0.1556854778235118,True
2023,10,GAS,16.0,0,0.15322012110027078,True
2023,10,GAS,17.0,0,0.15212126527750752,True
2023,10,GAS,18.0,0,0.15216080726374395,True
2023,10,GAS,19.0,0,0.15432507637707307,True
2023,10,GAS,20.0,0,0.1523582820412229,True
2023,10,GAS,21.0,0,0.15203250265005214,True
2023,10,GAS,22.0,0,0.15228039833471957,True
2023,10,GAS,23.0,0,0.15204177837481045,True
2023,10,GAS,24.0,0,0.15206846029516724,True
2023,10,GAS,25.0,0,0.15619262604196166,True
2023,10,GAS,26.0,0,0.15296846127792357,True
2023,10,GAS,27.0,0,0.15289563415269386,True
2023,10,GAS,28.0,0,0.1558544614853899,True
2023,10,GAS,29.0,1,0.2802838638995726,True
2023,10,GAS,30.0,1,0.2840277018028088,True
2023,10,GAS,31.0,1,0.2795087835726656,True
2023,10,GAS,32.0,1,0.31828386298882455,True
2023,10,GAS,33.0,1,0.3237445432013327,True
2023,10,GAS,34.0,1,0.32956680897656876,True
2023,10,GAS,35.0,1,0.34083921818754825,True
2023,10,GAS,36.0,1,0.28955667107738575,True
2023,10,GAS,37.0,1,0.2896167058468885,True
2023,10,GAS,38.0,0,0.18848841238571343,True
2023,10,GAS,39.0,0,0.15970619847339013,True
2023,10,GAS,40.0,0,0.1558350846784426,True
2023,10,GAS,41.0,0,0.15410178719897968,True
2023,10,GAS,42.0,0,0.15307049241198134,True
2023,10,GAS,43.0,0,0.15353722753413263,True
2023,10,HAM,1.0,0,0.153095883777401,True
2023,10,HAM,2.0,0,0.15269983176424212,True
2023,10,HAM,3.0,0,0.15289192947039826,True
2023,10,HAM,4.0,0,0.15367257320842231,True
2023,10,HAM,5.0,0,0.15345741146382663,True
2023,10,HAM,6.0,0,0.15337333250126584,True
2023,10,HAM,7.0,0,0.15319884864677352,True
2023,10,HAM,8.0,0,0.1578598102515969,True
2023,10,HAM,9.0,0,0.15864994619834855,True
2023,10,HAM,10.0,0,0.15448473189176254,True
2023,10,HAM,11.0,0,0.15328439976785274,True
2023,10,HAM,12.0,0,0.15325213965884438,True
2023,10,HAM,13.0,0,0.15331683164867904,True
2023,10,HAM,14.0,0,0.15265377878059022,True
2023,10,HAM,15.0,0,0.15527474747468492,True
2023,10,HAM,16.0,0,0.15310420673907474,True
2023,10,HAM,17.0,0,0.15212287627646495,True
2023,10,HAM,18.0,0,0.15216230208942785,True
2023,10,HAM,19.0,0,0.15434063137174592,True
2023,10,HAM,20.0,0,0.1523508900782357,True
2023,10,HAM,21.0,0,0.15201526020420497,True
2023,10,HAM,22.0,0,0.15225288556764147,True
2023,10,HAM,23.0,0,0.15204959107365631,True
2023,10,HAM,24.0,0,0.15204082023208773,True
2023,10,HAM,25.0,0,0.15622473400710643,True
2023,10,HAM,26.0,0,0.15277158182573128,True
2023,10,HAM,27.0,0,0.1529163982777978,True
2023,10,HAM,28.0,0,0.1557623097645949,True
2023,10,HAM,29.0,1,0.2790339958579159,True
2023,10,HAM,30.0,1,0.2836512903490627,True
2023,10,HAM,31.0,1,0.27982357767127636,True
2023,10,HAM,32.0,1,0.3330627711976406,True
2023,10,HAM,33.0,1,0.326874522709661,True
2023,10,HAM,34.0,1,0.3322780202137981,True
2023,10,HAM,35.0,1,0.3408855113493608,True
2023,10,HAM,36.0,1,0.29002433574909,True
2023,10,HAM,37.0,1,0.28975489495980583,True
2023,10,HAM,38.0,0,0.19008887055526466,True
2023,10,HAM,39.0,0,0.1589153675743559,True
2023,10,HAM,40.0,0,0.1551998665667219,True
2023,10,HAM,41.0,0,0.15375510967879485,True
2023,10,HAM,42.0,0,0.15302639653859734,True
2023,10,HAM,43.0,0,0.15347336461948788,True
2023,10,HAM,44.0,0,0.15384683959269493,True
2023,10,HAM,45.0,0,0.15563597391318684,True
2023,10,HAM,46.0,0,0.15390396311035848,True
2023,10,HAM,47.0,0,0.15448319611734182,True
2023,10,HAM,48.0,0,0.1547216683368986,True
2023,10,HAM,49.0,0,0.1560503365814973,True
2023,10,HUL,1.0,0,0.15371649853934038,True
2023,10,HUL,2.0,0,0.15306502665174032,True
2023,10,HUL,3.0,0,0.15329178578732255,True
2023,10,HUL,4.0,0,0.1542944504268437,True
2023,10,HUL,5.0,0,0.15411162144566848,True
2023,10,HUL,6.0,0,0.15378546310656369,True
2023,10,HUL,7.0,0,0.1535150675557054,True
2023,10,HUL,8.0,0,0.15863510624192373,True
2023,10,HUL,9.0,0,0.16067468095207804,True
2023,10,HUL,10.0,0,0.15511169254873194,True
2023,10,HUL,11.0,0,0.15361414922889347,True
2023,10,HUL,12.0,0,0.15343581336278525,True
2023,10,HUL,13.0,0,0.15350894705741808,True
2023,10,HUL,14.0,0,0.15287932765215664,True
2023,10,HUL,15.0,0,0.1556455917011274,True
2023,10,HUL,16.0,0,0.15320052439739135,True
2023,10,HUL,17.0,0,0.15211682839014848,True
2023,10,HUL,18.0,0,0.15217498917438377,True
2023,10,HUL,19.0,0,0.15448468591577574,True
2023,10,HUL,20.0,0,0.15238137552899905,True
2023,10,HUL,21.0,0,0.15201989482174713,True
2023,10,HUL,22.0,0,0.1522422513236993,True
2023,10,HUL,23.0,0,0.15200226232242928,True
2023,10,HUL,24.0,0,0.15207301705801224,True
2023,10,HUL,25.0,0,0.15595893694764013,True
2023,10,HUL,26.0,0,0.15293211388569092,True
2023,10,HUL,27.0,0,0.15292372125670833,True
2023,10,HUL,28.0,0,0.15614357603198875,True
2023,10,HUL,29.0,1,0.28084107949699294,True
2023,10,HUL,30.0,1,0.284341751519902,True
2023,10,HUL,31.0,1,0.28007684925815973,True
2023,10,HUL,32.0,1,0.31842484548921846,True
2023,10,HUL,33.0,1,0.32511774856444153,True
2023,10,HUL,34.0,1,0.33096094750008115,True
2023,10,HUL,35.0,1,0.3424111982085059,True
2023,10,HUL,36.0,1,0.2961747843077821,True
2023,10,HUL,37.0,1,0.2897900208519406,True
2023,10,HUL,38.0,0,0.18623633226250674,True
2023,10,HUL,39.0,0,0.15961092946232577,True
2023,10,HUL,40.0,0,0.1558309407501058,True
2023,10,HUL,41.0,0,0.1541031387891878,True
2023,10,HUL,42.0,0,0.15315057793839307,True
2023,10,HUL,43.0,0,0.1536111287440815,True
2023,10,HUL,44.0,0,0.15412294717973798,True
2023,10,HUL,45.0,0,0.15630470315193098,True
2023,10,HUL,46.0,0,0.15420341053414016,True
2023,10,HUL,47.0,0,0.15445963142009328,True
2023,10,HUL,48.0,0,0.15457453356891313,True
2023,10,HUL,49.0,0,0.15813532106983624,True
2023,10,LEC,1.0,0,0.15303558779937682,True
2023,10,LEC,2.0,0,0.15269983176424212,True
2023,10,LEC,3.0,0,0.1528789480419457,True
2023,10,LEC,4.0,0,0.15367257320842231,True
2023,10,LEC,5.0,0,0.15348852154351295,True
2023,10,LEC,6.0,0,0.1532914638070563,True
2023,10,LEC,7.0,0,0.15319884864677352,True
2023,10,LEC,8.0,0,0.1578747248577334,True
2023,10,LEC,9.0,0,0.15849874036188027,True
2023,10,LEC,10.0,0,0.15433138616105904,True
2023,10,LEC,11.0,0,0.1533333285766943,True
2023,10,LEC,12.0,0,0.15323054775034448,True
2023,10,LEC,13.0,0,0.15331584608764495,True
2023,10,LEC,14.0,0,0.15269592433267007,True
2023,10,LEC,15.0,0,0.15567518204277117,True
2023,10,LEC,16.0,0,0.1531932339577015,True
2023,10,LEC,17.0,0,0.15212363901784615,True
2023,10,LEC,18.0,0,0.15213745200012302,True
2023,10,LEC,19.0,0,0.15426644686228658,True
2023,10,LEC,20.0,0,0.1522632709117137,True
2023,10,LEC,21.0,0,0.15201871517432533,True
2023,10,LEC,22.0,0,0.15225420062781903,True
2023,10,LEC,23.0,0,0.1519890469711695,True
2023,10,LEC,24.0,0,0.15202556415094132,True
2023,10,LEC,25.0,0,0.1562489797860135,True
2023,10,LEC,26.0,0,0.15271124718647885,True
2023,10,LEC,27.0,0,0.15307558511614217,True
2023,10,LEC,28.0,0,0.15579750728469863,True
2023,10,LEC,29.0,1,0.27991651325401834,True
2023,10,LEC,30.0,1,0.28408765037569667,True
2023,10,LEC,31.0,1,0.2796239664092151,True
2023,10,LEC,32.0,1,0.31763217759333257,True
2023,10,LEC,33.0,1,0.32466942177860114,True
2023,10,LEC,34.0,1,0.33451175519282383,True
2023,10,LEC,35.0,1,0.34147454697805213,True
2023,10,LEC,36.0,1,0.2947848619466159,True
2023,10,LEC,37.0,1,0.29551737789975463,True
2023,10,LEC,38.0,0,0.20045026753923323,True
2023,10,LEC,39.0,0,0.15864557083528066,True
2023,10,LEC,40.0,0,0.15552401084379613,True
2023,10,LEC,41.0,0,0.1539435062046953,True
2023,10,LEC,42.0,0,0.1533629064474797,True
2023,10,LEC,43.0,0,0.1538411128134235,True
2023,10,LEC,44.0,0,0.15416518539673157,True
2023,10,LEC,45.0,0,0.15586720294231493,True
2023,10,LEC,46.0,0,0.15451962522265444,True
2023,10,LEC,47.0,0,0.15475082973134463,True
2023,10,LEC,48.0,0,0.1548196659436266,True
2023,10,LEC,49.0,0,0.15782617216067746,True
2023,10,MAG,1.0,0,0.15308471564267886,True
2023,10,MAG,2.0,0,0.15272389059510666,True
2023,10,MAG,3.0,0,0.15289216279719198,True
2023,10,MAG,4.0,0,0.15373550286680276,True
2023,10,MAG,5.0,0,0.15348852154351295,True
2023,10,MAG,6.0,0,0.15337090257627062,True
2023,10,MAG,7.0,0,0.15328066626418463,True
2023,10,MAG,8.0,0,0.15881865811865797,True
2023,10,MAG,9.0,0,0.16092878427292417,True
2023,10,MAG,10.0,0,0.1548795778480046,True
2023,10,MAG,11.0,0,0.15333314559252137,True
2023,10,MAG,12.0,0,0.15339154370286276,True
2023,10,MAG,13.0,0,0.15348328530860061,True
2023,10,MAG,14.0,0,0.15290001088708943,True
2023,10,MAG,15.0,0,0.15565689834151142,True
2023,10,MAG,16.0,0,0.15342880424204758,True
2023,10,MAG,17.0,0,0.15217098062193157,True
2023,10,MAG,18.0,0,0.1521623189554216,True
2023,10,MAG,19.0,0,0.15433105928032825,True
2023,10,MAG,20.0,0,0.15236850954514827,True
2023,10,MAG,21.0,0,0.15204638667681136,True
2023,10,MAG,22.0,0,0.1522908466385438,True
2023,10,MAG,23.0,0,0.1520555533589007,True
2023,10,MAG,24.0,0,0.15207353034523094,True
2023,10,MAG,25.0,0,0.15624903635462678,True
2023,10,MAG,26.0,0,0.1530127050234784,True
2023,10,MAG,27.0,0,0.15291332458109794,True
2023,10,MAG,28.0,0,0.15601814735624292,True
2023,10,MAG,29.0,1,0.280660771711537,True
2023,10,NOR,1.0,0,0.1529971915588514,True
2023,10,NOR,2.0,0,0.15269437516237805,True
2023,10,NOR,3.0,0,0.1528789480419457,True
2023,10,NOR,4.0,0,0.15367257320842231,True
2023,10,NOR,5.0,0,0.1534698329680683,True
2023,10,NOR,6.0,0,0.1532798698765437,True
2023,10,NOR,7.0,0,0.1531867960567776,True
2023,10,NOR,8.0,0,0.15783022996607637,True
2023,10,NOR,9.0,0,0.1592471337633462,True
2023,10,NOR,10.0,0,0.15436003375569862,True
2023,10,NOR,11.0,0,0.15334733496580547,True
2023,10,NOR,12.0,0,0.15314769130474615,True
2023,10,NOR,13.0,0,0.15330501327080848,True
2023,10,NOR,14.0,0,0.15275654970070068,True
2023,10,NOR,15.0,0,0.15534065807025357,True
2023,10,NOR,16.0,0,0.15309759539925255,True
2023,10,NOR,17.0,0,0.15211163211593876,True
2023,10,NOR,18.0,0,0.1521356681383469,True
2023,10,NOR,19.0,0,0.15413962377517498,True
2023,10,NOR,20.0,0,0.15230736646956103,True
2023,10,NOR,21.0,0,0.15201510937285298,True
2023,10,NOR,22.0,0,0.1521766482735079,True
2023,10,NOR,23.0,0,0.15201301069021628,True
2023,10,NOR,24.0,0,0.15204013560908378,True
2023,10,NOR,25.0,0,0.15615982792881605,True
2023,10,NOR,26.0,0,0.15276144782758383,True
2023,10,NOR,27.0,0,0.1529161774365201,True
2023,10,NOR,28.0,0,0.15572372474938947,True
2023,10,NOR,29.0,0,0.2762565046710467,True
2023,10,NOR,30.0,1,0.28253133665530983,True
2023,10,NOR,31.0,1,0.27683774460048677,True
2023,10,NOR,32.0,1,0.2892246583011637,True
2023,10,NOR,33.0,1,0.33349545045066015,True
2023,10,NOR,34.0,1,0.3340318801788565,True
2023,10,NOR,35.0,1,0.3402199215973233,True
2023,10,NOR,36.0,1,0.2953461353997343,True
2023,10,NOR,37.0,1,0.2958238696683604,True
2023,10,NOR,38.0,0,0.20797837269322042,True
2023,10,NOR,39.0,0,0.15873706295114068,True
2023,10,NOR,40.0,0,0.15576215348121944,True
2023,10,NOR,41.0,0,0.15413439213819968,True
2023,10,NOR,42.0,0,0.1533037334202762,True
2023,10,NOR,43.0,0,0.15387139454310136,True
2023,10,NOR,44.0,0,0.15426969572488664,True
2023,10,NOR,45.0,0,0.15664214781433147,True
2023,10,NOR,46.0,0,0.1540231930568837,True
2023,10,NOR,47.0,0,0.1546209099322104,True
2023,10,NOR,48.0,0,0.15467321672893408,True
2023,10,NOR,49.0,0,0.15639533632615338,True
2023,10,OCO,1.0,0,0.1533114902429646,True
2023,10,OCO,2.0,0,0.1527698768515412,True
2023,10,OCO,3.0,0,0.1531140204470708,True
2023,10,OCO,4.0,0,0.1538153860950159,True
2023,10,OCO,5.0,0,0.15359605752633532,True
2023,10,OCO,6.0,0,0.15355983211785026,True
2023,10,PER,1.0,0,0.15311671368462315,True
2023,10,PER,2.0,0,0.1527259365891816,True
2023,10,PER,3.0,0,0.15289327497381272,True
2023,10,PER,4.0,0,0.1537351301883234,True
2023,10,PER,5.0,0,0.1534881734016717,True
2023,10,PER,6.0,0,0.1532914638070563,True
2023,10,PER,7.0,0,0.15325255980115277,True
2023,10,PER,8.0,0,0.157889340906332,True
2023,10,PER,9.0,0,0.1585078615262355,True
2023,10,PER,10.0,0,0.15444539000518526,True
2023,10,PER,11.0,0,0.15334983977635233,True
2023,10,PER,12.0,0,0.15315117761443622,True
2023,10,PER,13.0,0,0.15337870634951756,True
2023,10,PER,14.0,0,0.15281099473151866,True
2023,10,PER,15.0,0,0.15567518204277117,True
2023,10,PER,16.0,0,0.15310308203012638,True
2023,10,PER,17.0,0,0.15212366632783642,True
2023,10,PER,18.0,0,0.1521479400482288,True
2023,10,PER,19.0,0,0.15432283612606218,True
2023,10,PER,20.0,0,0.15236190109714184,True
2023,10,PER,21.0,0,0.15203647945298,True
2023,10,PER,22.0,0,0.1522838658260648,True
2023,10,PER,23.0,0,0.15204843580827349,True
2023,10,PER,24.0,0,0.15204105831047404,True
2023,10,PER,25.0,0,0.15616828317871467,True
2023,10,PER,26.0,0,0.15291867345240268,True
2023,10,PER,27.0,0,0.1529163982777978,True
2023,10,PER,28.0,0,0.1557623097645949,True
2023,10,PER,29.0,1,0.28166982672001584,True
2023,10,PER,30.0,1,0.2850723947512466,True
2023,10,PER,31.0,1,0.28067155196937243,True
2023,10,PER,32.0,1,0.314849203764049,True
2023,10,PER,33.0,1,0.32047792262478636,True
2023,10,PER,34.0,1,0.32956680897656876,True
2023,10,PER,35.0,1,0.34084232320196695,True
2023,10,PER,36.0,1,0.2900917415943817,True
2023,10,PER,37.0,1,0.2897557664802787,True
2023,10,PER,38.0,0,0.19032006328944295,True
2023,10,PER,39.0,0,0.15970492831579344,True
2023,10,PER,40.0,0,0.1553687703060054,True
2023,10,PER,41.0,0,0.15395990081371774,True
2023,10,PER,42.0,0,0.1531426628058545,True
2023,10,PER,43.0,0,0.1535851232880165,True
2023,10,PER,44.0,0,0.15381855599978045,True
2023,10,PER,45.0,0,0.15569255864308523,True
2023,10,PER,46.0,0,0.15422674879908754,True
2023,10,PER,47.0,0,0.15482426963545065,True
2023,10,PER,48.0,0,0.15472297811557775,True
2023,10,PER,49.0,0,0.15599878207206402,True
2023,10,PIA,1.0,0,0.15303774076967974,True
2023,10,PIA,2.0,0,0.1526896095275328,True
2023,10,PIA,3.0,0,0.15287939137268372,True
2023,10,PIA,4.0,0,0.153617987887673,True
2023,10,PIA,5.0,0,0.15345098907719174,True
2023,10,PIA,6.0,0,0.15328734025445545,True
2023,10,PIA,7.0,0,0.15319578401718273,True
2023,10,PIA,8.0,0,0.15785271291807787,True
2023,10,PIA,9.0,0,0.15925649423557295,True
2023,10,PIA,10.0,0,0.1544266389216581,True
2023,10,PIA,11.0,0,0.1533491079582156,True
2023,10,PIA,12.0,0,0.15311808175661085,True
2023,10,PIA,13.0,0,0.15331520291785866,True
2023,10,PIA,14.0,0,0.15276861005136128,True
2023,10,PIA,15.0,0,0.15536861685709602,True
2023,10,PIA,16.0,0,0.1531034554083061,True
2023,10,PIA,17.0,0,0.15209083728621892,True
2023,10,PIA,18.0,0,0.15214864832754443,True
2023,10,PIA,19.0,0,0.15414582334205723,True
2023,10,PIA,20.0,0,0.15230759978193092,True
2023,10,PIA,21.0,0,0.15201495560823036,True
2023,10,PIA,22.0,0,0.15217776104474567,True
2023,10,PIA,23.0,0,0.1520124774289403,True
2023,10,PIA,24.0,0,0.1520409483736163,True
2023,10,PIA,25.0,0,0.15620607784766413,True
2023,10,PIA,26.0,0,0.15298543758285826,True
2023,10,PIA,27.0,0,0.1529378057848691,True
2023,10,PIA,28.0,0,0.15574318253650368,True
2023,10,PIA,29.0,1,0.2782190004182242,True
2023,10,PIA,30.0,1,0.283905965849779,True
2023,10,PIA,31.0,1,0.27997882723431233,True
2023,10,PIA,32.0,1,0.31168312456832015,True
2023,10,PIA,33.0,1,0.31905246125610737,True
2023,10,PIA,34.0,1,0.3337543501192507,True
2023,10,PIA,35.0,1,0.3402520574051118,True
2023,10,PIA,36.0,1,0.29499724400127353,True
2023,10,PIA,37.0,1,0.2958694422694729,True
2023,10,PIA,38.0,0,0.20742667128659537,True
2023,10,PIA,39.0,0,0.15847048476105657,True
2023,10,PIA,40.0,0,0.15575734126884927,True
2023,10,PIA,41.0,0,0.15415945035213247,True
2023,10,PIA,42.0,0,0.15332490200856191,True
2023,10,PIA,43.0,0,0.15390684119923043,True
2023,10,PIA,44.0,0,0.15426388010093892,True
2023,10,PIA,45.0,0,0.1565998889550517,True
2023,10,PIA,46.0,0,0.15410537824686435,True
2023,10,PIA,47.0,0,0.15474812912529873,True
2023,10,PIA,48.0,0,0.15480648361111543,True
2023,10,PIA,49.0,0,0.15628283196504597,True
2023,10,RUS,1.0,0,0.15322732451770518,True
2023,10,RUS,2.0,0,0.15271481045193627,True
2023,10,RUS,3.0,0,0.15302564630551244,True
2023,10,RUS,4.0,0,0.1535607763164863,True
2023,10,RUS,5.0,0,0.15360815001066397,True
2023,10,RUS,6.0,0,0.15342117573777142,True
2023,10,RUS,7.0,0,0.15366914623671152,True
2023,10,RUS,8.0,0,0.15961933829565106,True
2023,10,RUS,9.0,0,0.159780502256076,True
2023,10,RUS,10.0,0,0.15459381953478019,True
2023,10,RUS,11.0,0,0.15335948190159437,True
2023,10,RUS,12.0,0,0.15317714382471273,True
2023,10,RUS,13.0,0,0.15334005640172252,True
2023,10,RUS,14.0,0,0.15286814781885766,True
2023,10,RUS,15.0,0,0.15519522260958163,True
2023,10,RUS,16.0,0,0.15307628654384442,True
2023,10,RUS,17.0,0,0.15219235355430866,True
2023,10,RUS,18.0,0,0.1521924671051515,True
2023,10,RUS,19.0,0,0.15415964759422937,True
2023,10,RUS,20.0,0,0.1524547020426321,True
2023,10,RUS,21.0,0,0.15204664244474242,True
2023,10,RUS,22.0,0,0.1521402591232004,True
2023,10,RUS,23.0,0,0.15203784407589938,True
2023,10,RUS,24.0,0,0.15210379794403306,True
2023,10,RUS,25.0,0,0.15607309197334485,True
2023,10,RUS,26.0,0,0.15294828005392494,True
2023,10,RUS,27.0,0,0.15284342472589468,True
2023,10,RUS,28.0,0,0.15596760244171368,True
2023,10,RUS,29.0,1,0.28087976492561406,True
2023,10,RUS,30.0,1,0.2841318540279854,True
2023,10,RUS,31.0,1,0.28017085508006273,True
2023,10,RUS,32.0,1,0.3127392798929258,True
2023,10,RUS,33.0,1,0.3199629827629293,True
2023,10,RUS,34.0,1,0.33385044524582963,True
2023,10,RUS,35.0,1,0.3413400863560028,True
2023,10,RUS,36.0,1,0.29474320532444176,True
2023,10,RUS,37.0,1,0.2948092381756894,True
2023,10,RUS,38.0,0,0.20213714247134112,True
2023,10,RUS,39.0,0,0.157896824316703,True
2023,10,RUS,40.0,0,0.15509381443341663,True
2023,10,RUS,41.0,0,0.15380140126458802,True
2023,10,RUS,42.0,0,0.15319392298495652,True
2023,10,RUS,43.0,0,0.1536741239141668,True
2023,10,RUS,44.0,0,0.15388552488516208,True
2023,10,RUS,45.0,0,0.1558720852818277,True
2023,10,RUS,46.0,0,0.15456642089579925,True
2023,10,RUS,47.0,0,0.15520071572747057,True
2023,10,RUS,48.0,0,0.15528442588998856,True
2023,10,RUS,49.0,0,0.15658882998400755,True
2023,10,SAI,1.0,0,0.1530701507702015,True
2023,10,SAI,2.0,0,0.15269983176424212,True
2023,10,SAI,3.0,0,0.1528789480419457,True
2023,10,SAI,4.0,0,0.15367257320842231,True
2023,10,SAI,5.0,0,0.15345741146382663,True
2023,10,SAI,6.0,0,0.15337011382849688,True
2023,10,SAI,7.0,0,0.15319884864677352,True
2023,10,SAI,8.0,0,0.1578747248577334,True
2023,10,SAI,9.0,0,0.15864994619834855,True
2023,10,SAI,10.0,0,0.15444539000518526,True
2023,10,SAI,11.0,0,0.1533333285766943,True
2023,10,SAI,12.0,0,0.15315117761443622,True
2023,10,SAI,13.0,0,0.15331584608764495,True
2023,10,SAI,14.0,0,0.15281179378564533,True
2023,10,SAI,15.0,0,0.15570856230081598,True
2023,10,SAI,16.0,0,0.15322916982760354,True
2023,10,SAI,17.0,0,0.1521267360924769,True
2023,10,SAI,18.0,0,0.15216228464562848,True
2023,10,SAI,19.0,0,0.15434063137174592,True
2023,10,SAI,20.0,0,0.1523508900782357,True
2023,10,SAI,21.0,0,0.15203647945298,True
2023,10,SAI,22.0,0,0.15227354855890532,True
2023,10,SAI,23.0,0,0.1520431681540202,True
2023,10,SAI,24.0,0,0.15204105831047404,True
2023,10,SAI,25.0,0,0.15622473400710643,True
2023,10,SAI,26.0,0,0.15295801148767874,True
2023,10,SAI,27.0,0,0.15301566803545247,True
2023,10,SAI,28.0,0,0.15610212330408513,True
2023,10,SAI,29.0,1,0.28026511566559986,True
2023,10,SAI,30.0,1,0.2844923483151104,True
2023,10,SAI,31.0,1,0.2794694052189541,True
2023,10,SAI,32.0,1,0.31255802728063625,True
2023,10,SAI,33.0,1,0.3151889744762917,True
2023,10,SAI,34.0,1,0.333386145228949,True
2023,10,SAI,35.0,1,0.3402359524714531,True
2023,10,SAI,36.0,1,0.29519710908075913,True
2023,10,SAI,37.0,1,0.29604321338526624,True
2023,10,SAI,38.0,0,0.2098930973030045,True
2023,10,SAI,39.0,0,0.1593027914492644,True
2023,10,SAI,40.0,0,0.15579080512208765,True
2023,10,SAI,41.0,0,0.15438888727233374,True
2023,10,SAI,42.0,0,0.15350422657947319,True
2023,10,SAI,43.0,0,0.15435548952445471,True
2023,10,SAI,44.0,0,0.15463235492698055,True
2023,10,SAI,45.0,0,0.15724956164119006,True
2023,10,SAI,46.0,0,0.15438457783499723,True
2023,10,SAI,47.0,0,0.15480533073920882,True
2023,10,SAI,48.0,0,0.1546700735555157,True
2023,10,SAI,49.0,0,0.15747155003845442,True
2023,10,SAR,1.0,0,0.15311671368462315,True
2023,10,SAR,2.0,0,0.15272389059510666,True
2023,10,SAR,3.0,0,0.15289216279719198,True
2023,10,SAR,4.0,0,0.1537351301883234,True
2023,10,SAR,5.0,0,0.15348794564506227,True
2023,10,SAR,6.0,0,0.15337322662819752,True
2023,10,SAR,7.0,0,0.15328563172485904,True
2023,10,SAR,8.0,0,0.15886276078291447,True
2023,10,SAR,9.0,0,0.15893588561184246,True
2023,10,SAR,10.0,0,0.15468566187897387,True
2023,10,SAR,11.0,0,0.15333374110081371,True
2023,10,SAR,12.0,0,0.15325227770461358,True
2023,10,SAR,13.0,0,0.15347134374995325,True
2023,10,SAR,14.0,0,0.1527782284038426,True
2023,10,SAR,15.0,0,0.1556936936859052,True
2023,10,SAR,16.0,0,0.15322936068615076,True
2023,10,SAR,17.0,0,0.1521235638169657,True
2023,10,SAR,18.0,0,0.1521623189554216,True
2023,10,SAR,19.0,0,0.1543005129775005,True
2023,10,SAR,20.0,0,0.15236193634554923,True
2023,10,SAR,21.0,0,0.15203648768983555,True
2023,10,SAR,22.0,0,0.1522839172271009,True
2023,10,SAR,23.0,0,0.15204843580827349,True
2023,10,SAR,24.0,0,0.15206878710012306,True
2023,10,SAR,25.0,0,0.1561949346717929,True
2023,10,SAR,26.0,0,0.15297627009902573,True
2023,10,SAR,27.0,0,0.15291332458109794,True
2023,10,SAR,28.0,0,0.15599003980293263,True
2023,10,SAR,29.0,1,0.2804081982536981,True
2023,10,SAR,30.0,1,0.2848544536313907,True
2023,10,SAR,31.0,1,0.28067155196937243,True
2023,10,SAR,32.0,1,0.3148374529279986,True
2023,10,SAR,33.0,1,0.32428334074195897,True
2023,10,SAR,34.0,1,0.32971827323461983,True
2023,10,SAR,35.0,1,0.3424320171433398,True
2023,10,SAR,36.0,1,0.2898840435148477,True
2023,10,SAR,37.0,1,0.2897557664802787,True
2023,10,SAR,38.0,0,0.18814539882515452,True
2023,10,SAR,39.0,0,0.15970619847339013,True
2023,10,SAR,40.0,0,0.15580155468247484,True
2023,10,SAR,41.0,0,0.15410178719897968,True
2023,10,SAR,42.0,0,0.153171094748017,True
2023,10,SAR,43.0,0,0.15358506066988062,True
2023,10,SAR,44.0,0,0.15409390577802046,True
2023,10,SAR,45.0,0,0.15604996813260574,True
2023,10,SAR,46.0,0,0.15428875814509194,True
2023,10,SAR,47.0,0,0.15482707531314807,True
2023,10,SAR,48.0,0,0.15494190336597385,True
2023,10,SAR,49.0,0,0.15718933009277933,True
2023,10,STR,1.0,0,0.1531007817889425,True
2023,10,STR,2.0,0,0.1527250278276793,True
2023,10,STR,3.0,0,0.15289261311048133,True
2023,10,STR,4.0,0,0.15371454047163852,True
2023,10,STR,5.0,0,0.15347770037190406,True
2023,10,STR,6.0,0,0.15336362517591434,True
2023,10,STR,7.0,0,0.1532722675080394,True
2023,10,STR,8.0,0,0.15885613868325094,True
2023,10,STR,9.0,0,0.15866011906788877,True
2023,10,STR,10.0,0,0.15448256576332553,True
2023,10,STR,11.0,0,0.15335034585028817,True
2023,10,STR,12.0,0,0.15339676940502106,True
2023,10,STR,13.0,0,0.15343164903402848,True
2023,10,STR,14.0,0,0.15281690304557496,True
2023,10,STR,15.0,0,0.1556936936859052,True
2023,10,STR,16.0,0,0.153140172106765,True
2023,10,STR,17.0,0,0.15212366632783642,True
2023,10,STR,18.0,0,0.15216228464562848,True
2023,10,STR,19.0,0,0.15432477066559244,True
2023,10,STR,20.0,0,0.15235831728963029,True
2023,10,STR,21.0,0,0.15203557720301353,True
2023,10,STR,22.0,0,0.15228039833471957,True
2023,10,STR,23.0,0,0.15204676377655463,True
2023,10,STR,24.0,0,0.1520684681875935,True
2023,10,STR,25.0,0,0.15624903635462678,True
2023,10,STR,26.0,0,0.15297627009902573,True
2023,10,STR,27.0,0,0.15287660248374096,True
2023,10,STR,28.0,0,0.1558544614853899,True
2023,10,STR,29.0,1,0.2802583082477357,True
2023,10,STR,30.0,1,0.28395863895255014,True
2023,10,STR,31.0,1,0.27954488369841496,True
2023,10,STR,32.0,1,0.3183101008106967,True
2023,10,STR,33.0,1,0.3237778360821033,True
2023,10,STR,34.0,1,0.3322780202137981,True
2023,10,STR,35.0,1,0.3424320171433398,True
2023,10,STR,36.0,1,0.28955667107738575,True
2023,10,STR,37.0,1,0.28970122274326304,True
2023,10,STR,38.0,0,0.18842984664338439,True
2023,10,STR,39.0,0,0.15896957317406804,True
2023,10,STR,40.0,0,0.15581185192101904,True
2023,10,STR,41.0,0,0.15407516979817185,True
2023,10,STR,42.0,0,0.15305310533262878,True
2023,10,STR,43.0,0,0.1535766886995089,True
2023,10,STR,44.0,0,0.15411363250061777,True
2023,10,STR,45.0,0,0.1559800956823983,True
2023,10,STR,46.0,0,0.15425672923972356,True
2023,10,STR,47.0,0,0.15470859303499246,True
2023,10,STR,48.0,0,0.15481824127880608,True
2023,10,STR,49.0,0,0.15727839003667712,True
2023,10,TSU,1.0,0,0.15331596015454144,True
2023,10,TSU,2.0,0,0.1527698768515412,True
2023,10,TSU,3.0,0,0.1531140204470708,True
2023,10,TSU,4.0,0,0.1538138850642564,True
2023,10,TSU,5.0,0,0.15360862138584838,True
2023,10,TSU,6.0,0,0.15355988927890457,True
2023,10,TSU,7.0,0,0.153786581949646,True
2023,10,TSU,8.0,0,0.16093205462961863,True
2023,10,TSU,9.0,0,0.16132529666943357,True
2023,10,TSU,10.0,0,0.15482114450456158,True
2023,10,TSU,11.0,0,0.15343190868466486,True
2023,10,TSU,12.0,0,0.15331464052275257,True
2023,10,TSU,13.0,0,0.15383872137315557,True
2023,10,TSU,14.0,0,0.15333949491935606,True
2023,10,TSU,15.0,0,0.1551135216348902,True
2023,10,TSU,16.0,0,0.15318459472382684,True
2023,10,TSU,17.0,0,0.15209143446777681,True
2023,10,TSU,18.0,0,0.15213567075936602,True
2023,10,TSU,19.0,0,0.1541614882805148,True
2023,10,TSU,20.0,0,0.15225585783500273,True
2023,10,TSU,21.0,0,0.15201716167895918,True
2023,10,TSU,22.0,0,0.15224865321989967,True
2023,10,TSU,23.0,0,0.1520012579869624,True
2023,10,TSU,24.0,0,0.1520350196736438,True
2023,10,TSU,25.0,0,0.1563298499094972,True
2023,10,TSU,26.0,0,0.1528271929017801,True
2023,10,TSU,27.0,0,0.1529757073232831,True
2023,10,TSU,28.0,0,0.15580064579663735,True
2023,10,TSU,29.0,1,0.28024204825229393,True
2023,10,TSU,30.0,1,0.28457149122927394,True
2023,10,TSU,31.0,1,0.27898547717207023,True
2023,10,TSU,32.0,1,0.31136387506159446,True
2023,10,TSU,33.0,1,0.32585173730704947,True
2023,10,TSU,34.0,1,0.3333338501962004,True
2023,10,TSU,35.0,1,0.3424111982085059,True
2023,10,TSU,36.0,1,0.2898983947225816,True
2023,10,TSU,37.0,1,0.2897900208519406,True
2023,10,TSU,38.0,0,0.1871821236421535,True
2023,10,TSU,39.0,0,0.15961219961992248,True
2023,10,TSU,40.0,0,0.1558309407501058,True
2023,10,TSU,41.0,0,0.15435513285481525,True
2023,10,TSU,42.0,0,0.15318337916146596,True
2023,10,TSU,43.0,0,0.15352333095363857,True
2023,10,TSU,44.0,0,0.15412356551769338,True
2023,10,TSU,45.0,0,0.15630470315193098,True
2023,10,TSU,46.0,0,0.15418924035655424,True
2023,10,TSU,47.0,0,0.1544700253619963,True
2023,10,TSU,48.0,0,0.15457453356891313,True
2023,10,TSU,49.0,0,0.15735802182207798,True
2023,10,VER,1.0,0,0.15306029660702453,True
2023,10,VER,2.0,0,0.15269437516237805,True
2023,10,VER,3.0,0,0.1528789480419457,True
2023,10,VER,4.0,0,0.15367257320842231,True
2023,10,VER,5.0,0,0.15345822248904395,True
2023,10,VER,6.0,0,0.1532914638070563,True
2023,10,VER,7.0,0,0.15319884864677352,True
2023,10,VER,8.0,0,0.1578747248577334,True
2023,10,VER,9.0,0,0.15921849460018883,True
2023,10,VER,10.0,0,0.15452218512430166,True
2023,10,VER,11.0,0,0.1533333285766943,True
2023,10,VER,12.0,0,0.15315117761443622,True
2023,10,VER,13.0,0,0.15331584608764495,True
2023,10,VER,14.0,0,0.15265377878059022,True
2023,10,VER,15.0,0,0.15527474747468492,True
2023,10,VER,16.0,0,0.15310420673907474,True
2023,10,VER,17.0,0,0.15209143618597817,True
2023,10,VER,18.0,0,0.15213745200012302,True
2023,10,VER,19.0,0,0.15411666872438215,True
2023,10,VER,20.0,0,0.15230789557100372,True
2023,10,VER,21.0,0,0.15201530973883823,True
2023,10,VER,22.0,0,0.15217798047560455,True
2023,10,VER,23.0,0,0.15201350979425224,True
2023,10,VER,24.0,0,0.15204106769453715,True
2023,10,VER,25.0,0,0.1553333405229546,True
2023,10,VER,26.0,0,0.1527742400210968,True
2023,10,VER,27.0,0,0.15294225256737862,True
2023,10,VER,28.0,0,0.1557623097645949,True
2023,10,VER,29.0,0,0.2790339958579159,True
2023,10,VER,30.0,1,0.2836512903490627,True
2023,10,VER,31.0,1,0.27904461372439426,True
2023,10,VER,32.0,1,0.2896624318521409,True
2023,10,VER,33.0,1,0.33526748774752574,True
2023,10,VER,34.0,1,0.3322780202137981,True
2023,10,VER,35.0,1,0.3408855113493608,True
2023,10,VER,36.0,1,0.29002433574909,True
2023,10,VER,37.0,1,0.2893697117718681,True
2023,10,VER,38.0,0,0.19008887055526466,True
2023,10,VER,39.0,0,0.1586007510697655,True
2023,10,VER,40.0,0,0.15520994378644018,True
2023,10,VER,41.0,0,0.15375510967879485,True
2023,10,VER,42.0,0,0.15303194285645522,True
2023,10,VER,43.0,0,0.15347336461948788,True
2023,10,VER,44.0,0,0.15386730716848301,True
2023,10,VER,45.0,0,0.15563597391318684,True
2023,10,VER,46.0,0,0.1538951214617157,True
2023,10,VER,47.0,0,0.15446565920877872,True
2023,10,VER,48.0,0,0.15494037266137103,True
2023,10,VER,49.0,0,0.1560503365814973,True
2023,10,ZHO,1.0,0,0.1531137705169096,True
2023,10,ZHO,2.0,0,0.15272389059510666,True
2023,10,ZHO,3.0,0,0.15289216279719198,True
2023,10,ZHO,4.0,0,0.15373244416001447,True
2023,10,ZHO,5.0,0,0.1534858565250236,True
2023,10,ZHO,6.0,0,0.15337242567650616,True
2023,10,ZHO,7.0,0,0.15328066626418463,True
2023,10,ZHO,8.0,0,0.15886276078291447,True
2023,10,ZHO,9.0,0,0.15893588561184246,True
2023,10,ZHO,10.0,0,0.15469057499070135,True
2023,10,ZHO,11.0,0,0.15333374110081371,True
2023,10,ZHO,12.0,0,0.15325227770461358,True
2023,10,ZHO,13.0,0,0.15334193077207597,True
2023,10,ZHO,14.0,0,0.15281157957884245,True
2023,10,ZHO,15.0,0,0.15565689834151142,True
2023,10,ZHO,16.0,0,0.1532963325163553,True
2023,10,ZHO,17.0,0,0.15221282685352402,True
2023,10,ZHO,18.0,0,0.15216271711818807,True
2023,10,ZHO,19.0,0,0.15430225233806769,True
2023,10,ZHO,20.0,0,0.15236193634554923,True
2023,10,ZHO,21.0,0,0.15203648768983555,True
2023,10,ZHO,22.0,0,0.15228446213150143,True
2023,10,ZHO,23.0,0,0.1520469674563644,True
2023,10,ZHO,24.0,0,0.15206970696975478,True
2023,10,ZHO,25.0,0,0.1564164295179468,True
2023,10,ZHO,26.0,0,0.1528129892232549,True
2023,10,ZHO,27.0,0,0.1530835912242104,True
2023,10,ZHO,28.0,0,0.15605523933593077,True
2023,10,ZHO,29.0,1,0.2806035398122555,True
2023,10,ZHO,30.0,1,0.28451087332872926,True
2023,10,ZHO,31.0,1,0.27956947453072184,True
2023,10,ZHO,32.0,1,0.3093991192383444,True
2023,10,ZHO,33.0,1,0.3219805219402597,True
2023,10,ZHO,34.0,1,0.3330164614717897,True
2023,10,ZHO,35.0,1,0.3424099188331048,True
2023,10,ZHO,36.0,1,0.2903635334027904,True
2023,10,ZHO,37.0,1,0.2898642204853936,True
2023,10,ZHO,38.0,0,0.18753640976609046,True
2023,10,ZHO,39.0,0,0.15909728608836327,True
2023,10,ZHO,40.0,0,0.15544226422579133,True
2023,10,ZHO,41.0,0,0.15391398729967515,True
2023,10,ZHO,42.0,0,0.15310039138821907,True
2023,10,ZHO,43.0,0,0.15345840865031932,True
2023,10,ZHO,44.0,0,0.15415904494181396,True
2023,10,ZHO,45.0,0,0.1564479620880791,True
2023,10,ZHO,46.0,0,0.15421996148537684,True
2023,10,ZHO,47.0,0,0.1544439619705733,True
2023,10,ZHO,48.0,0,0.15456717568470446,True
2023,10,ZHO,49.0,0,0.1588477742800956,True
