Year,Round,Driver,LapNumber,y_true,y_pred_xgb_classweight_cal,is_out_of_fold_prediction
2022,13,ALB,1.0,1,0.22103742383023883,True
2022,13,ALB,2.0,1,0.21375833948071438,True
2022,13,ALB,3.0,0,0.1505962536901106,True
2022,13,ALB,4.0,0,0.14678583193015657,True
2022,13,ALB,5.0,0,0.1413769103970685,True
2022,13,ALB,6.0,0,0.1527915843740267,True
2022,13,ALB,7.0,0,0.15633048610354006,True
2022,13,ALB,8.0,0,0.15528156240562346,True
2022,13,ALB,9.0,0,0.1357625934980827,True
2022,13,ALB,10.0,0,0.136213534807828,True
2022,13,ALB,11.0,0,0.1325764498540938,True
2022,13,ALB,12.0,0,0.1317685269820015,True
2022,13,ALB,13.0,0,0.13073912512079638,True
2022,13,ALB,14.0,0,0.12862182235574898,True
2022,13,ALB,15.0,0,0.13123559956030925,True
2022,13,ALB,16.0,0,0.13198521541976646,True
2022,13,ALB,17.0,0,0.13195594987309017,True
2022,13,ALB,18.0,0,0.1319605601476663,True
2022,13,ALB,19.0,0,0.13190407256718933,True
2022,13,ALB,20.0,0,0.13210184120197416,True
2022,13,ALB,21.0,0,0.1321127819225772,True
2022,13,ALB,22.0,0,0.13196381282960934,True
2022,13,ALB,23.0,0,0.13189147575554042,True
2022,13,ALB,24.0,0,0.132458291207654,True
2022,13,ALB,25.0,0,0.1320257439971449,True
2022,13,ALB,26.0,0,0.13196490979117328,True
2022,13,ALB,27.0,0,0.13219371291940635,True
2022,13,ALB,28.0,0,0.13202797620383713,True
2022,13,ALB,29.0,0,0.13177604689921227,True
2022,13,ALB,30.0,0,0.131795120133201,True
2022,13,ALB,31.0,1,0.1317179085012071,True
2022,13,ALB,32.0,1,0.13177903099090665,True
2022,13,ALB,33.0,1,0.13198704307692913,True
2022,13,ALB,34.0,0,0.19858796835780126,True
2022,13,ALB,35.0,0,0.13370036651375752,True
2022,13,ALB,36.0,0,0.14417251218867508,True
2022,13,ALB,37.0,1,0.14024317185106092,True
2022,13,ALB,38.0,1,0.1362669235269643,True
2022,13,ALB,39.0,1,0.1441221234599668,True
2022,13,ALB,40.0,0,0.2718976983827185,True
2022,13,ALB,41.0,0,0.22662116950692407,True
2022,13,ALB,42.0,0,0.22078459561514846,True
2022,13,ALB,43.0,1,0.15696805720589302,True
2022,13,ALB,44.0,1,0.16768911403041004,True
2022,13,ALB,45.0,1,0.18156847521249397,True
2022,13,ALB,46.0,0,0.19503728394589376,True
2022,13,ALB,47.0,0,0.1517164506309681,True
2022,13,ALB,48.0,0,0.13584956916159538,True
2022,13,ALB,49.0,0,0.13346218670589263,True
2022,13,ALB,50.0,0,0.1342964089502168,True
2022,13,ALB,51.0,0,0.13355068116429722,True
2022,13,ALB,52.0,0,0.13545241555507392,True
2022,13,ALB,53.0,0,0.13954626294031808,True
2022,13,ALB,54.0,0,0.1349666373417614,True
2022,13,ALB,55.0,0,0.13820357314525097,True
2022,13,ALB,56.0,0,0.1436313060506342,True
2022,13,ALB,57.0,0,0.15320014348230473,True
2022,13,ALB,58.0,0,0.13872371036663483,True
2022,13,ALB,59.0,0,0.13879527340035874,True
2022,13,ALB,60.0,0,0.1362567389494977,True
2022,13,ALB,61.0,0,0.13844231226866083,True
2022,13,ALB,62.0,0,0.14044219958457954,True
2022,13,ALB,63.0,1,0.13674191163552252,True
2022,13,ALB,64.0,1,0.14376030605583437,True
2022,13,ALB,65.0,1,0.13880294006547328,True
2022,13,ALB,66.0,1,0.13385159282676523,True
2022,13,ALO,1.0,1,0.1620510994393329,True
2022,13,ALO,2.0,1,0.16784580129328308,True
2022,13,ALO,3.0,0,0.14889298050211291,True
2022,13,ALO,4.0,0,0.13666399270568644,True
2022,13,ALO,5.0,0,0.14420550945777208,True
2022,13,ALO,6.0,0,0.14950815356149433,True
2022,13,ALO,7.0,0,0.15647135863407907,True
2022,13,ALO,8.0,0,0.15657753325921214,True
2022,13,ALO,9.0,0,0.134798350165736,True
2022,13,ALO,10.0,0,0.13527665306780204,True
2022,13,ALO,11.0,0,0.13205488281280597,True
2022,13,ALO,12.0,0,0.1313422989797735,True
2022,13,ALO,13.0,0,0.1306671085840575,True
2022,13,ALO,14.0,0,0.12915023912208795,True
2022,13,ALO,15.0,0,0.13126887502395884,True
2022,13,ALO,16.0,0,0.13197555199701375,True
2022,13,ALO,17.0,0,0.13185967689429395,True
2022,13,ALO,18.0,0,0.13179659971613106,True
2022,13,ALO,19.0,0,0.1318629691285819,True
2022,13,ALO,20.0,0,0.13208700270275986,True
2022,13,ALO,21.0,0,0.1321147180037231,True
2022,13,ALO,22.0,0,0.13286067733076332,True
2022,13,ALO,23.0,0,0.1323328758047834,True
2022,13,ALO,24.0,0,0.13324490855204674,True
2022,13,ALO,25.0,0,0.13237112139160845,True
2022,13,ALO,26.0,0,0.13211447931312176,True
2022,13,ALO,27.0,0,0.13275960425146674,True
2022,13,ALO,28.0,0,0.1321868827928994,True
2022,13,ALO,29.0,0,0.1319390548628866,True
2022,13,ALO,30.0,0,0.13190821862441818,True
2022,13,ALO,31.0,1,0.13170868879095043,True
2022,13,ALO,32.0,1,0.13186852255604595,True
2022,13,ALO,33.0,1,0.13195776124747344,True
2022,13,ALO,34.0,0,0.21290200253035807,True
2022,13,ALO,35.0,0,0.13343612794740012,True
2022,13,ALO,36.0,0,0.14380447265362864,True
2022,13,ALO,37.0,0,0.13996175957707366,True
2022,13,ALO,38.0,1,0.13851150551377356,True
2022,13,ALO,39.0,1,0.14740473235945958,True
2022,13,ALO,40.0,1,0.16633678513451647,True
2022,13,ALO,41.0,0,0.273010795581689,True
2022,13,ALO,42.0,0,0.18054510534100515,True
2022,13,ALO,43.0,0,0.13501263798292742,True
2022,13,ALO,44.0,1,0.1404833618573867,True
2022,13,ALO,45.0,1,0.1484573967741614,True
2022,13,ALO,46.0,1,0.1364160442482552,True
2022,13,ALO,47.0,0,0.3080615765416577,True
2022,13,ALO,48.0,0,0.13267830304934777,True
2022,13,ALO,49.0,0,0.13255542257335828,True
2022,13,ALO,50.0,0,0.13260189898530877,True
2022,13,ALO,51.0,0,0.13252298395215661,True
2022,13,ALO,52.0,0,0.13350519991915316,True
2022,13,ALO,53.0,0,0.13416626340337046,True
2022,13,ALO,54.0,0,0.13333280032209,True
2022,13,ALO,55.0,0,0.13347800255268466,True
2022,13,ALO,56.0,0,0.13629376388577935,True
2022,13,ALO,57.0,0,0.14063487793329593,True
2022,13,ALO,58.0,0,0.13431492115465615,True
2022,13,ALO,59.0,0,0.13442163289793735,True
2022,13,ALO,60.0,0,0.1342786364867714,True
2022,13,ALO,61.0,0,0.13482995560753516,True
2022,13,ALO,62.0,0,0.13617462846714595,True
2022,13,ALO,63.0,0,0.13501419325921288,True
2022,13,ALO,64.0,1,0.14987792138010572,True
2022,13,ALO,65.0,1,0.14670882760750442,True
2022,13,ALO,66.0,1,0.15384445270484162,True
2022,13,BOT,1.0,1,0.16918648870968803,True
2022,13,BOT,2.0,0,0.1666587003125766,True
2022,13,BOT,3.0,0,0.13093130064932199,True
2022,13,BOT,4.0,0,0.13645671287091896,True
2022,13,BOT,5.0,0,0.1441446181495954,True
2022,13,BOT,6.0,0,0.1493152048483692,True
2022,13,BOT,7.0,0,0.15672696723673685,True
2022,13,BOT,8.0,0,0.1565744241026088,True
2022,13,BOT,9.0,0,0.1347143534696947,True
2022,13,BOT,10.0,0,0.13536082643433303,True
2022,13,BOT,11.0,0,0.1319937608300923,True
2022,13,BOT,12.0,0,0.13124913483886336,True
2022,13,BOT,13.0,0,0.13064656582005296,True
2022,13,BOT,14.0,0,0.1288840303836481,True
2022,13,BOT,15.0,0,0.1312426137436094,True
2022,13,BOT,16.0,0,0.13198017117861635,True
2022,13,BOT,17.0,0,0.13187185996580103,True
2022,13,BOT,18.0,0,0.13180754592819627,True
2022,13,BOT,19.0,0,0.1318643079817014,True
2022,13,BOT,20.0,0,0.13209644735101672,True
2022,13,BOT,21.0,0,0.1321203614676113,True
2022,13,BOT,22.0,0,0.13195794430833277,True
2022,13,BOT,23.0,0,0.13192158685215266,True
2022,13,BOT,24.0,0,0.13248208479043344,True
2022,13,BOT,25.0,0,0.13199341968509298,True
2022,13,BOT,26.0,0,0.1319317394400444,True
2022,13,BOT,27.0,0,0.1328299542983212,True
2022,13,BOT,28.0,0,0.13219914612331887,True
2022,13,BOT,29.0,0,0.1320187451649077,True
2022,13,BOT,30.0,0,0.1319098494726646,True
2022,13,BOT,31.0,1,0.1317584945612053,True
2022,13,BOT,32.0,1,0.1318636901077405,True
2022,13,BOT,33.0,1,0.131964736689633,True
2022,13,BOT,34.0,0,0.2125997288519442,True
2022,13,BOT,35.0,0,0.13343883733562176,True
2022,13,BOT,36.0,0,0.1433136875781416,True
2022,13,BOT,37.0,0,0.13950437032332114,True
2022,13,BOT,38.0,1,0.13802540692536674,True
2022,13,BOT,39.0,1,0.14761214661002542,True
2022,13,BOT,40.0,1,0.16635365892649373,True
2022,13,BOT,41.0,0,0.2735645708175822,True
2022,13,BOT,42.0,0,0.18123531648660496,True
2022,13,BOT,43.0,0,0.1350214749862078,True
2022,13,BOT,44.0,1,0.14030738595327014,True
2022,13,BOT,45.0,1,0.1486028752192086,True
2022,13,BOT,46.0,1,0.13632337000220654,True
2022,13,BOT,47.0,0,0.3103626140207582,True
2022,13,BOT,48.0,0,0.13280496627508223,True
2022,13,BOT,49.0,0,0.13267169004497006,True
2022,13,BOT,50.0,0,0.13271680423828924,True
2022,13,BOT,51.0,0,0.13265458289443138,True
2022,13,BOT,52.0,0,0.13350272834090793,True
2022,13,BOT,53.0,0,0.13418051669619266,True
2022,13,BOT,54.0,0,0.13354618701546195,True
2022,13,BOT,55.0,0,0.133462855219532,True
2022,13,BOT,56.0,0,0.13622167686886547,True
2022,13,BOT,57.0,0,0.1396979200912895,True
2022,13,BOT,58.0,0,0.134702381230666,True
2022,13,BOT,59.0,0,0.13441396423658347,True
2022,13,BOT,60.0,0,0.1341457164263277,True
2022,13,BOT,61.0,0,0.13478278383004577,True
2022,13,BOT,62.0,0,0.13602704093317858,True
2022,13,BOT,63.0,1,0.13424777139780403,True
2022,13,GAS,1.0,1,0.22693851020621403,True
2022,13,GAS,2.0,0,0.21375833948071438,True
2022,13,GAS,3.0,0,0.13455368248394467,True
2022,13,GAS,4.0,0,0.14426560243738346,True
2022,13,GAS,5.0,0,0.14049495925973537,True
2022,13,GAS,6.0,0,0.14156859510152503,True
2022,13,GAS,7.0,0,0.16273037009447272,True
2022,13,GAS,8.0,0,0.14627894752862303,True
2022,13,GAS,9.0,0,0.13678509078111314,True
2022,13,GAS,10.0,0,0.13556953398627847,True
2022,13,GAS,11.0,0,0.13254851022947037,True
2022,13,GAS,12.0,0,0.13148919208400617,True
2022,13,GAS,13.0,0,0.13071365786665823,True
2022,13,GAS,14.0,0,0.12891024014942498,True
2022,13,GAS,15.0,0,0.13120103052758733,True
2022,13,GAS,16.0,0,0.13198421924963158,True
2022,13,GAS,17.0,0,0.1317516711267293,True
2022,13,GAS,18.0,0,0.13172913099797173,True
2022,13,GAS,19.0,0,0.1319072641191526,True
2022,13,GAS,20.0,0,0.13222405555556177,True
2022,13,GAS,21.0,0,0.1321864707295318,True
2022,13,GAS,22.0,0,0.13185297356603273,True
2022,13,GAS,23.0,0,0.13192884999008309,True
2022,13,GAS,24.0,0,0.13243851061297757,True
2022,13,GAS,25.0,0,0.1320298080580498,True
2022,13,GAS,26.0,0,0.13196740801800538,True
2022,13,GAS,27.0,0,0.13223013987777596,True
2022,13,GAS,28.0,0,0.13203613438674264,True
2022,13,GAS,29.0,0,0.13183570515125323,True
2022,13,GAS,30.0,0,0.13185724143372923,True
2022,13,GAS,31.0,1,0.1318104945676885,True
2022,13,GAS,32.0,1,0.13182431125628422,True
2022,13,GAS,33.0,1,0.13202784060755107,True
2022,13,GAS,34.0,0,0.1949543486398369,True
2022,13,GAS,35.0,0,0.13296481787242492,True
2022,13,GAS,36.0,0,0.1398419584209806,True
2022,13,GAS,37.0,0,0.13626327939956412,True
2022,13,GAS,38.0,1,0.13569660791910118,True
2022,13,GAS,39.0,1,0.142284673284977,True
2022,13,GAS,40.0,1,0.17183338671589904,True
2022,13,GAS,41.0,0,0.27118974716082134,True
2022,13,GAS,42.0,0,0.17189450595819272,True
2022,13,GAS,43.0,0,0.13518256545746846,True
2022,13,GAS,44.0,1,0.1367809322413064,True
2022,13,GAS,45.0,1,0.1406468960592523,True
2022,13,GAS,46.0,1,0.13489942539455527,True
2022,13,GAS,47.0,0,0.3164896347826778,True
2022,13,GAS,48.0,0,0.13601139870339254,True
2022,13,GAS,49.0,0,0.1334446861716208,True
2022,13,GAS,50.0,0,0.1346525352979882,True
2022,13,GAS,51.0,0,0.13327375764768257,True
2022,13,GAS,52.0,0,0.13580749558572777,True
2022,13,GAS,53.0,0,0.1381651083317457,True
2022,13,GAS,54.0,0,0.1342301598710097,True
2022,13,GAS,55.0,0,0.13652556426130186,True
2022,13,GAS,56.0,0,0.14024625410060987,True
2022,13,GAS,57.0,0,0.15207870295138073,True
2022,13,GAS,58.0,0,0.13738231059765313,True
2022,13,GAS,59.0,0,0.1375286241990002,True
2022,13,GAS,60.0,0,0.13494273071313181,True
2022,13,GAS,61.0,0,0.13695534148580285,True
2022,13,GAS,62.0,0,0.13858230013449624,True
2022,13,GAS,63.0,1,0.13526560409003588,True
2022,13,GAS,64.0,1,0.13771636671681808,True
2022,13,GAS,65.0,1,0.13567537132351293,True
2022,13,GAS,66.0,1,0.1371003878989965,True
2022,13,HAM,1.0,1,0.16193488011655202,True
2022,13,HAM,2.0,1,0.1675489573375466,True
2022,13,HAM,3.0,0,0.14874445908863662,True
2022,13,HAM,4.0,0,0.13635822837668163,True
2022,13,HAM,5.0,0,0.1440237883909981,True
2022,13,HAM,6.0,0,0.1495631104789963,True
2022,13,HAM,7.0,0,0.15715505008511846,True
2022,13,HAM,8.0,0,0.15637404969337793,True
2022,13,HAM,9.0,0,0.13465500222147872,True
2022,13,HAM,10.0,0,0.13522609865233362,True
2022,13,HAM,11.0,0,0.13206736892944365,True
2022,13,HAM,12.0,0,0.13130535563359755,True
2022,13,HAM,13.0,0,0.13068102692072353,True
2022,13,HAM,14.0,0,0.12890205193693755,True
2022,13,HAM,15.0,0,0.13128446774081146,True
2022,13,HAM,16.0,0,0.13197982281635523,True
2022,13,HAM,17.0,0,0.1318745762058873,True
2022,13,HAM,18.0,0,0.13181947591541282,True
2022,13,HAM,19.0,0,0.1319054831462449,True
2022,13,HAM,20.0,0,0.13222830364911958,True
2022,13,HAM,21.0,0,0.1322051463051177,True
2022,13,HAM,22.0,0,0.13194402781544634,True
2022,13,HAM,23.0,0,0.13193457802015277,True
2022,13,HAM,24.0,0,0.13247980265648787,True
2022,13,HAM,25.0,0,0.13203952150729423,True
2022,13,HAM,26.0,0,0.13197023547426212,True
2022,13,HAM,27.0,0,0.13221336279985663,True
2022,13,HAM,28.0,0,0.13202267008343588,True
2022,13,HAM,29.0,0,0.13180700799769673,True
2022,13,HAM,30.0,0,0.13181054408052112,True
2022,13,HAM,31.0,0,0.13174360571590277,True
2022,13,HAM,32.0,1,0.13180389381843954,True
2022,13,HAM,33.0,1,0.13206089647785388,True
2022,13,HAM,34.0,1,0.1325154831590147,True
2022,13,HAM,35.0,0,0.14103576905180093,True
2022,13,HAM,36.0,0,0.14072630022944654,True
2022,13,HAM,37.0,0,0.13717076692024477,True
2022,13,HAM,38.0,0,0.13568558613379572,True
2022,13,HAM,39.0,1,0.1423347822939573,True
2022,13,HAM,40.0,1,0.16987297333810203,True
2022,13,HAM,41.0,1,0.16800104821017367,True
2022,13,HAM,42.0,0,0.27609544315067336,True
2022,13,HAM,43.0,0,0.13522546826176773,True
2022,13,HAM,44.0,0,0.1360952259147563,True
2022,13,HAM,45.0,1,0.1386966192803421,True
2022,13,HAM,46.0,1,0.1343897918709796,True
2022,13,HAM,47.0,1,0.13423826240843517,True
2022,13,HAM,48.0,0,0.1680736757903353,True
2022,13,HAM,49.0,0,0.13242707223470426,True
2022,13,HAM,50.0,0,0.1323474343096311,True
2022,13,HAM,51.0,0,0.1324441051171389,True
2022,13,HAM,52.0,0,0.13546540778529043,True
2022,13,HAM,53.0,0,0.13814549957589875,True
2022,13,HAM,54.0,0,0.1343869205981446,True
2022,13,HAM,55.0,0,0.13637978817176039,True
2022,13,HAM,56.0,0,0.14001134932983003,True
2022,13,HAM,57.0,0,0.1487547367573255,True
2022,13,HAM,58.0,0,0.13734354375567387,True
2022,13,HAM,59.0,0,0.13767983822577695,True
2022,13,HAM,60.0,0,0.13501986281293415,True
2022,13,HAM,61.0,0,0.13661444519999483,True
2022,13,HAM,62.0,0,0.13900775271902338,True
2022,13,HAM,63.0,0,0.13511645665149996,True
2022,13,HAM,64.0,1,0.1334437442727246,True
2022,13,HAM,65.0,1,0.12917503110389938,True
2022,13,HAM,66.0,1,0.13784133806009197,True
2022,13,HAM,67.0,1,0.1901316689244743,True
2022,13,LAT,1.0,1,0.17419774854840936,True
2022,13,LAT,2.0,0,0.16617227655057126,True
2022,13,LAT,3.0,0,0.13093130064932199,True
2022,13,LAT,4.0,0,0.13644982190970187,True
2022,13,LAT,5.0,0,0.14410980043892166,True
2022,13,LAT,6.0,0,0.1492835430006118,True
2022,13,LAT,7.0,0,0.15672696723673685,True
2022,13,LAT,8.0,0,0.1565744241026088,True
2022,13,LAT,9.0,0,0.13491731687436592,True
2022,13,LAT,10.0,0,0.13549177813565655,True
2022,13,LAT,11.0,0,0.13207693701369919,True
2022,13,LAT,12.0,0,0.13124913483886336,True
2022,13,LAT,13.0,0,0.13064656582005296,True
2022,13,LAT,14.0,0,0.12890810912823186,True
2022,13,LAT,15.0,0,0.13123940325515018,True
2022,13,LAT,16.0,0,0.13197145332258126,True
2022,13,LAT,17.0,0,0.1318694343134813,True
2022,13,LAT,18.0,0,0.1317911137406954,True
2022,13,LAT,19.0,0,0.13189952577991565,True
2022,13,LAT,20.0,0,0.132225118198455,True
2022,13,LAT,21.0,0,0.1322124659785638,True
2022,13,LAT,22.0,0,0.13190584348210474,True
2022,13,LAT,23.0,0,0.1319232222441427,True
2022,13,LAT,24.0,0,0.13247289752434221,True
2022,13,LAT,25.0,0,0.13202603822616005,True
2022,13,LAT,26.0,0,0.13196705657855928,True
2022,13,LAT,27.0,0,0.1321966617073741,True
2022,13,LAT,28.0,0,0.13204987144719527,True
2022,13,LAT,29.0,0,0.13180420812168964,True
2022,13,LAT,30.0,0,0.13181444665870037,True
2022,13,LAT,31.0,1,0.1317548609754807,True
2022,13,LAT,32.0,1,0.13181714503441894,True
2022,13,LAT,33.0,1,0.13207548721802814,True
2022,13,LAT,34.0,0,0.19785509354295755,True
2022,13,LAT,35.0,0,0.13329277139636053,True
2022,13,LAT,36.0,0,0.14071608110353048,True
2022,13,LAT,37.0,1,0.13656678328842228,True
2022,13,LAT,38.0,1,0.1357095161549585,True
2022,13,LAT,39.0,1,0.1435354768398407,True
2022,13,LAT,40.0,0,0.2789023819340154,True
2022,13,LAT,41.0,0,0.22336356998092383,True
2022,13,LAT,42.0,0,0.22176594852450018,True
2022,13,LAT,43.0,1,0.15805296958506385,True
2022,13,LAT,44.0,1,0.16955582474785447,True
2022,13,LAT,45.0,1,0.18547801937178415,True
2022,13,LAT,46.0,0,0.19655796920037588,True
2022,13,LAT,47.0,0,0.1491445932011389,True
2022,13,LAT,48.0,0,0.1357849047646822,True
2022,13,LAT,49.0,0,0.13346573057164127,True
2022,13,LAT,50.0,0,0.13431318750409865,True
2022,13,LAT,51.0,0,0.1332771344781764,True
2022,13,LAT,52.0,0,0.13540584310126058,True
2022,13,LAT,53.0,0,0.13889006243453672,True
2022,13,LAT,54.0,0,0.13414207896862593,True
2022,13,LAT,55.0,0,0.1372110562520932,True
2022,13,LAT,56.0,0,0.13994789979754324,True
2022,13,LAT,57.0,0,0.15746103601205821,True
2022,13,LAT,58.0,0,0.13864949864551204,True
2022,13,LAT,59.0,0,0.1381009883567523,True
2022,13,LAT,60.0,0,0.13572829342747367,True
2022,13,LAT,61.0,0,0.13708734065840256,True
2022,13,LAT,62.0,0,0.1392863820056807,True
2022,13,LAT,63.0,1,0.1361410359844401,True
2022,13,LAT,64.0,1,0.13489349840255357,True
2022,13,LAT,65.0,1,0.13286976803874068,True
2022,13,LAT,66.0,1,0.13559737804116814,True
2022,13,LEC,1.0,1,0.16193488011655202,True
2022,13,LEC,2.0,1,0.1675489573375466,True
2022,13,LEC,3.0,0,0.148707622938984,True
2022,13,LEC,4.0,0,0.13636901642353225,True
2022,13,LEC,5.0,0,0.1440237883909981,True
2022,13,LEC,6.0,0,0.1495809888707123,True
2022,13,LEC,7.0,0,0.15715505008511846,True
2022,13,LEC,8.0,0,0.15636706088346072,True
2022,13,LEC,9.0,0,0.1346551951321354,True
2022,13,LEC,10.0,0,0.1351585938103637,True
2022,13,LEC,11.0,0,0.13194974848184599,True
2022,13,LEC,12.0,0,0.13127544488115553,True
2022,13,LEC,13.0,0,0.13070290290919764,True
2022,13,LEC,14.0,0,0.12892740415082263,True
2022,13,LEC,15.0,0,0.1312882116976471,True
2022,13,LEC,16.0,0,0.13197897751387846,True
2022,13,LEC,17.0,0,0.13187235046553672,True
2022,13,LEC,18.0,0,0.131823267908784,True
2022,13,LEC,19.0,0,0.13188184121963076,True
2022,13,LEC,20.0,0,0.13207695760723515,True
2022,13,LEC,21.0,0,0.1321130020750603,True
2022,13,LEC,22.0,0,0.13189738452774505,True
2022,13,LEC,23.0,0,0.13188426048263405,True
2022,13,LEC,24.0,0,0.13246764486172172,True
2022,13,LEC,25.0,0,0.13205662348079109,True
2022,13,LEC,26.0,0,0.13198737912209366,True
2022,13,LEC,27.0,0,0.13221722080704304,True
2022,13,LEC,28.0,0,0.1320219935778598,True
2022,13,LEC,29.0,0,0.13180671172187472,True
2022,13,LEC,30.0,0,0.13181132126284603,True
2022,13,LEC,31.0,0,0.1317523139801341,True
2022,13,LEC,32.0,1,0.1317968754690136,True
2022,13,LEC,33.0,1,0.13205056544021537,True
2022,13,LEC,34.0,1,0.13251046104944203,True
2022,13,LEC,35.0,0,0.14108207772718573,True
2022,13,LEC,36.0,0,0.14431862069158183,True
2022,13,LEC,37.0,0,0.1403182851516211,True
2022,13,LEC,38.0,1,0.13568558613379572,True
2022,13,LEC,39.0,1,0.1453505582784091,True
2022,13,LEC,40.0,1,0.16742331698850482,True
2022,13,LEC,41.0,0,0.2762811137337403,True
2022,13,LEC,42.0,0,0.17931858752204902,True
2022,13,LEC,43.0,0,0.1349163497609809,True
2022,13,LEC,44.0,0,0.14023797060591087,True
2022,13,LEC,45.0,1,0.14872293605108824,True
2022,13,LEC,46.0,1,0.13615530304610104,True
2022,13,LEC,47.0,1,0.1360707151169147,True
2022,13,LEC,48.0,0,0.18567366219356266,True
2022,13,LEC,49.0,0,0.13282732393538393,True
2022,13,LEC,50.0,0,0.1328529674352402,True
2022,13,LEC,51.0,0,0.13276409491253055,True
2022,13,LEC,52.0,0,0.13360625439499318,True
2022,13,LEC,53.0,0,0.13462610729274269,True
2022,13,LEC,54.0,0,0.1335111785195809,True
2022,13,LEC,55.0,0,0.13885492423486043,True
2022,13,LEC,56.0,0,0.1428627007640904,True
2022,13,LEC,57.0,0,0.15003483098264428,True
2022,13,LEC,58.0,0,0.13778457848871214,True
2022,13,LEC,59.0,0,0.13825767501564096,True
2022,13,LEC,60.0,0,0.13555320349461014,True
2022,13,LEC,61.0,0,0.13713824393002264,True
2022,13,LEC,62.0,0,0.13960880563888206,True
2022,13,LEC,63.0,0,0.13603342184420403,True
2022,13,LEC,64.0,1,0.13458560814050663,True
2022,13,LEC,65.0,1,0.13055119519398423,True
2022,13,LEC,66.0,1,0.14075384954355924,True
2022,13,LEC,67.0,1,0.18660375791242614,True
2022,13,MAG,1.0,1,0.16385853679685974,True
2022,13,MAG,2.0,1,0.16719085503438819,True
2022,13,MAG,3.0,0,0.14731969966243066,True
2022,13,MAG,4.0,0,0.1364777939700316,True
2022,13,MAG,5.0,0,0.1441533557711114,True
2022,13,MAG,6.0,0,0.1483266645560793,True
2022,13,MAG,7.0,0,0.147740337565819,True
2022,13,MAG,8.0,0,0.1404315640010369,True
2022,13,MAG,9.0,0,0.1379483594143857,True
2022,13,MAG,10.0,0,0.1347261477194733,True
2022,13,MAG,11.0,0,0.1332221464433728,True
2022,13,MAG,12.0,0,0.13267792232175418,True
2022,13,MAG,13.0,0,0.13197134642832872,True
2022,13,MAG,14.0,0,0.13257618468219454,True
2022,13,MAG,15.0,0,0.13122580317219554,True
2022,13,MAG,16.0,0,0.13217462213367556,True
2022,13,MAG,17.0,0,0.1323642302209717,True
2022,13,MAG,18.0,0,0.13248251904539432,True
2022,13,MAG,19.0,0,0.13257212833705753,True
2022,13,MAG,20.0,0,0.13249100597716681,True
2022,13,MAG,21.0,0,0.13278702878983312,True
2022,13,MAG,22.0,0,0.13307166207372526,True
2022,13,MAG,23.0,0,0.13235532266302288,True
2022,13,MAG,24.0,0,0.13338138223929774,True
2022,13,MAG,25.0,0,0.13236364944734608,True
2022,13,MAG,26.0,0,0.13209994960129454,True
2022,13,MAG,27.0,0,0.13282706172986034,True
2022,13,MAG,28.0,0,0.132095761591362,True
2022,13,MAG,29.0,0,0.13197371757503676,True
2022,13,MAG,30.0,0,0.1319017655917507,True
2022,13,MAG,31.0,1,0.13172461127313262,True
2022,13,MAG,32.0,1,0.13175145871114574,True
2022,13,MAG,33.0,1,0.13198592552992944,True
2022,13,MAG,34.0,0,0.21521432653760816,True
2022,13,MAG,35.0,0,0.1343130337244857,True
2022,13,MAG,36.0,0,0.14303724461899436,True
2022,13,MAG,37.0,1,0.1401342665347463,True
2022,13,MAG,38.0,1,0.13738851858059628,True
2022,13,MAG,39.0,1,0.14820796131246433,True
2022,13,MAG,40.0,0,0.2738231287345675,True
2022,13,MAG,41.0,0,0.17370666919184316,True
2022,13,MAG,42.0,0,0.1739568301940669,True
2022,13,MAG,43.0,1,0.13541367375842228,True
2022,13,MAG,44.0,1,0.13682682814961408,True
2022,13,MAG,45.0,1,0.14034150686158187,True
2022,13,MAG,46.0,1,0.16460761051267706,True
2022,13,MAG,47.0,0,0.3085176557027404,True
2022,13,MAG,48.0,0,0.13263409842297652,True
2022,13,MAG,49.0,0,0.1325881522722195,True
2022,13,MAG,50.0,0,0.13251547010329745,True
2022,13,MAG,51.0,0,0.1325584788247396,True
2022,13,MAG,52.0,0,0.13278162268124874,True
2022,13,MAG,53.0,0,0.13390320001165829,True
2022,13,MAG,54.0,0,0.1329402566488051,True
2022,13,MAG,55.0,0,0.13324920725122602,True
2022,13,MAG,56.0,0,0.13567736462097407,True
2022,13,MAG,57.0,0,0.1373449665155701,True
2022,13,MAG,58.0,0,0.13362851155516914,True
2022,13,MAG,59.0,0,0.1329872297329207,True
2022,13,MAG,60.0,0,0.1330617280782016,True
2022,13,MAG,61.0,0,0.13310998612686223,True
2022,13,MAG,62.0,0,0.13368373603206132,True
2022,13,MAG,63.0,1,0.1324106710990412,True
2022,13,MAG,64.0,1,0.137261357714968,True
2022,13,MAG,65.0,1,0.13373603813123952,True
2022,13,MAG,66.0,1,0.13212349405020246,True
2022,13,MSC,1.0,1,0.16912585592287938,True
2022,13,MSC,2.0,1,0.16719085503438819,True
2022,13,MSC,3.0,0,0.14728707782904701,True
2022,13,MSC,4.0,0,0.13645671287091896,True
2022,13,MSC,5.0,0,0.1441446181495954,True
2022,13,MSC,6.0,0,0.14932295931045841,True
2022,13,MSC,7.0,0,0.15672696723673685,True
2022,13,MSC,8.0,0,0.15644864709393125,True
2022,13,MSC,9.0,0,0.1347143534696947,True
2022,13,MSC,10.0,0,0.13534619415982369,True
2022,13,MSC,11.0,0,0.13206736892944365,True
2022,13,MSC,12.0,0,0.13124913483886336,True
2022,13,MSC,13.0,0,0.1305916112371598,True
2022,13,MSC,14.0,0,0.1288840303836481,True
2022,13,MSC,15.0,0,0.13122195107214096,True
2022,13,MSC,16.0,0,0.13197177483987815,True
2022,13,MSC,17.0,0,0.13186217452487897,True
2022,13,MSC,18.0,0,0.13178554348881646,True
2022,13,MSC,19.0,0,0.13185701098586602,True
2022,13,MSC,20.0,0,0.13208700270275986,True
2022,13,MSC,21.0,0,0.1320889501394621,True
2022,13,MSC,22.0,0,0.1328961179419272,True
2022,13,MSC,23.0,0,0.13230617147684173,True
2022,13,MSC,24.0,0,0.13340891546119646,True
2022,13,MSC,25.0,0,0.13236410763622114,True
2022,13,MSC,26.0,0,0.13212180702736978,True
2022,13,MSC,27.0,0,0.1329212026370698,True
2022,13,MSC,28.0,0,0.1321548212070968,True
2022,13,MSC,29.0,0,0.1319775176280457,True
2022,13,MSC,30.0,0,0.131903960066649,True
2022,13,MSC,31.0,1,0.13177449785101286,True
2022,13,MSC,32.0,1,0.13186852255604595,True
2022,13,MSC,33.0,1,0.13196107243828964,True
2022,13,MSC,34.0,0,0.21362166128463875,True
2022,13,MSC,35.0,0,0.13420479361418916,True
2022,13,MSC,36.0,0,0.14383138961226186,True
2022,13,MSC,37.0,0,0.1399568527370212,True
2022,13,MSC,38.0,1,0.13808039860646731,True
2022,13,MSC,39.0,1,0.14935946035376274,True
2022,13,MSC,40.0,1,0.1671305009893836,True
2022,13,MSC,41.0,0,0.27595975452110816,True
2022,13,MSC,42.0,0,0.1840787109684244,True
2022,13,MSC,43.0,1,0.13708009718541977,True
2022,13,MSC,44.0,1,0.13849680915259815,True
2022,13,MSC,45.0,1,0.14302953821964154,True
2022,13,MSC,46.0,1,0.16444986047380328,True
2022,13,MSC,47.0,0,0.30511538402019633,True
2022,13,MSC,48.0,0,0.1325874369025081,True
2022,13,MSC,49.0,0,0.13256380731846953,True
2022,13,MSC,50.0,0,0.13242192363839195,True
2022,13,MSC,51.0,0,0.13252329451048395,True
2022,13,MSC,52.0,0,0.13284988906122946,True
2022,13,MSC,53.0,0,0.13378679161782392,True
2022,13,MSC,54.0,0,0.13296764857383467,True
2022,13,MSC,55.0,0,0.1331585552344199,True
2022,13,MSC,56.0,0,0.13607234421322215,True
2022,13,MSC,57.0,0,0.1374270018288383,True
2022,13,MSC,58.0,0,0.133574846938432,True
2022,13,MSC,59.0,0,0.13293059017977768,True
2022,13,MSC,60.0,0,0.13317775804357812,True
2022,13,MSC,61.0,0,0.1332164801340987,True
2022,13,MSC,62.0,0,0.13425111731563405,True
2022,13,MSC,63.0,1,0.13297930309351813,True
2022,13,MSC,64.0,1,0.13729371494571585,True
2022,13,MSC,65.0,1,0.13400031265907372,True
2022,13,MSC,66.0,1,0.13425618522937735,True
2022,13,NOR,1.0,1,0.20823215752471386,True
2022,13,NOR,2.0,1,0.23346865982117437,True
2022,13,NOR,3.0,0,0.18376842230635132,True
2022,13,NOR,4.0,0,0.1405532856823452,True
2022,13,NOR,5.0,0,0.1385208547980826,True
2022,13,NOR,6.0,0,0.14224569160064746,True
2022,13,NOR,7.0,0,0.16492189555649223,True
2022,13,NOR,8.0,0,0.14638944997725925,True
2022,13,NOR,9.0,0,0.13754120030802394,True
2022,13,NOR,10.0,0,0.13586351561257515,True
2022,13,NOR,11.0,0,0.1327123585722917,True
2022,13,NOR,12.0,0,0.13263594264150794,True
2022,13,NOR,13.0,0,0.13188173130774547,True
2022,13,NOR,14.0,0,0.13021729559466685,True
2022,13,NOR,15.0,0,0.1310521998139451,True
2022,13,NOR,16.0,0,0.13190379386935355,True
2022,13,NOR,17.0,0,0.13174294262209793,True
2022,13,NOR,18.0,0,0.1317902333916776,True
2022,13,NOR,19.0,0,0.1318891526062283,True
2022,13,NOR,20.0,0,0.1320267736902601,True
2022,13,NOR,21.0,0,0.1320953237270483,True
2022,13,NOR,22.0,0,0.13193747936079672,True
2022,13,NOR,23.0,0,0.1319180273851783,True
2022,13,NOR,24.0,0,0.13244989147392408,True
2022,13,NOR,25.0,0,0.13204582960983308,True
2022,13,NOR,26.0,0,0.1319697555503369,True
2022,13,NOR,27.0,0,0.13220516196260995,True
2022,13,NOR,28.0,0,0.13205086459916487,True
2022,13,NOR,29.0,0,0.13187494396139185,True
2022,13,NOR,30.0,0,0.13185444356911497,True
2022,13,NOR,31.0,0,0.13177518963232887,True
2022,13,NOR,32.0,1,0.1318127832841749,True
2022,13,NOR,33.0,1,0.1320262170944504,True
2022,13,NOR,34.0,1,0.13234798024082758,True
2022,13,NOR,35.0,0,0.13956605417628765,True
2022,13,NOR,36.0,0,0.13994313451488158,True
2022,13,NOR,37.0,0,0.13626575197664986,True
2022,13,NOR,38.0,1,0.13571308140293997,True
2022,13,NOR,39.0,1,0.14359559237563518,True
2022,13,NOR,40.0,1,0.17091427171922954,True
2022,13,NOR,41.0,0,0.2732123346824053,True
2022,13,NOR,42.0,0,0.173262514888437,True
2022,13,NOR,43.0,0,0.13505124471279278,True
2022,13,NOR,44.0,1,0.14032307591877186,True
2022,13,NOR,45.0,1,0.1486760459564483,True
2022,13,NOR,46.0,1,0.136469429115957,True
2022,13,NOR,47.0,0,0.31265264806424586,True
2022,13,NOR,48.0,0,0.13289948162411486,True
2022,13,NOR,49.0,0,0.13294982085707838,True
2022,13,NOR,50.0,0,0.13300922148937938,True
2022,13,NOR,51.0,0,0.13277612348458995,True
2022,13,NOR,52.0,0,0.1336172309588714,True
2022,13,NOR,53.0,0,0.13463387539614022,True
2022,13,NOR,54.0,0,0.13373950930634865,True
2022,13,NOR,55.0,0,0.13361870169741522,True
2022,13,NOR,56.0,0,0.13618985156340258,True
2022,13,NOR,57.0,0,0.13974757273988286,True
2022,13,NOR,58.0,0,0.13514441557851675,True
2022,13,NOR,59.0,0,0.1349505228738478,True
2022,13,NOR,60.0,0,0.13410613526295645,True
2022,13,NOR,61.0,0,0.1344348934138887,True
2022,13,NOR,62.0,0,0.1366414230813666,True
2022,13,NOR,63.0,0,0.13511137547359264,True
2022,13,NOR,64.0,1,0.1474603391159826,True
2022,13,NOR,65.0,1,0.1442340284335029,True
2022,13,NOR,66.0,1,0.15381592189911347,True
2022,13,NOR,67.0,1,0.20814231409470155,True
2022,13,OCO,1.0,1,0.16214313659690127,True
2022,13,OCO,2.0,1,0.1672760956075749,True
2022,13,OCO,3.0,0,0.14889298050211291,True
2022,13,OCO,4.0,0,0.13656523287985317,True
2022,13,OCO,5.0,0,0.1443152252457512,True
2022,13,OCO,6.0,0,0.14950938681914314,True
2022,13,OCO,7.0,0,0.15705978139267995,True
2022,13,OCO,8.0,0,0.1565735024710235,True
2022,13,OCO,9.0,0,0.1348089607551673,True
2022,13,OCO,10.0,0,0.1352438209793939,True
2022,13,OCO,11.0,0,0.13202832925798064,True
2022,13,OCO,12.0,0,0.13137545662878702,True
2022,13,OCO,13.0,0,0.13066198003096133,True
2022,13,OCO,14.0,0,0.1291694538204191,True
2022,13,OCO,15.0,0,0.13127196459601212,True
2022,13,OCO,16.0,0,0.13197435833227586,True
2022,13,OCO,17.0,0,0.13186217452487897,True
2022,13,OCO,18.0,0,0.13178554348881646,True
2022,13,OCO,19.0,0,0.13187986031080562,True
2022,13,OCO,20.0,0,0.1320613445333169,True
2022,13,OCO,21.0,0,0.1321083438536618,True
2022,13,OCO,22.0,0,0.13195794430833277,True
2022,13,OCO,23.0,0,0.1318764218988559,True
2022,13,OCO,24.0,0,0.13321505545901555,True
2022,13,OCO,25.0,0,0.1323431579830218,True
2022,13,OCO,26.0,0,0.1321198460607724,True
2022,13,OCO,27.0,0,0.13282127385660647,True
2022,13,OCO,28.0,0,0.13219012749856063,True
2022,13,OCO,29.0,0,0.13191606138202738,True
2022,13,OCO,30.0,0,0.13190821862441818,True
2022,13,OCO,31.0,0,0.1317546995237974,True
2022,13,OCO,32.0,1,0.13181887848918752,True
2022,13,OCO,33.0,1,0.131964736689633,True
2022,13,OCO,34.0,1,0.132518463898393,True
2022,13,OCO,35.0,0,0.14970610407086232,True
2022,13,OCO,36.0,0,0.14348039318664096,True
2022,13,OCO,37.0,0,0.13944146816548822,True
2022,13,OCO,38.0,1,0.13904488231662496,True
2022,13,OCO,39.0,1,0.14915668144824815,True
2022,13,OCO,40.0,1,0.16701111199198387,True
2022,13,OCO,41.0,0,0.27291342416275965,True
2022,13,OCO,42.0,0,0.1813409539082064,True
2022,13,OCO,43.0,0,0.1350706275442717,True
2022,13,OCO,44.0,1,0.1404833618573867,True
2022,13,OCO,45.0,1,0.1473364990475461,True
2022,13,OCO,46.0,1,0.1363507341816385,True
2022,13,OCO,47.0,0,0.31047106313771644,True
2022,13,OCO,48.0,0,0.13280201229741045,True
2022,13,OCO,49.0,0,0.13263886392950394,True
2022,13,OCO,50.0,0,0.13256201608507756,True
2022,13,OCO,51.0,0,0.1326245601909285,True
2022,13,OCO,52.0,0,0.13344921553962713,True
2022,13,OCO,53.0,0,0.13416626340337046,True
2022,13,OCO,54.0,0,0.13346607996209497,True
2022,13,OCO,55.0,0,0.13345884060341454,True
2022,13,OCO,56.0,0,0.13655041305459084,True
2022,13,OCO,57.0,0,0.14063487793329593,True
2022,13,OCO,58.0,0,0.13431492115465615,True
2022,13,OCO,59.0,0,0.13442163289793735,True
2022,13,OCO,60.0,0,0.1343578540337272,True
2022,13,OCO,61.0,0,0.13473376016521016,True
2022,13,OCO,62.0,0,0.13615985267400169,True
2022,13,OCO,63.0,0,0.13501419325921288,True
2022,13,OCO,64.0,1,0.14964382359903636,True
2022,13,OCO,65.0,1,0.14607099630459938,True
2022,13,OCO,66.0,1,0.15401130626771198,True
2022,13,PER,1.0,1,0.19295092630401436,True
2022,13,PER,2.0,1,0.21317934771132174,True
2022,13,PER,3.0,0,0.1754017511588771,True
2022,13,PER,4.0,0,0.14457330917583208,True
2022,13,PER,5.0,0,0.14054236153258262,True
2022,13,PER,6.0,0,0.14159233719282685,True
2022,13,PER,7.0,0,0.16275998626973193,True
2022,13,PER,8.0,0,0.14615105274353907,True
2022,13,PER,9.0,0,0.13678740791821972,True
2022,13,PER,10.0,0,0.13553416604712795,True
2022,13,PER,11.0,0,0.13241104441670964,True
2022,13,PER,12.0,0,0.13148917759349182,True
2022,13,PER,13.0,0,0.1308066543714237,True
2022,13,PER,14.0,0,0.12886401305994163,True
2022,13,PER,15.0,0,0.13126134079096966,True
2022,13,PER,16.0,0,0.13200652283677333,True
2022,13,PER,17.0,0,0.1319454352200379,True
2022,13,PER,18.0,0,0.13178167348342765,True
2022,13,PER,19.0,0,0.13192052645131758,True
2022,13,PER,20.0,0,0.1322268917902424,True
2022,13,PER,21.0,0,0.1322054363818051,True
2022,13,PER,22.0,0,0.13192791652304825,True
2022,13,PER,23.0,0,0.13193457802015277,True
2022,13,PER,24.0,0,0.1324573017924714,True
2022,13,PER,25.0,0,0.1320473277205456,True
2022,13,PER,26.0,0,0.13197023547426212,True
2022,13,PER,27.0,0,0.1322152707460851,True
2022,13,PER,28.0,0,0.13202298766315157,True
2022,13,PER,29.0,0,0.13180554166460604,True
2022,13,PER,30.0,0,0.13181054408052112,True
2022,13,PER,31.0,0,0.13175724401458416,True
2022,13,PER,32.0,1,0.131823090970205,True
2022,13,PER,33.0,1,0.13205913817012144,True
2022,13,PER,34.0,1,0.1325154831590147,True
2022,13,PER,35.0,0,0.14036649401441414,True
2022,13,PER,36.0,0,0.14072630022944654,True
2022,13,PER,37.0,0,0.13679040629965772,True
2022,13,PER,38.0,1,0.13523675174356803,True
2022,13,PER,39.0,1,0.14232835314499365,True
2022,13,PER,40.0,1,0.17447510544556435,True
2022,13,PER,41.0,0,0.2747122521829478,True
2022,13,PER,42.0,0,0.17391266714908535,True
2022,13,PER,43.0,0,0.13705994843473995,True
2022,13,PER,44.0,1,0.13859427802612692,True
2022,13,PER,45.0,1,0.1430505583006601,True
2022,13,PER,46.0,1,0.13471626209844298,True
2022,13,PER,47.0,0,0.3078255074006663,True
2022,13,PER,48.0,0,0.13256767011048204,True
2022,13,PER,49.0,0,0.13255795621069955,True
2022,13,PER,50.0,0,0.13242027030402714,True
2022,13,PER,51.0,0,0.13250443742367943,True
2022,13,PER,52.0,0,0.13282978242511526,True
2022,13,PER,53.0,0,0.1336394048940001,True
2022,13,PER,54.0,0,0.13295811533593133,True
2022,13,PER,55.0,0,0.13313334409217176,True
2022,13,PER,56.0,0,0.13616388386351969,True
2022,13,PER,57.0,0,0.1373676596235041,True
2022,13,PER,58.0,0,0.13344676307227393,True
2022,13,PER,59.0,0,0.1326650383790197,True
2022,13,PER,60.0,0,0.1329233426394704,True
2022,13,PER,61.0,0,0.13294729562037827,True
2022,13,PER,62.0,0,0.1338942881094531,True
2022,13,PER,63.0,0,0.13277278324276637,True
2022,13,PER,64.0,1,0.13085470178427724,True
2022,13,PER,65.0,1,0.13241174293190724,True
2022,13,PER,66.0,1,0.1388381909011951,True
2022,13,PER,67.0,1,0.18136390800835223,True
2022,13,RIC,1.0,1,0.2295768566196948,True
2022,13,RIC,2.0,1,0.21447882321150163,True
2022,13,RIC,3.0,0,0.18409619247433845,True
2022,13,RIC,4.0,0,0.14041497431467534,True
2022,13,RIC,5.0,0,0.13783020996946496,True
2022,13,RIC,6.0,0,0.14173060311515787,True
2022,13,RIC,7.0,0,0.16288630896125617,True
2022,13,RIC,8.0,0,0.14637173523312674,True
2022,13,RIC,9.0,0,0.13707829258305218,True
2022,13,RIC,10.0,0,0.13576846106033272,True
2022,13,RIC,11.0,0,0.13255688124307408,True
2022,13,RIC,12.0,0,0.13151630293476413,True
2022,13,RIC,13.0,0,0.13187024729449429,True
2022,13,RIC,14.0,0,0.13063758664481567,True
2022,13,RIC,15.0,0,0.1311362996980064,True
2022,13,RIC,16.0,0,0.13188866522721526,True
2022,13,RIC,17.0,0,0.1317556826804079,True
2022,13,RIC,18.0,0,0.13172741337031638,True
2022,13,RIC,19.0,0,0.131919473138895,True
2022,13,RIC,20.0,0,0.13219742146456287,True
2022,13,RIC,21.0,0,0.13208189252564675,True
2022,13,RIC,22.0,0,0.1318732737451963,True
2022,13,RIC,23.0,0,0.13191927316404453,True
2022,13,RIC,24.0,0,0.1324551287830343,True
2022,13,RIC,25.0,0,0.13202969580396257,True
2022,13,RIC,26.0,0,0.13196938490968926,True
2022,13,RIC,27.0,0,0.13219838439350853,True
2022,13,RIC,28.0,0,0.1320393184486341,True
2022,13,RIC,29.0,0,0.1318759274117828,True
2022,13,RIC,30.0,0,0.13185480983269635,True
2022,13,RIC,31.0,0,0.1318054088985973,True
2022,13,RIC,32.0,1,0.13181097090906221,True
2022,13,RIC,33.0,1,0.13203333583546012,True
2022,13,RIC,34.0,1,0.13235192972338478,True
2022,13,RIC,35.0,0,0.13959171501618312,True
2022,13,RIC,36.0,0,0.139973508150087,True
2022,13,RIC,37.0,0,0.1362851075757248,True
2022,13,RIC,38.0,1,0.13567884704130986,True
2022,13,RIC,39.0,1,0.14398869760533783,True
2022,13,RIC,40.0,1,0.17203030464233843,True
2022,13,RIC,41.0,0,0.27382215497488394,True
2022,13,RIC,42.0,0,0.1704559979131174,True
2022,13,RIC,43.0,0,0.13498947679234785,True
2022,13,RIC,44.0,1,0.13631809962010505,True
2022,13,RIC,45.0,1,0.14019862049963225,True
2022,13,RIC,46.0,1,0.13489138632944214,True
2022,13,RIC,47.0,0,0.31320626892506465,True
2022,13,RIC,48.0,0,0.1328611387591079,True
2022,13,RIC,49.0,0,0.1330478533930181,True
2022,13,RIC,50.0,0,0.13302499886170152,True
2022,13,RIC,51.0,0,0.13291685683805698,True
2022,13,RIC,52.0,0,0.1335307995970594,True
2022,13,RIC,53.0,0,0.1348414400621148,True
2022,13,RIC,54.0,0,0.13376225492414456,True
2022,13,RIC,55.0,0,0.1337243999293111,True
2022,13,RIC,56.0,0,0.1367143574689337,True
2022,13,RIC,57.0,0,0.13981521690851587,True
2022,13,RIC,58.0,0,0.1352345510374746,True
2022,13,RIC,59.0,0,0.13514876978368073,True
2022,13,RIC,60.0,0,0.1341802439692006,True
2022,13,RIC,61.0,0,0.13477124997533166,True
2022,13,RIC,62.0,0,0.13604671712886549,True
2022,13,RIC,63.0,1,0.13452383169114232,True
2022,13,RIC,64.0,1,0.13234370171470916,True
2022,13,RIC,65.0,1,0.14299141619876526,True
2022,13,RIC,66.0,1,0.13948611251782556,True
2022,13,RUS,1.0,1,0.24223192848129865,True
2022,13,RUS,2.0,1,0.23539857707440798,True
2022,13,RUS,3.0,0,0.1853490774308036,True
2022,13,RUS,4.0,0,0.13997707546889065,True
2022,13,RUS,5.0,0,0.137788988300282,True
2022,13,RUS,6.0,0,0.1420647837146022,True
2022,13,RUS,7.0,0,0.16425014147554642,True
2022,13,RUS,8.0,0,0.14622777753276497,True
2022,13,RUS,9.0,0,0.13706758392808077,True
2022,13,RUS,10.0,0,0.13550843325929782,True
2022,13,RUS,11.0,0,0.13239851552198548,True
2022,13,RUS,12.0,0,0.13252862029858375,True
2022,13,RUS,13.0,0,0.13183525800055917,True
2022,13,RUS,14.0,0,0.1303863168102181,True
2022,13,RUS,15.0,0,0.13113195305803774,True
2022,13,RUS,16.0,0,0.13192718469607484,True
2022,13,RUS,17.0,0,0.13175175128629033,True
2022,13,RUS,18.0,0,0.13185067307725906,True
2022,13,RUS,19.0,0,0.13190671375479396,True
2022,13,RUS,20.0,0,0.1322256619504329,True
2022,13,RUS,21.0,0,0.13218591707316835,True
2022,13,RUS,22.0,0,0.13193666470535395,True
2022,13,RUS,23.0,0,0.13192310519716385,True
2022,13,RUS,24.0,0,0.13245251287677803,True
2022,13,RUS,25.0,0,0.13204812038735897,True
2022,13,RUS,26.0,0,0.13197081497073299,True
2022,13,RUS,27.0,0,0.1322155181204111,True
2022,13,RUS,28.0,0,0.13202211528270644,True
2022,13,RUS,29.0,0,0.13181920861561708,True
2022,13,RUS,30.0,0,0.13184957830876,True
2022,13,RUS,31.0,0,0.13180857917159086,True
2022,13,RUS,32.0,1,0.1318226182666535,True
2022,13,RUS,33.0,1,0.13201385531613175,True
2022,13,RUS,34.0,1,0.1323381319621631,True
2022,13,RUS,35.0,0,0.14036649401441414,True
2022,13,RUS,36.0,0,0.13996344624492274,True
2022,13,RUS,37.0,0,0.13625733569262585,True
2022,13,RUS,38.0,1,0.13523603448342927,True
2022,13,RUS,39.0,1,0.1439710306865583,True
2022,13,RUS,40.0,1,0.18344467080840537,True
2022,13,RUS,41.0,0,0.2769648483732412,True
2022,13,RUS,42.0,0,0.18197395038508152,True
2022,13,RUS,43.0,0,0.13682952012662888,True
2022,13,RUS,44.0,0,0.13849203369286267,True
2022,13,RUS,45.0,1,0.14032606915423407,True
2022,13,RUS,46.0,1,0.13455699787801967,True
2022,13,RUS,47.0,1,0.13455182317043318,True
2022,13,RUS,48.0,0,0.17027452910586974,True
2022,13,RUS,49.0,0,0.13249542608243778,True
2022,13,RUS,50.0,0,0.13236663562586803,True
2022,13,RUS,51.0,0,0.13250047399936996,True
2022,13,RUS,52.0,0,0.1328643793075428,True
2022,13,RUS,53.0,0,0.13389611205179913,True
2022,13,RUS,54.0,0,0.1329583806823163,True
2022,13,RUS,55.0,0,0.13316623056762394,True
2022,13,RUS,56.0,0,0.1355236636578653,True
2022,13,RUS,57.0,0,0.13700349681407037,True
2022,13,RUS,58.0,0,0.13333153268242662,True
2022,13,RUS,59.0,0,0.13262568825275206,True
2022,13,RUS,60.0,0,0.1328876464974641,True
2022,13,RUS,61.0,0,0.13284293144093215,True
2022,13,RUS,62.0,0,0.1339861893057706,True
2022,13,RUS,63.0,0,0.13280720138662588,True
2022,13,RUS,64.0,1,0.1364963853985175,True
2022,13,RUS,65.0,1,0.1331748009520891,True
2022,13,RUS,66.0,1,0.1392547935989125,True
2022,13,RUS,67.0,1,0.1925797007819839,True
2022,13,SAI,1.0,1,0.16193488011655202,True
2022,13,SAI,2.0,1,0.16769765298661699,True
2022,13,SAI,3.0,0,0.148707622938984,True
2022,13,SAI,4.0,0,0.13637279593031834,True
2022,13,SAI,5.0,0,0.14403576415235042,True
2022,13,SAI,6.0,0,0.1495809888707123,True
2022,13,SAI,7.0,0,0.15715505008511846,True
2022,13,SAI,8.0,0,0.15636706088346072,True
2022,13,SAI,9.0,0,0.1346551951321354,True
2022,13,SAI,10.0,0,0.13514238517192212,True
2022,13,SAI,11.0,0,0.1319665207142049,True
2022,13,SAI,12.0,0,0.13127544488115553,True
2022,13,SAI,13.0,0,0.13070290290919764,True
2022,13,SAI,14.0,0,0.12890205193693755,True
2022,13,SAI,15.0,0,0.1312882116976471,True
2022,13,SAI,16.0,0,0.13197897751387846,True
2022,13,SAI,17.0,0,0.13187579336473756,True
2022,13,SAI,18.0,0,0.13171456987281954,True
2022,13,SAI,19.0,0,0.13191159925809437,True
2022,13,SAI,20.0,0,0.13221795342723747,True
2022,13,SAI,21.0,0,0.13221307071958088,True
2022,13,SAI,22.0,0,0.13196984035548862,True
2022,13,SAI,23.0,0,0.13191049861852383,True
2022,13,SAI,24.0,0,0.13245251287677803,True
2022,13,SAI,25.0,0,0.1320473277205456,True
2022,13,SAI,26.0,0,0.13197091291396168,True
2022,13,SAI,27.0,0,0.1322149949196273,True
2022,13,SAI,28.0,0,0.13202251945550175,True
2022,13,SAI,29.0,0,0.13180554166460604,True
2022,13,SAI,30.0,0,0.1318186765550792,True
2022,13,SAI,31.0,0,0.1318111554156151,True
2022,13,SAI,32.0,1,0.1318226182666535,True
2022,13,SAI,33.0,1,0.13205913817012144,True
2022,13,SAI,34.0,1,0.13235333658882503,True
2022,13,SAI,35.0,0,0.14024326164639733,True
2022,13,SAI,36.0,0,0.14073166014954103,True
2022,13,SAI,37.0,0,0.13624273298958087,True
2022,13,SAI,38.0,0,0.13523603448342927,True
2022,13,SAI,39.0,1,0.1423764032694941,True
2022,13,SAI,40.0,1,0.1709199725738823,True
2022,13,SAI,41.0,1,0.1687217956923355,True
2022,13,SAI,42.0,0,0.2733758182337108,True
2022,13,SAI,43.0,0,0.13529725150593774,True
2022,13,SAI,44.0,0,0.13557278655290314,True
2022,13,SAI,45.0,1,0.13826512741216943,True
2022,13,SAI,46.0,1,0.1346814920973012,True
2022,13,SAI,47.0,1,0.13463004789177346,True
2022,13,SAI,48.0,0,0.2141874630700526,True
2022,13,SAI,49.0,0,0.13356662673566908,True
2022,13,SAI,50.0,0,0.13428990100092694,True
2022,13,SAI,51.0,0,0.13313728290811497,True
2022,13,SAI,52.0,0,0.13540569767684169,True
2022,13,SAI,53.0,0,0.13802808340690645,True
2022,13,SAI,54.0,0,0.1341998490180315,True
2022,13,SAI,55.0,0,0.136481254872609,True
2022,13,SAI,56.0,0,0.14026684429845543,True
2022,13,SAI,57.0,0,0.14888811601643967,True
2022,13,SAI,58.0,0,0.13726078776314632,True
2022,13,SAI,59.0,0,0.13767131059897536,True
2022,13,SAI,60.0,0,0.1349379549442215,True
2022,13,SAI,61.0,0,0.13656606169719612,True
2022,13,SAI,62.0,0,0.13851663606818126,True
2022,13,SAI,63.0,0,0.1352859071680099,True
2022,13,SAI,64.0,1,0.14359259345684294,True
2022,13,SAI,65.0,1,0.1365736219415563,True
2022,13,SAI,66.0,1,0.14755766238194615,True
2022,13,SAI,67.0,1,0.2065372059990092,True
2022,13,STR,1.0,1,0.22821378961483205,True
2022,13,STR,2.0,0,0.23532789150488814,True
2022,13,STR,3.0,0,0.1365881909170071,True
2022,13,STR,4.0,0,0.14001374753526358,True
2022,13,STR,5.0,0,0.13783020996946496,True
2022,13,STR,6.0,0,0.14208976696465866,True
2022,13,STR,7.0,0,0.1642067684382073,True
2022,13,STR,8.0,0,0.14676714233001426,True
2022,13,STR,9.0,0,0.13707829258305218,True
2022,13,STR,10.0,0,0.13578801918609704,True
2022,13,STR,11.0,0,0.13254178246424092,True
2022,13,STR,12.0,0,0.13248094181202638,True
2022,13,STR,13.0,0,0.13179221278913564,True
2022,13,STR,14.0,0,0.13015029033574654,True
2022,13,STR,15.0,0,0.13106159392090716,True
2022,13,STR,16.0,0,0.1319023018890015,True
2022,13,STR,17.0,0,0.13178805312667477,True
2022,13,STR,18.0,0,0.13177527066833666,True
2022,13,STR,19.0,0,0.13174450779556682,True
2022,13,STR,20.0,0,0.13203133488123334,True
2022,13,STR,21.0,0,0.13208406147755242,True
2022,13,STR,22.0,0,0.13187486496451,True
2022,13,STR,23.0,0,0.13191190766662017,True
2022,13,STR,24.0,0,0.13248113802884562,True
2022,13,STR,25.0,0,0.13203305108997504,True
2022,13,STR,26.0,0,0.13197204694412495,True
2022,13,STR,27.0,0,0.1322412086252382,True
2022,13,STR,28.0,0,0.13206235104909142,True
2022,13,STR,29.0,0,0.1318687282176286,True
2022,13,STR,30.0,0,0.13184067860237414,True
2022,13,STR,31.0,0,0.13177518963232887,True
2022,13,STR,32.0,1,0.13181303302174427,True
2022,13,STR,33.0,1,0.13200248963905095,True
2022,13,STR,34.0,1,0.13234798024082758,True
2022,13,STR,35.0,0,0.13936629975311202,True
2022,13,STR,36.0,0,0.13982273097337253,True
2022,13,STR,37.0,0,0.13628517756494088,True
2022,13,STR,38.0,1,0.1356446561690925,True
2022,13,STR,39.0,1,0.14370568028626335,True
2022,13,STR,40.0,1,0.17188853583270688,True
2022,13,STR,41.0,0,0.2711406330641618,True
2022,13,STR,42.0,0,0.1704559979131174,True
2022,13,STR,43.0,0,0.135301497250769,True
2022,13,STR,44.0,1,0.1374129337049501,True
2022,13,STR,45.0,1,0.14019862049963225,True
2022,13,STR,46.0,1,0.1346039300187141,True
2022,13,STR,47.0,0,0.3155318217231539,True
2022,13,STR,48.0,0,0.13601139870339254,True
2022,13,STR,49.0,0,0.1335382039955528,True
2022,13,STR,50.0,0,0.13437092088808497,True
2022,13,STR,51.0,0,0.1332659252065766,True
2022,13,STR,52.0,0,0.13541493314246797,True
2022,13,STR,53.0,0,0.13802638744074164,True
2022,13,STR,54.0,0,0.13422680872109377,True
2022,13,STR,55.0,0,0.13652556426130186,True
2022,13,STR,56.0,0,0.14183660542248294,True
2022,13,STR,57.0,0,0.14991981320834588,True
2022,13,STR,58.0,0,0.13840084026718666,True
2022,13,STR,59.0,0,0.1376099247035135,True
2022,13,STR,60.0,0,0.13483531891128456,True
2022,13,STR,61.0,0,0.13761069609198667,True
2022,13,STR,62.0,0,0.1385458316776525,True
2022,13,STR,63.0,1,0.1350364384038827,True
2022,13,STR,64.0,1,0.13357018134592039,True
2022,13,STR,65.0,1,0.1371367832451199,True
2022,13,STR,66.0,1,0.14285144134393768,True
2022,13,TSU,1.0,1,0.22076811258814835,True
2022,13,TSU,2.0,0,0.21408439142763336,True
2022,13,TSU,3.0,0,0.1346591146994937,True
2022,13,TSU,4.0,0,0.14449359635682688,True
2022,13,TSU,5.0,0,0.1405633063512298,True
2022,13,TSU,6.0,0,0.14161092232983655,True
2022,13,TSU,7.0,0,0.16273037009447272,True
2022,13,TSU,8.0,0,0.14627894752862303,True
2022,13,TSU,9.0,0,0.13680343377753035,True
2022,13,TSU,10.0,0,0.13592047513073138,True
2022,13,TSU,11.0,0,0.13254851022947037,True
2022,13,TSU,12.0,0,0.13140285005633773,True
2022,13,TSU,13.0,0,0.1307093414080619,True
2022,13,TSU,14.0,0,0.1279856767824936,True
2022,13,TSU,15.0,0,0.13114544896680363,True
2022,13,TSU,16.0,0,0.1319023018890015,True
2022,13,TSU,17.0,0,0.13179221628451693,True
2022,13,TSU,18.0,0,0.13176358999405488,True
2022,13,TSU,19.0,0,0.13173873628167782,True
2022,13,TSU,20.0,0,0.13205104220775218,True
2022,13,TSU,21.0,0,0.13209312270233314,True
2022,13,TSU,22.0,0,0.13186943754730468,True
2022,13,TSU,23.0,0,0.13191736817649588,True
2022,13,TSU,24.0,0,0.13242467439968664,True
2022,13,TSU,25.0,0,0.13203252804603288,True
2022,13,TSU,26.0,0,0.13197745988818121,True
2022,13,TSU,27.0,0,0.13226894602213668,True
2022,13,TSU,28.0,0,0.13207803046570116,True
2022,13,TSU,29.0,0,0.1318762894027761,True
2022,13,TSU,30.0,0,0.13184090254496328,True
2022,13,TSU,31.0,1,0.13177045156105419,True
2022,13,TSU,32.0,1,0.13180487124176257,True
2022,13,TSU,33.0,1,0.13198330115925022,True
2022,13,TSU,34.0,0,0.2413495336181684,True
2022,13,TSU,35.0,0,0.13444434176886313,True
2022,13,TSU,36.0,0,0.15851462702980695,True
2022,13,TSU,37.0,1,0.145236963720189,True
2022,13,TSU,38.0,1,0.13939314211621942,True
2022,13,TSU,39.0,1,0.1618357970652517,True
2022,13,TSU,40.0,0,0.28099783104299714,True
2022,13,TSU,41.0,0,0.22238543291570934,True
2022,13,TSU,42.0,0,0.22166820694378636,True
2022,13,TSU,43.0,1,0.1580238075606712,True
2022,13,TSU,44.0,1,0.16750259035977036,True
2022,13,TSU,45.0,1,0.1850910371508028,True
2022,13,TSU,46.0,0,0.198871892773849,True
2022,13,TSU,47.0,0,0.153435223321219,True
2022,13,TSU,48.0,0,0.13599921486964525,True
2022,13,TSU,49.0,0,0.1336555830528969,True
2022,13,TSU,50.0,0,0.13462918911548621,True
2022,13,TSU,51.0,0,0.13288748391140434,True
2022,13,TSU,52.0,0,0.13558358025627867,True
2022,13,TSU,53.0,0,0.14009626458413638,True
2022,13,TSU,54.0,0,0.13495491914606855,True
2022,13,TSU,55.0,0,0.13745133805603404,True
2022,13,TSU,56.0,0,0.14324963691564752,True
2022,13,TSU,57.0,0,0.1534803051978933,True
2022,13,TSU,58.0,0,0.1382790219722454,True
2022,13,TSU,59.0,0,0.13863446559674936,True
2022,13,TSU,60.0,0,0.13576345170715082,True
2022,13,TSU,61.0,0,0.13817242516546813,True
2022,13,TSU,62.0,1,0.1391151206748426,True
2022,13,TSU,63.0,1,0.1362079922726615,True
2022,13,TSU,64.0,1,0.13824833404864564,True
2022,13,TSU,65.0,1,0.1487250294369435,True
2022,13,VER,1.0,1,0.20331863878349016,True
2022,13,VER,2.0,1,0.21488216706654076,True
2022,13,VER,3.0,0,0.17621799047356984,True
2022,13,VER,4.0,0,0.14050457885094592,True
2022,13,VER,5.0,0,0.1382567491412809,True
2022,13,VER,6.0,0,0.141913618035773,True
2022,13,VER,7.0,0,0.1627590787607673,True
2022,13,VER,8.0,0,0.14615414921836883,True
2022,13,VER,9.0,0,0.1370405189290226,True
2022,13,VER,10.0,0,0.13550843325929782,True
2022,13,VER,11.0,0,0.1324610709914043,True
2022,13,VER,12.0,0,0.13149860636382388,True
2022,13,VER,13.0,0,0.13080655936979874,True
2022,13,VER,14.0,0,0.13063608288010153,True
2022,13,VER,15.0,0,0.13126549547254043,True
2022,13,VER,16.0,0,0.13199931953900373,True
2022,13,VER,17.0,0,0.13175175128629033,True
2022,13,VER,18.0,0,0.13185067307725906,True
2022,13,VER,19.0,0,0.13190671375479396,True
2022,13,VER,20.0,0,0.13222500021931538,True
2022,13,VER,21.0,0,0.13218830294474024,True
2022,13,VER,22.0,0,0.13193553465750446,True
2022,13,VER,23.0,0,0.13192310519716385,True
2022,13,VER,24.0,0,0.13245251287677803,True
2022,13,VER,25.0,0,0.13204812038735897,True
2022,13,VER,26.0,0,0.13197081497073299,True
2022,13,VER,27.0,0,0.1322155181204111,True
2022,13,VER,28.0,0,0.13202251945550175,True
2022,13,VER,29.0,0,0.13181920861561708,True
2022,13,VER,30.0,0,0.13184957830876,True
2022,13,VER,31.0,0,0.1318106944853541,True
2022,13,VER,32.0,1,0.1318226182666535,True
2022,13,VER,33.0,1,0.13201385531613175,True
2022,13,VER,34.0,1,0.13235333658882503,True
2022,13,VER,35.0,0,0.14036649401441414,True
2022,13,VER,36.0,0,0.1399578396696828,True
2022,13,VER,37.0,0,0.13624273298958087,True
2022,13,VER,38.0,1,0.1357095161549585,True
2022,13,VER,39.0,1,0.14750802122968135,True
2022,13,VER,40.0,1,0.18071937082578016,True
2022,13,VER,41.0,0,0.27679620163327556,True
2022,13,VER,42.0,0,0.18084383073941776,True
2022,13,VER,43.0,0,0.13646563183143154,True
2022,13,VER,44.0,0,0.1368182755664194,True
2022,13,VER,45.0,1,0.14034948354466517,True
2022,13,VER,46.0,1,0.1344350168363144,True
2022,13,VER,47.0,1,0.13456182708570713,True
2022,13,VER,48.0,0,0.17022313350888035,True
2022,13,VER,49.0,0,0.13250811599609927,True
2022,13,VER,50.0,0,0.13235987171785324,True
2022,13,VER,51.0,0,0.13236802026320754,True
2022,13,VER,52.0,0,0.13287340417973628,True
2022,13,VER,53.0,0,0.13366002646839067,True
2022,13,VER,54.0,0,0.1329583806823163,True
2022,13,VER,55.0,0,0.13310656213759725,True
2022,13,VER,56.0,0,0.1355586688966522,True
2022,13,VER,57.0,0,0.13700349681407037,True
2022,13,VER,58.0,0,0.13313594539731283,True
2022,13,VER,59.0,0,0.13262568825275206,True
2022,13,VER,60.0,0,0.13283580898002428,True
2022,13,VER,61.0,0,0.13284236295423774,True
2022,13,VER,62.0,0,0.13399738782388593,True
2022,13,VER,63.0,0,0.13260601538699185,True
2022,13,VER,64.0,0,0.13089504815962577,True
2022,13,VER,65.0,1,0.13220867080620594,True
2022,13,VER,66.0,1,0.13837904879891919,True
2022,13,VER,67.0,1,0.1623250466361233,True
2022,13,VET,1.0,1,0.22693851020621403,True
2022,13,VET,2.0,0,0.21408439142763336,True
2022,13,VET,3.0,0,0.13455368248394467,True
2022,13,VET,4.0,0,0.1443765059343651,True
2022,13,VET,5.0,0,0.1405633063512298,True
2022,13,VET,6.0,0,0.14161092232983655,True
2022,13,VET,7.0,0,0.16273037009447272,True
2022,13,VET,8.0,0,0.14627894752862303,True
2022,13,VET,9.0,0,0.13680343377753035,True
2022,13,VET,10.0,0,0.1357350224028386,True
2022,13,VET,11.0,0,0.13254851022947037,True
2022,13,VET,12.0,0,0.13148919208400617,True
2022,13,VET,13.0,0,0.13079439214176208,True
2022,13,VET,14.0,0,0.12891024014942498,True
2022,13,VET,15.0,0,0.13119206559245158,True
2022,13,VET,16.0,0,0.13187978273997353,True
2022,13,VET,17.0,0,0.13174549397525026,True
2022,13,VET,18.0,0,0.13177282789114705,True
2022,13,VET,19.0,0,0.13188809795441703,True
2022,13,VET,20.0,0,0.1320240912881745,True
2022,13,VET,21.0,0,0.1320924602743772,True
2022,13,VET,22.0,0,0.13186395360178316,True
2022,13,VET,23.0,0,0.13192159930374842,True
2022,13,VET,24.0,0,0.13244278862658776,True
2022,13,VET,25.0,0,0.13203252804603288,True
2022,13,VET,26.0,0,0.13197560739825004,True
2022,13,VET,27.0,0,0.13221936959842873,True
2022,13,VET,28.0,0,0.1320787684643112,True
2022,13,VET,29.0,0,0.13188806711511852,True
2022,13,VET,30.0,0,0.13185663175883486,True
2022,13,VET,31.0,0,0.13178160857371118,True
2022,13,VET,32.0,1,0.13180468006410884,True
2022,13,VET,33.0,1,0.13202784060755107,True
2022,13,VET,34.0,1,0.13231280756295768,True
2022,13,VET,35.0,0,0.13955514869522598,True
2022,13,VET,36.0,0,0.1398419584209806,True
2022,13,VET,37.0,0,0.13626327939956412,True
2022,13,VET,38.0,1,0.13511309534770624,True
2022,13,VET,39.0,1,0.14173180197543706,True
2022,13,VET,40.0,1,0.17049206242346088,True
2022,13,VET,41.0,0,0.27289988755768485,True
2022,13,VET,42.0,0,0.1704045261890387,True
2022,13,VET,43.0,0,0.13559481381257485,True
2022,13,VET,44.0,1,0.13735459138560888,True
2022,13,VET,45.0,1,0.14108238097162046,True
2022,13,VET,46.0,1,0.1348918052157798,True
2022,13,VET,47.0,0,0.3111662162698934,True
2022,13,VET,48.0,0,0.13276014878062448,True
2022,13,VET,49.0,0,0.13265082699038866,True
2022,13,VET,50.0,0,0.1325523382994112,True
2022,13,VET,51.0,0,0.13258345847458713,True
2022,13,VET,52.0,0,0.132801920017482,True
2022,13,VET,53.0,0,0.13362667826425795,True
2022,13,VET,54.0,0,0.13292523277274745,True
2022,13,VET,55.0,0,0.133091750017104,True
2022,13,VET,56.0,0,0.13581726512112344,True
2022,13,VET,57.0,0,0.13729673366045692,True
2022,13,VET,58.0,0,0.13335585305536074,True
2022,13,VET,59.0,0,0.13276284891238094,True
2022,13,VET,60.0,0,0.13309528206653712,True
2022,13,VET,61.0,0,0.1332432569935032,True
2022,13,VET,62.0,0,0.13438412975757588,True
2022,13,VET,63.0,1,0.13232782848081065,True
2022,13,VET,64.0,1,0.1301814224689332,True
2022,13,VET,65.0,1,0.13355476907698535,True
2022,13,VET,66.0,1,0.13550820943545974,True
2022,13,ZHO,1.0,1,0.1680974092177532,True
2022,13,ZHO,2.0,0,0.16617227655057126,True
2022,13,ZHO,3.0,0,0.13098239488315236,True
2022,13,ZHO,4.0,0,0.13645671287091896,True
2022,13,ZHO,5.0,0,0.1441446181495954,True
2022,13,ZHO,6.0,0,0.14932402402588782,True
2022,13,ZHO,7.0,0,0.15672696723673685,True
2022,13,ZHO,8.0,0,0.1565744241026088,True
2022,13,ZHO,9.0,0,0.1347143534696947,True
2022,13,ZHO,10.0,0,0.13535329398452559,True
2022,13,ZHO,11.0,0,0.13206736892944365,True
2022,13,ZHO,12.0,0,0.13124913483886336,True
2022,13,ZHO,13.0,0,0.13067317363653078,True
2022,13,ZHO,14.0,0,0.1288876354340804,True
2022,13,ZHO,15.0,0,0.131279213620882,True
2022,13,ZHO,16.0,0,0.13197897751387846,True
2022,13,ZHO,17.0,0,0.13186907444690024,True
2022,13,ZHO,18.0,0,0.13180754592819627,True
2022,13,ZHO,19.0,0,0.1318899063663303,True
2022,13,ZHO,20.0,0,0.1320918054651601,True
2022,13,ZHO,21.0,0,0.1321130020750603,True
2022,13,ZHO,22.0,0,0.13196167702490527,True
2022,13,ZHO,23.0,0,0.13192667741377195,True
2022,13,ZHO,24.0,0,0.1324574765455824,True
2022,13,ZHO,25.0,0,0.13199341968509298,True
2022,13,ZHO,26.0,0,0.13195017827279137,True
2022,13,ZHO,27.0,0,0.13211310730245512,True
2022,13,ZHO,28.0,0,0.1321139810398742,True
2022,13,ZHO,29.0,0,0.13196954746668657,True
2022,13,ZHO,30.0,0,0.13190059567167864,True
2022,13,ZHO,31.0,1,0.1317584945612053,True
2022,13,ZHO,32.0,1,0.13187230512934583,True
2022,13,ZHO,33.0,1,0.13196746649013416,True
2022,13,ZHO,34.0,0,0.21324089706846566,True
2022,13,ZHO,35.0,0,0.13425533425271644,True
2022,13,ZHO,36.0,0,0.14348039318664096,True
2022,13,ZHO,37.0,0,0.14005182201507965,True
2022,13,ZHO,38.0,1,0.1386130128169381,True
2022,13,ZHO,39.0,1,0.14927900174682313,True
2022,13,ZHO,40.0,1,0.16641797030672947,True
2022,13,ZHO,41.0,0,0.2735444654284227,True
2022,13,ZHO,42.0,0,0.1813409539082064,True
2022,13,ZHO,43.0,0,0.13503840124874156,True
2022,13,ZHO,44.0,1,0.1402850955926595,True
2022,13,ZHO,45.0,1,0.14825994722722255,True
2022,13,ZHO,46.0,1,0.1361494645355119,True
2022,13,ZHO,47.0,0,0.3128091079418831,True
2022,13,ZHO,48.0,0,0.132788051823216,True
2022,13,ZHO,49.0,0,0.13258263232421508,True
2022,13,ZHO,50.0,0,0.13269393624617037,True
2022,13,ZHO,51.0,0,0.132688304059337,True
2022,13,ZHO,52.0,0,0.1363824724674389,True
2022,13,ZHO,53.0,0,0.13806288481275703,True
2022,13,ZHO,54.0,0,0.13450867381093254,True
2022,13,ZHO,55.0,0,0.13663660592911667,True
2022,13,ZHO,56.0,0,0.14058945220659494,True
2022,13,ZHO,57.0,0,0.1488884756122451,True
2022,13,ZHO,58.0,0,0.1373349568378641,True
2022,13,ZHO,59.0,0,0.13777091533150113,True
2022,13,ZHO,60.0,0,0.13503453607980725,True
2022,13,ZHO,61.0,0,0.13662409692147662,True
2022,13,ZHO,62.0,0,0.13907240354219272,True
2022,13,ZHO,63.0,1,0.13521498549485536,True
2022,13,ZHO,64.0,1,0.13329997397039361,True
2022,13,ZHO,65.0,1,0.1294641650326338,True
2022,13,ZHO,66.0,1,0.1356279262728441,True
2022,17,ALB,1.0,0,0.26855437451474995,True
2022,17,ALB,2.0,0,0.19516236915782112,True
2022,17,ALB,3.0,0,0.18673819512661108,True
2022,17,ALB,4.0,1,0.20226223158152018,True
2022,17,ALB,5.0,1,0.2053543683887225,True
2022,17,ALB,6.0,1,0.18933774672303777,True
2022,17,ALB,7.0,1,0.15937828624056188,True
2022,17,ALB,8.0,1,0.22252909775155544,True
2022,17,ALB,9.0,1,0.21133260717505822,True
2022,17,ALB,10.0,0,0.22132531408053757,True
2022,17,ALB,11.0,0,0.23222982804586945,True
2022,17,ALB,12.0,0,0.19024017560602857,True
2022,17,ALB,13.0,0,0.1924938618669259,True
2022,17,ALB,14.0,0,0.18533962369926962,True
2022,17,ALB,15.0,0,0.19414703530060862,True
2022,17,ALB,16.0,0,0.1653423258990219,True
2022,17,ALB,17.0,0,0.19405555141559133,True
2022,17,ALB,18.0,1,0.19556226915417066,True
2022,17,ALB,19.0,1,0.18725130399244783,True
2022,17,ALB,20.0,1,0.18524282050739363,True
2022,17,ALB,21.0,1,0.19466698856475406,True
2022,17,ALB,22.0,1,0.17242023730150174,True
2022,17,ALO,1.0,0,0.26509897207821975,True
2022,17,ALO,2.0,0,0.2049907835741897,True
2022,17,ALO,3.0,0,0.1989819130032695,True
2022,17,ALO,4.0,1,0.21072355110234317,True
2022,17,ALO,5.0,1,0.21113191198734693,True
2022,17,ALO,6.0,1,0.20165086999429524,True
2022,17,ALO,7.0,1,0.16657838423620758,True
2022,17,ALO,8.0,1,0.23057027809974304,True
2022,17,ALO,9.0,1,0.2125311480221347,True
2022,17,ALO,10.0,0,0.2224700639873844,True
2022,17,ALO,11.0,0,0.2309235380368441,True
2022,17,ALO,12.0,0,0.1969647122726088,True
2022,17,ALO,13.0,0,0.192669218725732,True
2022,17,ALO,14.0,0,0.18950754820892096,True
2022,17,ALO,15.0,0,0.2041851943754276,True
2022,17,ALO,16.0,0,0.1751245947138133,True
2022,17,ALO,17.0,0,0.20616246896592855,True
2022,17,ALO,18.0,1,0.2051171191470103,True
2022,17,BOT,1.0,0,0.26855437451474995,True
2022,17,BOT,2.0,0,0.19516236915782112,True
2022,17,BOT,3.0,0,0.186299293593651,True
2022,17,BOT,4.0,1,0.20184634206619662,True
2022,17,BOT,5.0,1,0.20497673753985707,True
2022,17,BOT,6.0,1,0.18642677228234875,True
2022,17,BOT,7.0,1,0.15937828624056188,True
2022,17,BOT,8.0,1,0.22252909775155544,True
2022,17,BOT,9.0,1,0.21133260717505822,True
2022,17,BOT,10.0,0,0.22132531408053757,True
2022,17,BOT,11.0,0,0.23185329809152658,True
2022,17,BOT,12.0,0,0.18923530708061836,True
2022,17,BOT,13.0,0,0.19248553080107808,True
2022,17,BOT,14.0,0,0.18533962369926962,True
2022,17,BOT,15.0,0,0.19400896771165088,True
2022,17,BOT,16.0,0,0.1653423258990219,True
2022,17,BOT,17.0,0,0.19049769772120068,True
2022,17,BOT,18.0,1,0.19365295974599994,True
2022,17,BOT,19.0,1,0.1861758933877911,True
2022,17,BOT,20.0,1,0.18402047000329227,True
2022,17,BOT,21.0,1,0.19466698856475406,True
2022,17,BOT,22.0,1,0.17407528659863497,True
2022,17,BOT,23.0,1,0.18115591513528476,True
2022,17,BOT,24.0,1,0.21349345522009724,True
2022,17,BOT,25.0,1,0.19618726757126603,True
2022,17,BOT,26.0,1,0.19634184655157352,True
2022,17,BOT,27.0,1,0.213892907221511,True
2022,17,BOT,28.0,1,0.20111253835291043,True
2022,17,BOT,29.0,1,0.1944854434267273,True
2022,17,BOT,30.0,1,0.18033109975588074,True
2022,17,BOT,31.0,1,0.18102249494068026,True
2022,17,BOT,32.0,1,0.18157237090503692,True
2022,17,BOT,33.0,1,0.19941583756498613,True
2022,17,BOT,34.0,1,0.16985528482901321,True
2022,17,BOT,35.0,1,0.20557081327542653,True
2022,17,BOT,36.0,1,0.16872200209062732,True
2022,17,BOT,37.0,1,0.24855496648153777,True
2022,17,BOT,38.0,1,0.23206736813536405,True
2022,17,BOT,39.0,0,0.22319137169518627,True
2022,17,BOT,40.0,0,0.18397244584355202,True
2022,17,BOT,41.0,0,0.20213594347493985,True
2022,17,BOT,42.0,0,0.1987824992193487,True
2022,17,BOT,43.0,0,0.21187564547644072,True
2022,17,BOT,44.0,0,0.21308137200069246,True
2022,17,BOT,45.0,0,0.22434105196604764,True
2022,17,BOT,46.0,0,0.23433308685294452,True
2022,17,BOT,47.0,0,0.23202742748710806,True
2022,17,BOT,48.0,0,0.22179673189178492,True
2022,17,BOT,49.0,0,0.2242521283695579,True
2022,17,BOT,50.0,0,0.2321507324567551,True
2022,17,BOT,51.0,0,0.22470791385321606,True
2022,17,BOT,52.0,0,0.2156679552184476,True
2022,17,BOT,53.0,0,0.22564368820136926,True
2022,17,BOT,54.0,0,0.2238284308727212,True
2022,17,BOT,55.0,0,0.2314940807676798,True
2022,17,BOT,56.0,0,0.2306655842644842,True
2022,17,GAS,1.0,0,0.2622698820270683,True
2022,17,GAS,2.0,0,0.20529431560436437,True
2022,17,GAS,3.0,0,0.1974608105152481,True
2022,17,GAS,4.0,1,0.20714597855459446,True
2022,17,GAS,5.0,1,0.203959459335136,True
2022,17,GAS,6.0,1,0.1874155756101615,True
2022,17,GAS,7.0,1,0.15905338539805233,True
2022,17,GAS,8.0,1,0.23422049087492275,True
2022,17,GAS,9.0,1,0.2125311480221347,True
2022,17,GAS,10.0,0,0.2224700639873844,True
2022,17,GAS,11.0,0,0.23166212783744972,True
2022,17,GAS,12.0,0,0.1890000916199707,True
2022,17,GAS,13.0,0,0.18409414526556814,True
2022,17,GAS,14.0,0,0.1877486407594175,True
2022,17,GAS,15.0,0,0.19440039321704586,True
2022,17,GAS,16.0,0,0.17647617885888933,True
2022,17,GAS,17.0,0,0.20472024126639807,True
2022,17,GAS,18.0,1,0.19722034253268267,True
2022,17,GAS,19.0,1,0.1933383200809033,True
2022,17,GAS,20.0,1,0.18480039876938284,True
2022,17,GAS,21.0,1,0.19635461475953792,True
2022,17,GAS,22.0,1,0.17199621332464507,True
2022,17,GAS,23.0,1,0.18170196897744773,True
2022,17,GAS,24.0,1,0.21453971329113714,True
2022,17,GAS,25.0,1,0.19816891189622954,True
2022,17,GAS,26.0,1,0.20352425504291163,True
2022,17,GAS,27.0,1,0.21272696633505425,True
2022,17,GAS,28.0,1,0.2031623116291515,True
2022,17,GAS,29.0,1,0.1946141667859214,True
2022,17,GAS,30.0,1,0.19912766919571315,True
2022,17,GAS,31.0,1,0.18249355904684675,True
2022,17,GAS,32.0,1,0.19012877410617574,True
2022,17,GAS,33.0,1,0.21449415614321424,True
2022,17,GAS,34.0,1,0.16908620346672135,True
2022,17,GAS,35.0,1,0.1979275324653847,True
2022,17,GAS,36.0,1,0.16303515773163352,True
2022,17,GAS,37.0,1,0.23709030877876872,True
2022,17,GAS,38.0,1,0.2293687851520297,True
2022,17,GAS,39.0,0,0.22860654239904074,True
2022,17,GAS,40.0,0,0.18954954691762751,True
2022,17,GAS,41.0,0,0.21011425885223525,True
2022,17,GAS,42.0,0,0.20411646275179743,True
2022,17,GAS,43.0,0,0.2175520721666353,True
2022,17,GAS,44.0,0,0.2145457689965548,True
2022,17,GAS,45.0,0,0.21751672225298996,True
2022,17,GAS,46.0,0,0.23137513363907258,True
2022,17,GAS,47.0,0,0.2283991216555478,True
2022,17,GAS,48.0,0,0.212446775934675,True
2022,17,GAS,49.0,0,0.21569703419687372,True
2022,17,GAS,50.0,0,0.22617365351797386,True
2022,17,GAS,51.0,0,0.21473090897710656,True
2022,17,GAS,52.0,0,0.20168864920252355,True
2022,17,GAS,53.0,0,0.21458571688241618,True
2022,17,GAS,54.0,0,0.21149842423967172,True
2022,17,GAS,55.0,0,0.22685137123999083,True
2022,17,GAS,56.0,0,0.22540317194655562,True
2022,17,HAM,1.0,0,0.26704926782417926,True
2022,17,HAM,2.0,0,0.20118744003912187,True
2022,17,HAM,3.0,0,0.19557165460470302,True
2022,17,HAM,4.0,1,0.20950498531603964,True
2022,17,HAM,5.0,1,0.2114663678552426,True
2022,17,HAM,6.0,1,0.2004027089042583,True
2022,17,HAM,7.0,1,0.16786028922275809,True
2022,17,HAM,8.0,1,0.237113975312322,True
2022,17,HAM,9.0,1,0.21133260717505822,True
2022,17,HAM,10.0,0,0.22132531408053757,True
2022,17,HAM,11.0,0,0.23534645903744597,True
2022,17,HAM,12.0,0,0.1986380380663163,True
2022,17,HAM,13.0,0,0.19642713242108475,True
2022,17,HAM,14.0,0,0.19048956709064643,True
2022,17,HAM,15.0,0,0.20561398570384756,True
2022,17,HAM,16.0,0,0.1756689404830861,True
2022,17,HAM,17.0,0,0.2066612013300358,True
2022,17,HAM,18.0,1,0.20639497756249234,True
2022,17,HAM,19.0,1,0.198610990152154,True
2022,17,HAM,20.0,1,0.18921406243127034,True
2022,17,HAM,21.0,1,0.21292235075112714,True
2022,17,HAM,22.0,1,0.1736598888197679,True
2022,17,HAM,23.0,1,0.18180112592304928,True
2022,17,HAM,24.0,1,0.21485807104387228,True
2022,17,HAM,25.0,1,0.19865183412715162,True
2022,17,HAM,26.0,1,0.1937097561609299,True
2022,17,HAM,27.0,1,0.20271139628737994,True
2022,17,HAM,28.0,1,0.19039888967006896,True
2022,17,HAM,29.0,1,0.1944854434267273,True
2022,17,HAM,30.0,1,0.19747143902508918,True
2022,17,HAM,31.0,1,0.1840542592388533,True
2022,17,HAM,32.0,1,0.19213554833877677,True
2022,17,HAM,33.0,1,0.2152433761775324,True
2022,17,HAM,34.0,1,0.17340047997414137,True
2022,17,HAM,35.0,1,0.1891564153114918,True
2022,17,HAM,36.0,1,0.16230515562260395,True
2022,17,HAM,37.0,1,0.23709030877876872,True
2022,17,HAM,38.0,1,0.2293687851520297,True
2022,17,HAM,39.0,0,0.22235857614746743,True
2022,17,HAM,40.0,0,0.1887860685934388,True
2022,17,HAM,41.0,0,0.21220900571644807,True
2022,17,HAM,42.0,0,0.2040828651656398,True
2022,17,HAM,43.0,0,0.21857325696749239,True
2022,17,HAM,44.0,0,0.21659089036548154,True
2022,17,HAM,45.0,0,0.2253310812381489,True
2022,17,HAM,46.0,0,0.23092262455921042,True
2022,17,HAM,47.0,0,0.2279822311485901,True
2022,17,HAM,48.0,0,0.2121866071939354,True
2022,17,HAM,49.0,0,0.2121918105421651,True
2022,17,HAM,50.0,0,0.22335253690803195,True
2022,17,HAM,51.0,0,0.21142680143979864,True
2022,17,HAM,52.0,0,0.2021853589447542,True
2022,17,HAM,53.0,0,0.2147018082860365,True
2022,17,HAM,54.0,0,0.2105086380346224,True
2022,17,HAM,55.0,0,0.2269379725978828,True
2022,17,HAM,56.0,0,0.22500064114548154,True
2022,17,LAT,1.0,0,0.26855437451474995,True
2022,17,LAT,2.0,0,0.19516236915782112,True
2022,17,LAT,3.0,0,0.18673819512661108,True
2022,17,LAT,4.0,1,0.20226223158152018,True
2022,17,LEC,1.0,0,0.2638567489999801,True
2022,17,LEC,2.0,0,0.20444791198874404,True
2022,17,LEC,3.0,0,0.19557165460470302,True
2022,17,LEC,4.0,1,0.20967221218354926,True
2022,17,LEC,5.0,1,0.2102865345887926,True
2022,17,LEC,6.0,1,0.1994578567401311,True
2022,17,LEC,7.0,1,0.16583476241900774,True
2022,17,LEC,8.0,1,0.23990354598557082,True
2022,17,LEC,9.0,1,0.21133260717505822,True
2022,17,LEC,10.0,0,0.22132531408053757,True
2022,17,LEC,11.0,0,0.23587939266769334,True
2022,17,LEC,12.0,0,0.19670968905991618,True
2022,17,LEC,13.0,0,0.19431663078384345,True
2022,17,LEC,14.0,0,0.19001518996912084,True
2022,17,LEC,15.0,0,0.20561398570384756,True
2022,17,LEC,16.0,0,0.17671128345157303,True
2022,17,LEC,17.0,0,0.20672249616981359,True
2022,17,LEC,18.0,1,0.20724390030677126,True
2022,17,LEC,19.0,1,0.19967164691332812,True
2022,17,LEC,20.0,1,0.1902720116889817,True
2022,17,LEC,21.0,1,0.19789128186444996,True
2022,17,LEC,22.0,1,0.1736598888197679,True
2022,17,LEC,23.0,1,0.1762000552602048,True
2022,17,LEC,24.0,1,0.21657779218679485,True
2022,17,LEC,25.0,1,0.1992075321823754,True
2022,17,LEC,26.0,1,0.1892909367399348,True
2022,17,LEC,27.0,1,0.20398651412336388,True
2022,17,LEC,28.0,1,0.19397213597250013,True
2022,17,LEC,29.0,1,0.1944854434267273,True
2022,17,LEC,30.0,1,0.19747143902508918,True
2022,17,LEC,31.0,1,0.18546834935153567,True
2022,17,LEC,32.0,1,0.1936261016668186,True
2022,17,LEC,33.0,1,0.19328262046222452,True
2022,17,LEC,34.0,1,0.17340047997414137,True
2022,17,LEC,35.0,1,0.1542472138132227,True
2022,17,LEC,36.0,1,0.1679919012637798,True
2022,17,LEC,37.0,1,0.23709030877876872,True
2022,17,LEC,38.0,1,0.2293687851520297,True
2022,17,LEC,39.0,0,0.22145313464646108,True
2022,17,LEC,40.0,0,0.18985512045091674,True
2022,17,LEC,41.0,0,0.2147489410764174,True
2022,17,LEC,42.0,0,0.2074424945544159,True
2022,17,LEC,43.0,0,0.22007544642659232,True
2022,17,LEC,44.0,0,0.21864978974530183,True
2022,17,LEC,45.0,0,0.2243714157672859,True
2022,17,LEC,46.0,0,0.2316679172879334,True
2022,17,LEC,47.0,0,0.22820562059743196,True
2022,17,LEC,48.0,0,0.21445247776175513,True
2022,17,LEC,49.0,0,0.21346499489986734,True
2022,17,LEC,50.0,0,0.22329390889202597,True
2022,17,LEC,51.0,0,0.21216178550177003,True
2022,17,LEC,52.0,0,0.19876035068133852,True
2022,17,LEC,53.0,0,0.2137294518794363,True
2022,17,LEC,54.0,0,0.21045752089610475,True
2022,17,LEC,55.0,0,0.22718202955691832,True
2022,17,LEC,56.0,0,0.225758257742059,True
2022,17,MAG,1.0,0,0.26238152769765183,True
2022,17,MAG,2.0,0,0.19516236915782112,True
2022,17,MAG,3.0,0,0.18312721082136488,True
2022,17,MAG,4.0,1,0.20015135563357705,True
2022,17,MAG,5.0,1,0.20380927584875294,True
2022,17,MAG,6.0,1,0.18642677228234875,True
2022,17,MAG,7.0,1,0.16014777012164294,True
2022,17,MAG,8.0,1,0.22383313993065118,True
2022,17,MAG,9.0,1,0.20706430510041277,True
2022,17,MAG,10.0,0,0.23203616693121498,True
2022,17,MAG,11.0,0,0.23560536126860493,True
2022,17,MAG,12.0,0,0.1906425316841473,True
2022,17,MAG,13.0,0,0.19269164119089388,True
2022,17,MAG,14.0,0,0.18697723418659112,True
2022,17,MAG,15.0,0,0.19571141523975832,True
2022,17,MAG,16.0,0,0.1649633009346472,True
2022,17,MAG,17.0,0,0.1905669886870432,True
2022,17,MAG,18.0,1,0.19488908509393457,True
2022,17,MAG,19.0,1,0.18535351404072647,True
2022,17,MAG,20.0,1,0.18325414116217123,True
2022,17,MAG,21.0,1,0.19517234235391304,True
2022,17,MAG,22.0,1,0.1726073589083661,True
2022,17,MAG,23.0,1,0.18400843226283212,True
2022,17,MAG,24.0,1,0.2119666212991187,True
2022,17,MAG,25.0,1,0.19862450457099334,True
2022,17,MAG,26.0,1,0.19667262613739997,True
2022,17,MAG,27.0,1,0.2152735512990415,True
2022,17,MAG,28.0,1,0.20128944612979524,True
2022,17,MAG,29.0,1,0.19439465819290797,True
2022,17,MAG,30.0,1,0.18048915766643994,True
2022,17,MAG,31.0,1,0.18115921486053627,True
2022,17,MAG,32.0,1,0.18509661225565882,True
2022,17,MAG,33.0,1,0.19964785218438766,True
2022,17,MAG,34.0,1,0.1619511659215521,True
2022,17,MAG,35.0,1,0.19130069265417887,True
2022,17,MAG,36.0,1,0.16303515773163352,True
2022,17,MAG,37.0,1,0.2371292555949691,True
2022,17,MAG,38.0,1,0.2293687851520297,True
2022,17,MAG,39.0,0,0.233132921170438,True
2022,17,MAG,40.0,0,0.19041975348458137,True
2022,17,MAG,41.0,0,0.21631975303064452,True
2022,17,MAG,42.0,0,0.20894997497514584,True
2022,17,MAG,43.0,0,0.21971991698488727,True
2022,17,MAG,44.0,0,0.21605743409070563,True
2022,17,MAG,45.0,0,0.2153056695127495,True
2022,17,MAG,46.0,0,0.23176873675148224,True
2022,17,MAG,47.0,0,0.22874018866081314,True
2022,17,MAG,48.0,0,0.21335175446609456,True
2022,17,MAG,49.0,0,0.2121394294283559,True
2022,17,MAG,50.0,0,0.22637862985064955,True
2022,17,MAG,51.0,0,0.21450384073700413,True
2022,17,MAG,52.0,0,0.20577787132364417,True
2022,17,MAG,53.0,0,0.21668374017321143,True
2022,17,MAG,54.0,0,0.21426526508967841,True
2022,17,MAG,55.0,0,0.22793734391484305,True
2022,17,MAG,56.0,0,0.22668645224174622,True
2022,17,MSC,1.0,0,0.26855437451474995,True
2022,17,MSC,2.0,0,0.19516236915782112,True
2022,17,MSC,3.0,0,0.18312721082136488,True
2022,17,MSC,4.0,1,0.19963705504572457,True
2022,17,MSC,5.0,1,0.20497673753985707,True
2022,17,MSC,6.0,1,0.18642677228234875,True
2022,17,MSC,7.0,1,0.15915406936681079,True
2022,17,MSC,8.0,1,0.22362676581406368,True
2022,17,MSC,9.0,1,0.21133260717505822,True
2022,17,MSC,10.0,0,0.22132531408053757,True
2022,17,MSC,11.0,0,0.23115192326674666,True
2022,17,MSC,12.0,0,0.19268813697893816,True
2022,17,MSC,13.0,0,0.19321277236948559,True
2022,17,MSC,14.0,0,0.18465189749684155,True
2022,17,MSC,15.0,0,0.19414703530060862,True
2022,17,MSC,16.0,0,0.1653423258990219,True
2022,17,MSC,17.0,0,0.19360129263955325,True
2022,17,MSC,18.0,1,0.19365295974599994,True
2022,17,MSC,19.0,1,0.1861758933877911,True
2022,17,MSC,20.0,1,0.18571842611594117,True
2022,17,MSC,21.0,1,0.19379558154293783,True
2022,17,MSC,22.0,1,0.17259099248479087,True
2022,17,MSC,23.0,1,0.18277058792998327,True
2022,17,MSC,24.0,1,0.2152406405182405,True
2022,17,MSC,25.0,1,0.1954954835310722,True
2022,17,MSC,26.0,1,0.20147222479627974,True
2022,17,MSC,27.0,1,0.2128476360654868,True
2022,17,MSC,28.0,1,0.20079281708862418,True
2022,17,MSC,29.0,1,0.19445865187221137,True
2022,17,MSC,30.0,1,0.18138003198670286,True
2022,17,MSC,31.0,1,0.1835169623661943,True
2022,17,MSC,32.0,1,0.18257874804691762,True
2022,17,MSC,33.0,1,0.2184595472697149,True
2022,17,MSC,34.0,1,0.1733597814406659,True
2022,17,MSC,35.0,1,0.18921066703535455,True
2022,17,MSC,36.0,1,0.16230515562260395,True
2022,17,MSC,37.0,1,0.23562505694272717,True
2022,17,MSC,38.0,1,0.2293687851520297,True
2022,17,MSC,39.0,0,0.22218987254599937,True
2022,17,MSC,40.0,0,0.18921925644883658,True
2022,17,MSC,41.0,0,0.2096186422194724,True
2022,17,MSC,42.0,0,0.19346095225148646,True
2022,17,MSC,43.0,0,0.21379251421473716,True
2022,17,MSC,44.0,0,0.21031332215956322,True
2022,17,MSC,45.0,0,0.2249973711422911,True
2022,17,MSC,46.0,0,0.23589074459949275,True
2022,17,MSC,47.0,0,0.23155571859138244,True
2022,17,MSC,48.0,0,0.22091778228792308,True
2022,17,MSC,49.0,0,0.22401616951621794,True
2022,17,MSC,50.0,0,0.2306627956617023,True
2022,17,MSC,51.0,0,0.2226944153424361,True
2022,17,MSC,52.0,0,0.21403677895652679,True
2022,17,MSC,53.0,0,0.2254697774201159,True
2022,17,MSC,54.0,0,0.22499078854719207,True
2022,17,MSC,55.0,0,0.23168839457549092,True
2022,17,NOR,1.0,0,0.26364693873777656,True
2022,17,NOR,2.0,0,0.2020404429927666,True
2022,17,NOR,3.0,0,0.1982158528920996,True
2022,17,NOR,4.0,1,0.20942601938023458,True
2022,17,NOR,5.0,1,0.21137211076366888,True
2022,17,NOR,6.0,1,0.20031889726615307,True
2022,17,NOR,7.0,1,0.16573150253751226,True
2022,17,NOR,8.0,1,0.22967726020400833,True
2022,17,NOR,9.0,1,0.21154991781838914,True
2022,17,NOR,10.0,0,0.221358116034912,True
2022,17,NOR,11.0,0,0.23057014431514009,True
2022,17,NOR,12.0,0,0.19722173232983148,True
2022,17,NOR,13.0,0,0.19633468251546654,True
2022,17,NOR,14.0,0,0.1904452859364782,True
2022,17,NOR,15.0,0,0.20335474892302696,True
2022,17,NOR,16.0,0,0.17399795667872775,True
2022,17,NOR,17.0,0,0.20608736879354167,True
2022,17,NOR,18.0,1,0.2046093556824829,True
2022,17,NOR,19.0,1,0.19185406512798173,True
2022,17,NOR,20.0,1,0.18407590541490754,True
2022,17,NOR,21.0,1,0.21178381089892442,True
2022,17,NOR,22.0,1,0.17163540454227671,True
2022,17,NOR,23.0,1,0.1843213563676332,True
2022,17,NOR,24.0,1,0.21467594515583874,True
2022,17,NOR,25.0,1,0.19823866316812835,True
2022,17,NOR,26.0,1,0.2034841566528979,True
2022,17,NOR,27.0,1,0.22353743994425274,True
2022,17,NOR,28.0,1,0.1950739489749521,True
2022,17,NOR,29.0,1,0.1946116955361399,True
2022,17,NOR,30.0,1,0.19571688410575236,True
2022,17,NOR,31.0,1,0.18237868130047197,True
2022,17,NOR,32.0,1,0.19007179033073285,True
2022,17,NOR,33.0,1,0.2164259550119083,True
2022,17,NOR,34.0,1,0.16489073763643597,True
2022,17,NOR,35.0,1,0.160745302275612,True
2022,17,NOR,36.0,1,0.17171893356438858,True
2022,17,NOR,37.0,1,0.2342497885562791,True
2022,17,NOR,38.0,1,0.2281230500886072,True
2022,17,NOR,39.0,0,0.22206050700230895,True
2022,17,NOR,40.0,0,0.18044587710720478,True
2022,17,NOR,41.0,0,0.21250649885605943,True
2022,17,NOR,42.0,0,0.2092198885533511,True
2022,17,NOR,43.0,0,0.2186249592625411,True
2022,17,NOR,44.0,0,0.21807418007828638,True
2022,17,NOR,45.0,0,0.22575767689000714,True
2022,17,NOR,46.0,0,0.23489034097135214,True
2022,17,NOR,47.0,0,0.23252050552892417,True
2022,17,NOR,48.0,0,0.21192890866910324,True
2022,17,NOR,49.0,0,0.21323782764232813,True
2022,17,NOR,50.0,0,0.22442100104240342,True
2022,17,NOR,51.0,0,0.21270899174721794,True
2022,17,NOR,52.0,0,0.20127059341725695,True
2022,17,NOR,53.0,0,0.21490126482947525,True
2022,17,NOR,54.0,0,0.2115220786188329,True
2022,17,NOR,55.0,0,0.22693559809601024,True
2022,17,NOR,56.0,0,0.2256846217877667,True
2022,17,OCO,1.0,0,0.26855437451474995,True
2022,17,OCO,2.0,0,0.19516236915782112,True
2022,17,OCO,3.0,0,0.186188737338901,True
2022,17,OCO,4.0,1,0.1996339313969906,True
2022,17,OCO,5.0,1,0.20497673753985707,True
2022,17,OCO,6.0,1,0.18642677228234875,True
2022,17,OCO,7.0,1,0.15915406936681079,True
2022,17,OCO,8.0,1,0.22252909775155544,True
2022,17,OCO,9.0,1,0.21133260717505822,True
2022,17,OCO,10.0,0,0.22132531408053757,True
2022,17,OCO,11.0,0,0.23185329809152658,True
2022,17,OCO,12.0,0,0.19202865528927002,True
2022,17,OCO,13.0,0,0.1924938618669259,True
2022,17,OCO,14.0,0,0.18533962369926962,True
2022,17,OCO,15.0,0,0.19400896771165088,True
2022,17,OCO,16.0,0,0.1653423258990219,True
2022,17,OCO,17.0,0,0.19374761805428792,True
2022,17,OCO,18.0,1,0.19554931089907152,True
2022,17,OCO,19.0,1,0.1861758933877911,True
2022,17,OCO,20.0,1,0.18402047000329227,True
2022,17,OCO,21.0,1,0.19466698856475406,True
2022,17,OCO,22.0,1,0.17254987329263102,True
2022,17,OCO,23.0,1,0.18173848824833572,True
2022,17,OCO,24.0,1,0.21053353098827796,True
2022,17,PER,1.0,0,0.2638567489999801,True
2022,17,PER,2.0,0,0.2051351544667967,True
2022,17,PER,3.0,0,0.19557165460470302,True
2022,17,PER,4.0,1,0.20967221218354926,True
2022,17,PER,5.0,1,0.2102865345887926,True
2022,17,PER,6.0,1,0.19966001754908996,True
2022,17,PER,7.0,1,0.16786028922275809,True
2022,17,PER,8.0,1,0.2369184897637216,True
2022,17,PER,9.0,1,0.21133260717505822,True
2022,17,PER,10.0,0,0.22132531408053757,True
2022,17,PER,11.0,0,0.23461281849145776,True
2022,17,PER,12.0,0,0.19670968905991618,True
2022,17,PER,13.0,0,0.19371783449540395,True
2022,17,PER,14.0,0,0.1901204609068151,True
2022,17,PER,15.0,0,0.20513401120592678,True
2022,17,PER,16.0,0,0.17671128345157303,True
2022,17,PER,17.0,0,0.20698722345439377,True
2022,17,PER,18.0,1,0.20724390030677126,True
2022,17,PER,19.0,1,0.19967164691332812,True
2022,17,PER,20.0,1,0.19347372299289453,True
2022,17,PER,21.0,1,0.19789128186444996,True
2022,17,PER,22.0,1,0.1736598888197679,True
2022,17,PER,23.0,1,0.1762000552602048,True
2022,17,PER,24.0,1,0.21657779218679485,True
2022,17,PER,25.0,1,0.21674347891642892,True
2022,17,PER,26.0,1,0.1892909367399348,True
2022,17,PER,27.0,1,0.20398651412336388,True
2022,17,PER,28.0,1,0.19397213597250013,True
2022,17,PER,29.0,1,0.1944854434267273,True
2022,17,PER,30.0,1,0.19747143902508918,True
2022,17,PER,31.0,1,0.1854206504343821,True
2022,17,PER,32.0,1,0.19210090065484908,True
2022,17,PER,33.0,1,0.2059331568873764,True
2022,17,PER,34.0,1,0.16091958541651738,True
2022,17,PER,35.0,1,0.1625247707103203,True
2022,17,PER,36.0,1,0.16230515562260395,True
2022,17,PER,37.0,1,0.23491320364687263,True
2022,17,PER,38.0,1,0.22857769794388014,True
2022,17,PER,39.0,0,0.22145313464646108,True
2022,17,PER,40.0,0,0.1820118062554219,True
2022,17,PER,41.0,0,0.21809957070872144,True
2022,17,PER,42.0,0,0.20770907397335056,True
2022,17,PER,43.0,0,0.21925533377423786,True
2022,17,PER,44.0,0,0.21950685418216148,True
2022,17,PER,45.0,0,0.22545881399971207,True
2022,17,PER,46.0,0,0.23418681505531574,True
2022,17,PER,47.0,0,0.22828079632289328,True
2022,17,PER,48.0,0,0.2139519622389885,True
2022,17,PER,49.0,0,0.21346499489986734,True
2022,17,PER,50.0,0,0.2235660653614587,True
2022,17,PER,51.0,0,0.21207296662958494,True
2022,17,PER,52.0,0,0.18887759212255886,True
2022,17,PER,53.0,0,0.21368673835108246,True
2022,17,PER,54.0,0,0.21045752089610475,True
2022,17,PER,55.0,0,0.2271099316629714,True
2022,17,PER,56.0,0,0.22461210627926928,True
2022,17,RIC,1.0,0,0.26712723501394775,True
2022,17,RIC,2.0,0,0.19516236915782112,True
2022,17,RIC,3.0,0,0.18312721082136488,True
2022,17,RIC,4.0,1,0.19963705504572457,True
2022,17,RIC,5.0,1,0.20497673753985707,True
2022,17,RIC,6.0,1,0.18642677228234875,True
2022,17,RIC,7.0,1,0.15937207255757171,True
2022,17,RIC,8.0,1,0.22347743476930634,True
2022,17,RIC,9.0,1,0.21133260717505822,True
2022,17,RIC,10.0,0,0.22132531408053757,True
2022,17,RIC,11.0,0,0.23184636734991643,True
2022,17,RIC,12.0,0,0.19268813697893816,True
2022,17,RIC,13.0,0,0.19321277236948559,True
2022,17,RIC,14.0,0,0.18533962369926962,True
2022,17,RIC,15.0,0,0.19400896771165088,True
2022,17,RIC,16.0,0,0.1665678008874809,True
2022,17,RIC,17.0,0,0.19374761805428792,True
2022,17,RIC,18.0,1,0.19601631142927817,True
2022,17,RIC,19.0,1,0.18909814313178186,True
2022,17,RIC,20.0,1,0.18850715711548605,True
2022,17,RIC,21.0,1,0.19370697256004493,True
2022,17,RIC,22.0,1,0.17122325864936744,True
2022,17,RIC,23.0,1,0.1831111328057439,True
2022,17,RIC,24.0,1,0.21268052085636655,True
2022,17,RIC,25.0,1,0.1957656835868836,True
2022,17,RIC,26.0,1,0.20155676901405592,True
2022,17,RIC,27.0,1,0.21281219475179108,True
2022,17,RIC,28.0,1,0.19943843516171805,True
2022,17,RIC,29.0,1,0.19445865187221137,True
2022,17,RIC,30.0,1,0.1803438519350596,True
2022,17,RIC,31.0,1,0.18192616837377265,True
2022,17,RIC,32.0,1,0.17972390514062578,True
2022,17,RIC,33.0,1,0.21882803110114404,True
2022,17,RIC,34.0,1,0.16567731084269965,True
2022,17,RIC,35.0,1,0.18274492725268826,True
2022,17,RIC,36.0,1,0.16728907624991124,True
2022,17,RIC,37.0,1,0.24435199127118806,True
2022,17,RIC,38.0,1,0.23251239730879733,True
2022,17,RIC,39.0,0,0.22450634434841135,True
2022,17,RIC,40.0,0,0.1857940282534218,True
2022,17,RIC,41.0,0,0.20461651513576268,True
2022,17,RIC,42.0,0,0.20063479843421517,True
2022,17,RIC,43.0,0,0.21060153325639902,True
2022,17,RIC,44.0,0,0.21272688013955104,True
2022,17,RIC,45.0,0,0.22431997593055447,True
2022,17,RIC,46.0,0,0.23477605196901807,True
2022,17,RIC,47.0,0,0.2320056852627686,True
2022,17,RIC,48.0,0,0.22182929425349868,True
2022,17,RIC,49.0,0,0.2237120478182099,True
2022,17,RIC,50.0,0,0.23053011217294253,True
2022,17,RIC,51.0,0,0.22373758943282573,True
2022,17,RIC,52.0,0,0.21449143591928643,True
2022,17,RIC,53.0,0,0.2246924992075987,True
2022,17,RIC,54.0,0,0.22263953833743783,True
2022,17,RIC,55.0,0,0.23093823954167908,True
2022,17,RIC,56.0,0,0.22965258288388254,True
2022,17,RUS,1.0,0,0.26855437451474995,True
2022,17,RUS,2.0,0,0.19516236915782112,True
2022,17,RUS,3.0,0,0.18673819512661108,True
2022,17,RUS,4.0,1,0.19963705504572457,True
2022,17,RUS,5.0,1,0.2098544083486832,True
2022,17,RUS,6.0,1,0.18644665264504656,True
2022,17,RUS,7.0,1,0.16014777012164294,True
2022,17,RUS,8.0,1,0.22362676581406368,True
2022,17,RUS,9.0,1,0.21133260717505822,True
2022,17,RUS,10.0,0,0.22258767986127456,True
2022,17,RUS,11.0,0,0.23185329809152658,True
2022,17,RUS,12.0,0,0.18923530708061836,True
2022,17,RUS,13.0,0,0.1924938618669259,True
2022,17,RUS,14.0,0,0.18667710769290974,True
2022,17,RUS,15.0,0,0.19593879150587618,True
2022,17,RUS,16.0,0,0.163539250641201,True
2022,17,RUS,17.0,0,0.19049769772120068,True
2022,17,RUS,18.0,1,0.19365295974599994,True
2022,17,RUS,19.0,1,0.1861758933877911,True
2022,17,RUS,20.0,1,0.18514417044073506,True
2022,17,RUS,21.0,1,0.19466698856475406,True
2022,17,RUS,22.0,1,0.17411712528566384,True
2022,17,RUS,23.0,1,0.17451269959995994,True
2022,17,RUS,24.0,1,0.19231080605012987,True
2022,17,RUS,25.0,1,0.17782219880944944,True
2022,17,RUS,26.0,1,0.18756619848375036,True
2022,17,RUS,27.0,1,0.20226282049702834,True
2022,17,RUS,28.0,1,0.22457506653091203,True
2022,17,RUS,29.0,1,0.20087366430245385,True
2022,17,RUS,30.0,1,0.1811438269639023,True
2022,17,RUS,31.0,1,0.17820679263909583,True
2022,17,RUS,32.0,1,0.17812707202087066,True
2022,17,RUS,33.0,1,0.17216368845580635,True
2022,17,RUS,34.0,1,0.16246061678976215,True
2022,17,RUS,35.0,1,0.19226101518787236,True
2022,17,RUS,36.0,1,0.16230515562260395,True
2022,17,RUS,37.0,1,0.23628105784726822,True
2022,17,RUS,38.0,1,0.22779511526594792,True
2022,17,RUS,39.0,0,0.22505544869073538,True
2022,17,RUS,40.0,0,0.1788716390576605,True
2022,17,RUS,41.0,0,0.21288786063028625,True
2022,17,RUS,42.0,0,0.19149487571759044,True
2022,17,RUS,43.0,0,0.2040541631159262,True
2022,17,RUS,44.0,0,0.21235365824159352,True
2022,17,RUS,45.0,0,0.22299941291080289,True
2022,17,RUS,46.0,0,0.2350687806328707,True
2022,17,RUS,47.0,0,0.23229932639185674,True
2022,17,RUS,48.0,0,0.2232064572509042,True
2022,17,RUS,49.0,0,0.2240705201543825,True
2022,17,RUS,50.0,0,0.23126671550120825,True
2022,17,RUS,51.0,0,0.22311170135960384,True
2022,17,RUS,52.0,0,0.215724640455874,True
2022,17,RUS,53.0,0,0.2258802520737905,True
2022,17,RUS,54.0,0,0.22322328251476292,True
2022,17,SAI,1.0,0,0.26704926782417926,True
2022,17,SAI,2.0,0,0.20084561601757328,True
2022,17,SAI,3.0,0,0.19548348125972828,True
2022,17,SAI,4.0,1,0.20950498531603964,True
2022,17,SAI,5.0,1,0.2114663678552426,True
2022,17,SAI,6.0,1,0.1994578567401311,True
2022,17,SAI,7.0,1,0.16786028922275809,True
2022,17,SAI,8.0,1,0.237113975312322,True
2022,17,SAI,9.0,1,0.21133260717505822,True
2022,17,SAI,10.0,0,0.22132531408053757,True
2022,17,SAI,11.0,0,0.2368958265357321,True
2022,17,SAI,12.0,0,0.1986380380663163,True
2022,17,SAI,13.0,0,0.19642713242108475,True
2022,17,SAI,14.0,0,0.19048956709064643,True
2022,17,SAI,15.0,0,0.20561398570384756,True
2022,17,SAI,16.0,0,0.1756689404830861,True
2022,17,SAI,17.0,0,0.2066612013300358,True
2022,17,SAI,18.0,1,0.20639497756249234,True
2022,17,SAI,19.0,1,0.1983302501973092,True
2022,17,SAI,20.0,1,0.18716935689561964,True
2022,17,SAI,21.0,1,0.21292235075112714,True
2022,17,SAI,22.0,1,0.1736598888197679,True
2022,17,SAI,23.0,1,0.18080759393285364,True
2022,17,SAI,24.0,1,0.21485807104387228,True
2022,17,SAI,25.0,1,0.19865183412715162,True
2022,17,SAI,26.0,1,0.19187836127385435,True
2022,17,SAI,27.0,1,0.20271139628737994,True
2022,17,SAI,28.0,1,0.19039888967006896,True
2022,17,SAI,29.0,1,0.1944854434267273,True
2022,17,SAI,30.0,1,0.19747143902508918,True
2022,17,SAI,31.0,1,0.1854206504343821,True
2022,17,SAI,32.0,1,0.19199417680678735,True
2022,17,SAI,33.0,1,0.21444512104094185,True
2022,17,SAI,34.0,1,0.16540846857157493,True
2022,17,SAI,35.0,1,0.16547267077307226,True
2022,17,SAI,36.0,1,0.16230515562260395,True
2022,17,SAI,37.0,1,0.23491320364687263,True
2022,17,SAI,38.0,1,0.22857769794388014,True
2022,17,SAI,39.0,0,0.22145313464646108,True
2022,17,SAI,40.0,0,0.18263231875543673,True
2022,17,SAI,41.0,0,0.22004006790238093,True
2022,17,SAI,42.0,0,0.20914949074516992,True
2022,17,SAI,43.0,0,0.21811321732607308,True
2022,17,SAI,44.0,0,0.21968819345695284,True
2022,17,SAI,45.0,0,0.2253558800323979,True
2022,17,SAI,46.0,0,0.23420375533700427,True
2022,17,SAI,47.0,0,0.22828079632289328,True
2022,17,SAI,48.0,0,0.2140637399557475,True
2022,17,SAI,49.0,0,0.21361671115775832,True
2022,17,SAI,50.0,0,0.22388836133747403,True
2022,17,SAI,51.0,0,0.21207296662958494,True
2022,17,SAI,52.0,0,0.19876035068133852,True
2022,17,SAI,53.0,0,0.2137954360954853,True
2022,17,SAI,54.0,0,0.21128496384157497,True
2022,17,SAI,55.0,0,0.22713006981446146,True
2022,17,SAI,56.0,0,0.225758257742059,True
2022,17,STR,1.0,0,0.26257108582020844,True
2022,17,STR,2.0,0,0.19516236915782112,True
2022,17,STR,3.0,0,0.18313807931667733,True
2022,17,STR,4.0,1,0.1996529794491062,True
2022,17,STR,5.0,1,0.2036135198465785,True
2022,17,STR,6.0,1,0.18622679194612293,True
2022,17,STR,7.0,1,0.16138022512460007,True
2022,17,STR,8.0,1,0.2160040588477493,True
2022,17,STR,9.0,1,0.21133260717505822,True
2022,17,STR,10.0,0,0.22132531408053757,True
2022,17,STR,11.0,0,0.23221727135314496,True
2022,17,STR,12.0,0,0.19342348340374477,True
2022,17,STR,13.0,0,0.19270756135141148,True
2022,17,STR,14.0,0,0.18477894836296072,True
2022,17,STR,15.0,0,0.1935453143743807,True
2022,17,STR,16.0,0,0.16731525349711454,True
2022,17,STR,17.0,0,0.19062089054374523,True
2022,17,STR,18.0,1,0.19424915551432134,True
2022,17,STR,19.0,1,0.19164013920283665,True
2022,17,STR,20.0,1,0.18578283402327417,True
2022,17,STR,21.0,1,0.1934056198568011,True
2022,17,STR,22.0,1,0.17076066582321195,True
2022,17,STR,23.0,1,0.1856185038712912,True
2022,17,STR,24.0,1,0.21466888442917104,True
2022,17,STR,25.0,1,0.19887394147813012,True
2022,17,STR,26.0,1,0.20380176263768984,True
2022,17,STR,27.0,1,0.21312848611712024,True
2022,17,STR,28.0,1,0.19712198798660968,True
2022,17,STR,29.0,1,0.1946141667859214,True
2022,17,STR,30.0,1,0.2016393353444891,True
2022,17,STR,31.0,1,0.18100534448421501,True
2022,17,STR,32.0,1,0.19005340503922163,True
2022,17,STR,33.0,1,0.21263807969677453,True
2022,17,STR,34.0,1,0.169230720664748,True
2022,17,STR,35.0,1,0.16190400432913896,True
2022,17,STR,36.0,1,0.1628192816555331,True
2022,17,STR,37.0,1,0.23441596206546206,True
2022,17,STR,38.0,1,0.22844245115021247,True
2022,17,STR,39.0,0,0.2269354815763261,True
2022,17,STR,40.0,0,0.18064501537270136,True
2022,17,STR,41.0,0,0.21282780068967505,True
2022,17,STR,42.0,0,0.20722699293795213,True
2022,17,STR,43.0,0,0.21831283910217944,True
2022,17,STR,44.0,0,0.21684691102050602,True
2022,17,STR,45.0,0,0.22646714566588022,True
2022,17,STR,46.0,0,0.2344337229180351,True
2022,17,STR,47.0,0,0.22832226280325632,True
2022,17,STR,48.0,0,0.21213173771307017,True
2022,17,STR,49.0,0,0.2137234983262913,True
2022,17,STR,50.0,0,0.2255561364437108,True
2022,17,STR,51.0,0,0.21352684015932769,True
2022,17,STR,52.0,0,0.20227444906442785,True
2022,17,STR,53.0,0,0.21499416185397918,True
2022,17,STR,54.0,0,0.21171501398837872,True
2022,17,STR,55.0,0,0.22671693255376296,True
2022,17,STR,56.0,0,0.2251218139057861,True
2022,17,TSU,1.0,0,0.264788231539301,True
2022,17,TSU,2.0,0,0.20046253623629448,True
2022,17,TSU,3.0,0,0.18401301324218597,True
2022,17,TSU,4.0,1,0.1996765054777201,True
2022,17,TSU,5.0,1,0.20264387614631732,True
2022,17,TSU,6.0,1,0.18666266315549912,True
2022,17,TSU,7.0,1,0.1586569104515893,True
2022,17,TSU,8.0,1,0.22584171719941443,True
2022,17,TSU,9.0,1,0.2102593513301138,True
2022,17,TSU,10.0,0,0.21948556509272715,True
2022,17,TSU,11.0,0,0.2301938394353721,True
2022,17,TSU,12.0,0,0.18604077680741543,True
2022,17,TSU,13.0,0,0.18359391099986716,True
2022,17,TSU,14.0,0,0.18030086027354245,True
2022,17,TSU,15.0,0,0.19350971062040456,True
2022,17,TSU,16.0,0,0.16581920037167178,True
2022,17,TSU,17.0,0,0.19205858159643893,True
2022,17,TSU,18.0,1,0.19582165915261912,True
2022,17,TSU,19.0,1,0.19160463160126856,True
2022,17,TSU,20.0,1,0.18783261735911244,True
2022,17,TSU,21.0,1,0.19382561414088398,True
2022,17,TSU,22.0,1,0.17327309839786859,True
2022,17,TSU,23.0,1,0.18247434884553013,True
2022,17,TSU,24.0,1,0.21388639429940287,True
2022,17,TSU,25.0,1,0.19481328865626613,True
2022,17,TSU,26.0,1,0.2016538160711252,True
2022,17,TSU,27.0,1,0.2129109932032137,True
2022,17,TSU,28.0,1,0.20111253835291043,True
2022,17,TSU,29.0,1,0.19456878731877053,True
2022,17,TSU,30.0,1,0.17938364077846924,True
2022,17,TSU,31.0,1,0.18209539840333694,True
2022,17,TSU,32.0,1,0.18286050764229925,True
2022,17,VER,1.0,0,0.2669936165720475,True
2022,17,VER,2.0,0,0.20209605114165807,True
2022,17,VER,3.0,0,0.1982843115179924,True
2022,17,VER,4.0,1,0.2079496705171488,True
2022,17,VER,5.0,1,0.2098544083486832,True
2022,17,VER,6.0,1,0.1991278529638153,True
2022,17,VER,7.0,1,0.15927391733425333,True
2022,17,VER,8.0,1,0.22362676581406368,True
2022,17,VER,9.0,1,0.21133260717505822,True
2022,17,VER,10.0,0,0.22132531408053757,True
2022,17,VER,11.0,0,0.2368958265357321,True
2022,17,VER,12.0,0,0.19891911364870976,True
2022,17,VER,13.0,0,0.194061301099463,True
2022,17,VER,14.0,0,0.18828978803546584,True
2022,17,VER,15.0,0,0.20342380022578768,True
2022,17,VER,16.0,0,0.17407910913791685,True
2022,17,VER,17.0,0,0.20485527149965974,True
2022,17,VER,18.0,1,0.20477930908379688,True
2022,17,VER,19.0,1,0.19660525611654656,True
2022,17,VER,20.0,1,0.18716935689561964,True
2022,17,VER,21.0,1,0.21325131187957574,True
2022,17,VER,22.0,1,0.1736598888197679,True
2022,17,VER,23.0,1,0.18767846686629472,True
2022,17,VER,24.0,1,0.21592981695818558,True
2022,17,VER,25.0,1,0.19907199430952285,True
2022,17,VER,26.0,1,0.2033740998693167,True
2022,17,VER,27.0,1,0.22422374055229302,True
2022,17,VER,28.0,1,0.19015441027354538,True
2022,17,VER,29.0,1,0.1944854434267273,True
2022,17,VER,30.0,1,0.19581912543162353,True
2022,17,VER,31.0,1,0.1835492250372967,True
2022,17,VER,32.0,1,0.19158937013930927,True
2022,17,VER,33.0,1,0.21391683009324577,True
2022,17,VER,34.0,1,0.17185353866567418,True
2022,17,VER,35.0,1,0.16170577834057892,True
2022,17,VER,36.0,1,0.16230515562260395,True
2022,17,VER,37.0,1,0.23491320364687263,True
2022,17,VER,38.0,1,0.22857769794388014,True
2022,17,VER,39.0,0,0.22212223165844028,True
2022,17,VER,40.0,0,0.1800439680613818,True
2022,17,VER,41.0,0,0.20766328361855763,True
2022,17,VER,42.0,0,0.19865130567745343,True
2022,17,VER,43.0,0,0.20691747229498342,True
2022,17,VER,44.0,0,0.21315171481530348,True
2022,17,VER,45.0,0,0.2222969887827293,True
2022,17,VER,46.0,0,0.23514307362061682,True
2022,17,VER,47.0,0,0.23238007972570368,True
2022,17,VER,48.0,0,0.22273161560609506,True
2022,17,VER,49.0,0,0.22511271357930873,True
2022,17,VER,50.0,0,0.2312979180642091,True
2022,17,VER,51.0,0,0.2233808556562385,True
2022,17,VER,52.0,0,0.20566356054186846,True
2022,17,VER,53.0,0,0.22478448362863895,True
2022,17,VER,54.0,0,0.2237752381750458,True
2022,17,VER,55.0,0,0.23142510685136813,True
2022,17,VER,56.0,0,0.22943903205317553,True
2022,17,VET,1.0,0,0.27048263646141885,True
2022,17,VET,2.0,0,0.2049907835741897,True
2022,17,VET,3.0,0,0.19926159459482845,True
2022,17,VET,4.0,1,0.20930031704519983,True
2022,17,VET,5.0,1,0.20405476112656212,True
2022,17,VET,6.0,1,0.2005030217633644,True
2022,17,VET,7.0,1,0.1596972528068366,True
2022,17,VET,8.0,1,0.2281833877123764,True
2022,17,VET,9.0,1,0.2125311480221347,True
2022,17,VET,10.0,0,0.2224700639873844,True
2022,17,VET,11.0,0,0.23325061628336793,True
2022,17,VET,12.0,0,0.19053560738990843,True
2022,17,VET,13.0,0,0.18687691441522986,True
2022,17,VET,14.0,0,0.18331230806309642,True
2022,17,VET,15.0,0,0.19592147718137146,True
2022,17,VET,16.0,0,0.16922167834358598,True
2022,17,VET,17.0,0,0.19859706252373863,True
2022,17,VET,18.0,1,0.19695389810317657,True
2022,17,VET,19.0,1,0.1923791254101336,True
2022,17,VET,20.0,1,0.1863667631795308,True
2022,17,VET,21.0,1,0.18971388960295874,True
2022,17,VET,22.0,1,0.17199621332464507,True
2022,17,VET,23.0,1,0.18456281634987382,True
2022,17,VET,24.0,1,0.21493570129254702,True
2022,17,VET,25.0,1,0.19887394147813012,True
2022,17,VET,26.0,1,0.20277816454024017,True
2022,17,VET,27.0,1,0.21272402434499948,True
2022,17,VET,28.0,1,0.2026406326083272,True
2022,17,VET,29.0,1,0.1946141667859214,True
2022,17,VET,30.0,1,0.19756841981084933,True
2022,17,VET,31.0,1,0.18249826620847398,True
2022,17,VET,32.0,1,0.1899039620704628,True
2022,17,VET,33.0,1,0.21337458947859242,True
2022,17,VET,34.0,1,0.17401927007355517,True
2022,17,VET,35.0,1,0.19222478183785688,True
2022,17,VET,36.0,1,0.1628192816555331,True
2022,17,VET,37.0,1,0.23685346938675247,True
2022,17,VET,38.0,1,0.22923353835836208,True
2022,17,VET,39.0,0,0.22461631981041563,True
2022,17,VET,40.0,0,0.1888509501365046,True
2022,17,VET,41.0,0,0.21203211594431579,True
2022,17,VET,42.0,0,0.2032482547034397,True
2022,17,VET,43.0,0,0.2182781600491134,True
2022,17,VET,44.0,0,0.21544910976971376,True
2022,17,VET,45.0,0,0.22544727708771578,True
2022,17,VET,46.0,0,0.23130364914482957,True
2022,17,VET,47.0,0,0.22832226280325632,True
2022,17,VET,48.0,0,0.21161846573544532,True
2022,17,VET,49.0,0,0.21298331918681881,True
2022,17,VET,50.0,0,0.22401504428264998,True
2022,17,VET,51.0,0,0.21281958116911465,True
2022,17,VET,52.0,0,0.20227444906442785,True
2022,17,VET,53.0,0,0.2149414747755837,True
2022,17,VET,54.0,0,0.21118095914105323,True
2022,17,VET,55.0,0,0.2267905299812142,True
2022,17,VET,56.0,0,0.22509520627172855,True
2022,17,ZHO,1.0,0,0.26855437451474995,True
2022,17,ZHO,2.0,0,0.19516236915782112,True
2022,17,ZHO,3.0,0,0.18673819512661108,True
2022,17,ZHO,4.0,1,0.20226223158152018,True
2022,18,ALO,1.0,1,0.20182657563628417,True
2022,18,ALO,2.0,0,0.19484995310384792,True
2022,18,ALO,3.0,0,0.14882105164783893,True
2022,18,ALO,4.0,0,0.13551209241999854,True
2022,18,ALO,5.0,0,0.13330330635985202,True
2022,18,ALO,6.0,0,0.17123328298320428,True
2022,18,ALO,7.0,0,0.16801936919441543,True
2022,18,ALO,8.0,0,0.17623511854235668,True
2022,18,ALO,9.0,0,0.15071788640670286,True
2022,18,ALO,10.0,0,0.14677503819623658,True
2022,18,ALO,11.0,0,0.1374881358139202,True
2022,18,ALO,12.0,0,0.1866641393737038,True
2022,18,ALO,13.0,0,0.21280402373628995,True
2022,18,ALO,14.0,0,0.2140119445873029,True
2022,18,ALO,15.0,0,0.21847617970230981,True
2022,18,ALO,16.0,0,0.21929634942208912,True
2022,18,ALO,17.0,0,0.22440144632182565,True
2022,18,ALO,18.0,0,0.21841029075501472,True
2022,18,ALO,19.0,0,0.20559130967750588,True
2022,18,ALO,20.0,0,0.2147161742046459,True
2022,18,ALO,21.0,0,0.21712951953420268,True
2022,18,ALO,22.0,0,0.21595344389132037,True
2022,18,ALO,23.0,0,0.21818903668371398,True
2022,18,ALO,24.0,0,0.2192488971910131,True
2022,18,ALO,25.0,0,0.22193494879237097,True
2022,18,BOT,1.0,1,0.19662146555595067,True
2022,18,BOT,2.0,0,0.19461667215028594,True
2022,18,BOT,3.0,0,0.14933194652974788,True
2022,18,BOT,4.0,0,0.1359696734570419,True
2022,18,BOT,5.0,0,0.13392615236653554,True
2022,18,BOT,6.0,0,0.17182822425706162,True
2022,18,BOT,7.0,0,0.16911067586193157,True
2022,18,BOT,8.0,0,0.17211055587644575,True
2022,18,BOT,9.0,0,0.14981515827364728,True
2022,18,BOT,10.0,0,0.14675355494091333,True
2022,18,BOT,11.0,0,0.13868050322597952,True
2022,18,BOT,12.0,0,0.18521423701446607,True
2022,18,BOT,13.0,0,0.21176478359209466,True
2022,18,BOT,14.0,0,0.21131655621667905,True
2022,18,BOT,15.0,0,0.21707642658076415,True
2022,18,BOT,16.0,0,0.21696214195875782,True
2022,18,BOT,17.0,0,0.22347433318819238,True
2022,18,BOT,18.0,0,0.2156650755982938,True
2022,18,BOT,19.0,0,0.20706275063328922,True
2022,18,BOT,20.0,0,0.2173926369595398,True
2022,18,BOT,21.0,0,0.21830333008531752,True
2022,18,BOT,22.0,0,0.2178435889666673,True
2022,18,BOT,23.0,0,0.21591236444129353,True
2022,18,BOT,24.0,0,0.2150117553620065,True
2022,18,BOT,25.0,0,0.21887204323083093,True
2022,18,GAS,1.0,1,0.19668032431708662,True
2022,18,GAS,2.0,0,0.18595076997348065,True
2022,18,GAS,3.0,0,0.1470232687088171,True
2022,18,GAS,4.0,0,0.13394634901002084,True
2022,18,GAS,5.0,0,0.13263535078978814,True
2022,18,GAS,6.0,0,0.16892392395251124,True
2022,18,GAS,7.0,0,0.1618785551775929,True
2022,18,GAS,8.0,0,0.1680835655493204,True
2022,18,GAS,9.0,0,0.14907250131784036,True
2022,18,GAS,10.0,0,0.14769983589596877,True
2022,18,GAS,11.0,0,0.13903950462827722,True
2022,18,GAS,12.0,0,0.18691916447255683,True
2022,18,GAS,13.0,0,0.21172442806177552,True
2022,18,GAS,14.0,0,0.21142438250697068,True
2022,18,GAS,15.0,0,0.21280315685945297,True
2022,18,GAS,16.0,0,0.2144362986074234,True
2022,18,GAS,17.0,0,0.2221204655500782,True
2022,18,GAS,18.0,0,0.21243885697722628,True
2022,18,GAS,19.0,0,0.20838736899765525,True
2022,18,GAS,20.0,0,0.21760342488792314,True
2022,18,GAS,21.0,0,0.21778889158966863,True
2022,18,GAS,22.0,0,0.22013575831866955,True
2022,18,GAS,23.0,0,0.2195081128952161,True
2022,18,GAS,24.0,0,0.22004260188074257,True
2022,18,GAS,25.0,0,0.22329270602458645,True
2022,18,HAM,1.0,1,0.20190905443801607,True
2022,18,HAM,2.0,0,0.19461667215028594,True
2022,18,HAM,3.0,0,0.15024411367806514,True
2022,18,HAM,4.0,0,0.1359696734570419,True
2022,18,HAM,5.0,0,0.13407324545456442,True
2022,18,HAM,6.0,0,0.1726515456263203,True
2022,18,HAM,7.0,0,0.16956417171320526,True
2022,18,HAM,8.0,0,0.16774045934663992,True
2022,18,HAM,9.0,0,0.14826195526600408,True
2022,18,HAM,10.0,0,0.14765136963543068,True
2022,18,HAM,11.0,0,0.13887759422329304,True
2022,18,HAM,12.0,0,0.18667454150312515,True
2022,18,HAM,13.0,0,0.21344164904189303,True
2022,18,HAM,14.0,0,0.2142104803906506,True
2022,18,HAM,15.0,0,0.21776822245981275,True
2022,18,HAM,16.0,0,0.21990249900958023,True
2022,18,HAM,17.0,0,0.2244778462133858,True
2022,18,HAM,18.0,0,0.21829749274741742,True
2022,18,HAM,19.0,0,0.20748602645458777,True
2022,18,HAM,20.0,0,0.2168005313891596,True
2022,18,HAM,21.0,0,0.21894776037795935,True
2022,18,HAM,22.0,0,0.21940205370356755,True
2022,18,HAM,23.0,0,0.21791263552043277,True
2022,18,HAM,24.0,0,0.2169169745769297,True
2022,18,HAM,25.0,0,0.21973136862935433,True
2022,18,LAT,1.0,1,0.19662146555595067,True
2022,18,LAT,2.0,0,0.19461667215028594,True
2022,18,LAT,3.0,0,0.14933194652974788,True
2022,18,LAT,4.0,0,0.1359696734570419,True
2022,18,LAT,5.0,0,0.13392615236653554,True
2022,18,LAT,6.0,0,0.17174016307168535,True
2022,18,LAT,7.0,0,0.17321305392365857,True
2022,18,LAT,8.0,0,0.16977373480405897,True
2022,18,LAT,9.0,0,0.14947540299866588,True
2022,18,LAT,10.0,0,0.14649082222058765,True
2022,18,LAT,11.0,0,0.13737538745088493,True
2022,18,LAT,12.0,0,0.1856964294782606,True
2022,18,LAT,13.0,0,0.21217047735817318,True
2022,18,LAT,14.0,0,0.2127375057298561,True
2022,18,LAT,15.0,0,0.21738690693428184,True
2022,18,LAT,16.0,0,0.21914780230825612,True
2022,18,LAT,17.0,0,0.22416978592536024,True
2022,18,LAT,18.0,0,0.2178760208444578,True
2022,18,LAT,19.0,0,0.20498259819852058,True
2022,18,LAT,20.0,0,0.21479791981704924,True
2022,18,LAT,21.0,0,0.21575944457057883,True
2022,18,LAT,22.0,0,0.21556424833561008,True
2022,18,LAT,23.0,0,0.21502457360134133,True
2022,18,LAT,24.0,0,0.21434742467271276,True
2022,18,LAT,25.0,0,0.21823621882276698,True
2022,18,LEC,1.0,1,0.20139382734920694,True
2022,18,LEC,2.0,0,0.19461667215028594,True
2022,18,LEC,3.0,0,0.14933194652974788,True
2022,18,LEC,4.0,0,0.1359696734570419,True
2022,18,LEC,5.0,0,0.13392615236653554,True
2022,18,LEC,6.0,0,0.17275067951909,True
2022,18,LEC,7.0,0,0.16800532394436357,True
2022,18,LEC,8.0,0,0.16690412876727403,True
2022,18,LEC,9.0,0,0.1483953689115826,True
2022,18,LEC,10.0,0,0.14895726849135976,True
2022,18,LEC,11.0,0,0.13930137038185952,True
2022,18,LEC,12.0,0,0.18685843862944201,True
2022,18,LEC,13.0,0,0.21235965068812374,True
2022,18,LEC,14.0,0,0.21332046919228714,True
2022,18,LEC,15.0,0,0.21734158774758466,True
2022,18,LEC,16.0,0,0.21920818583723184,True
2022,18,LEC,17.0,0,0.22439138697706737,True
2022,18,LEC,18.0,0,0.21848205448117414,True
2022,18,LEC,19.0,0,0.20827689171753844,True
2022,18,LEC,20.0,0,0.216816055500009,True
2022,18,LEC,21.0,0,0.21917153958234098,True
2022,18,LEC,22.0,0,0.21933047844509668,True
2022,18,LEC,23.0,0,0.2177567113372835,True
2022,18,LEC,24.0,0,0.21650372643021712,True
2022,18,LEC,25.0,0,0.2198823917999154,True
2022,18,MAG,1.0,1,0.1965951184317996,True
2022,18,MAG,2.0,0,0.19461667215028594,True
2022,18,MAG,3.0,0,0.14933194652974788,True
2022,18,MAG,4.0,0,0.1359696734570419,True
2022,18,MAG,5.0,0,0.13392615236653554,True
2022,18,MAG,6.0,0,0.17030417981120285,True
2022,18,MAG,7.0,0,0.1618113267390952,True
2022,18,MAG,8.0,0,0.16690412876727403,True
2022,18,MAG,9.0,0,0.14981515827364728,True
2022,18,MAG,10.0,0,0.14574268247787497,True
2022,18,MAG,11.0,0,0.13862649563598284,True
2022,18,MAG,12.0,0,0.1850156809235267,True
2022,18,MAG,13.0,0,0.21158467283134968,True
2022,18,MAG,14.0,0,0.21241015752043366,True
2022,18,MAG,15.0,0,0.2162182126958024,True
2022,18,MAG,16.0,0,0.21696214195875782,True
2022,18,MAG,17.0,0,0.22343530492740604,True
2022,18,MAG,18.0,0,0.21579234597291846,True
2022,18,MAG,19.0,0,0.20706275063328922,True
2022,18,MAG,20.0,0,0.2173926369595398,True
2022,18,MAG,21.0,0,0.21830333008531752,True
2022,18,MAG,22.0,0,0.2178435889666673,True
2022,18,MAG,23.0,0,0.2159029855519302,True
2022,18,MAG,24.0,0,0.21499403536494385,True
2022,18,MAG,25.0,0,0.21887204323083093,True
2022,18,MSC,1.0,1,0.1965461454198077,True
2022,18,MSC,2.0,0,0.19461667215028594,True
2022,18,MSC,3.0,0,0.14933194652974788,True
2022,18,MSC,4.0,0,0.1359696734570419,True
2022,18,MSC,5.0,0,0.13392615236653554,True
2022,18,MSC,6.0,0,0.17093007817839442,True
2022,18,MSC,7.0,0,0.16931960175997154,True
2022,18,MSC,8.0,0,0.17448382920386502,True
2022,18,MSC,9.0,0,0.1495747661111792,True
2022,18,MSC,10.0,0,0.14767086190807022,True
2022,18,MSC,11.0,0,0.13501219178529628,True
2022,18,MSC,12.0,0,0.1858970140991066,True
2022,18,MSC,13.0,0,0.21257561996026597,True
2022,18,MSC,14.0,0,0.21409810836076196,True
2022,18,MSC,15.0,0,0.21698652398431578,True
2022,18,MSC,16.0,0,0.21866576477146685,True
2022,18,MSC,17.0,0,0.2242518957614644,True
2022,18,MSC,18.0,0,0.21793331548505063,True
2022,18,MSC,19.0,0,0.20735051422759643,True
2022,18,MSC,20.0,0,0.21689977513401945,True
2022,18,MSC,21.0,0,0.2194106614586305,True
2022,18,MSC,22.0,0,0.21826740688847748,True
2022,18,MSC,23.0,0,0.2159029855519302,True
2022,18,MSC,24.0,0,0.21602518291379996,True
2022,18,MSC,25.0,0,0.2187852653445423,True
2022,18,NOR,1.0,1,0.1965951184317996,True
2022,18,NOR,2.0,0,0.19461667215028594,True
2022,18,NOR,3.0,0,0.14933194652974788,True
2022,18,NOR,4.0,0,0.1359696734570419,True
2022,18,NOR,5.0,0,0.13392615236653554,True
2022,18,NOR,6.0,0,0.17182822425706162,True
2022,18,NOR,7.0,0,0.16911067586193157,True
2022,18,NOR,8.0,0,0.1721535380340189,True
2022,18,NOR,9.0,0,0.14860035611859884,True
2022,18,NOR,10.0,0,0.14661489018362153,True
2022,18,NOR,11.0,0,0.1375244559305303,True
2022,18,NOR,12.0,0,0.185285291870069,True
2022,18,NOR,13.0,0,0.21237297832373855,True
2022,18,NOR,14.0,0,0.21281903249539558,True
2022,18,NOR,15.0,0,0.21626837878055008,True
2022,18,NOR,16.0,0,0.21699091095032577,True
2022,18,NOR,17.0,0,0.22349676847100292,True
2022,18,NOR,18.0,0,0.21786019036517149,True
2022,18,NOR,19.0,0,0.20698968541470464,True
2022,18,NOR,20.0,0,0.21684696965225614,True
2022,18,NOR,21.0,0,0.2182516336496024,True
2022,18,NOR,22.0,0,0.21933734606227612,True
2022,18,NOR,23.0,0,0.21592461338000352,True
2022,18,NOR,24.0,0,0.2164458748799607,True
2022,18,NOR,25.0,0,0.21885552980171769,True
2022,18,OCO,1.0,1,0.20182657563628417,True
2022,18,OCO,2.0,0,0.19487864128760243,True
2022,18,OCO,3.0,0,0.1490044236091966,True
2022,18,OCO,4.0,0,0.135686904348434,True
2022,18,OCO,5.0,0,0.13340586082999267,True
2022,18,OCO,6.0,0,0.17045746583553625,True
2022,18,OCO,7.0,0,0.16933747544358385,True
2022,18,OCO,8.0,0,0.16677576633341268,True
2022,18,OCO,9.0,0,0.1487679946052079,True
2022,18,OCO,10.0,0,0.14574268247787497,True
2022,18,OCO,11.0,0,0.13925021104290503,True
2022,18,OCO,12.0,0,0.1857754062019237,True
2022,18,OCO,13.0,0,0.21235965068812374,True
2022,18,OCO,14.0,0,0.21332046919228714,True
2022,18,OCO,15.0,0,0.21765955966152864,True
2022,18,OCO,16.0,0,0.2192336716051484,True
2022,18,OCO,17.0,0,0.2245071573407448,True
2022,18,OCO,18.0,0,0.21838972265878326,True
2022,18,OCO,19.0,0,0.20547589106703593,True
2022,18,OCO,20.0,0,0.2146110123561114,True
2022,18,OCO,21.0,0,0.21706431846734953,True
2022,18,OCO,22.0,0,0.21766850665855508,True
2022,18,OCO,23.0,0,0.21728722809130835,True
2022,18,OCO,24.0,0,0.21614901455267446,True
2022,18,OCO,25.0,0,0.21953882361127636,True
2022,18,PER,1.0,1,0.20139382734920694,True
2022,18,PER,2.0,0,0.19461667215028594,True
2022,18,PER,3.0,0,0.14933194652974788,True
2022,18,PER,4.0,0,0.1359696734570419,True
2022,18,PER,5.0,0,0.13392615236653554,True
2022,18,PER,6.0,0,0.17025540229388775,True
2022,18,PER,7.0,0,0.1671539166983052,True
2022,18,PER,8.0,0,0.16692834690270758,True
2022,18,PER,9.0,0,0.14852304612005504,True
2022,18,PER,10.0,0,0.14609750606828487,True
2022,18,PER,11.0,0,0.13930137038185952,True
2022,18,PER,12.0,0,0.18685843862944201,True
2022,18,PER,13.0,0,0.21235965068812374,True
2022,18,PER,14.0,0,0.21413134877297044,True
2022,18,PER,15.0,0,0.21850534882446443,True
2022,18,PER,16.0,0,0.21953249639717815,True
2022,18,PER,17.0,0,0.22439138697706737,True
2022,18,PER,18.0,0,0.21953351607518395,True
2022,18,PER,19.0,0,0.20842264840130142,True
2022,18,PER,20.0,0,0.21758855777793068,True
2022,18,PER,21.0,0,0.21919301689375836,True
2022,18,PER,22.0,0,0.22022963512763744,True
2022,18,PER,23.0,0,0.2178231700375986,True
2022,18,PER,24.0,0,0.21643844933513487,True
2022,18,PER,25.0,0,0.21984650283676205,True
2022,18,RIC,1.0,1,0.19489927449710284,True
2022,18,RIC,2.0,0,0.19484995310384792,True
2022,18,RIC,3.0,0,0.14882105164783893,True
2022,18,RIC,4.0,0,0.13551209241999854,True
2022,18,RIC,5.0,0,0.13330330635985202,True
2022,18,RIC,6.0,0,0.16993828127861993,True
2022,18,RIC,7.0,0,0.16931960175997154,True
2022,18,RIC,8.0,0,0.17434128118829542,True
2022,18,RIC,9.0,0,0.15040091526229799,True
2022,18,RIC,10.0,0,0.14574268247787497,True
2022,18,RIC,11.0,0,0.13861125473340521,True
2022,18,RIC,12.0,0,0.18544392340377308,True
2022,18,RIC,13.0,0,0.21146072048198333,True
2022,18,RIC,14.0,0,0.21246232978701923,True
2022,18,RIC,15.0,0,0.21695621740514234,True
2022,18,RIC,16.0,0,0.21696214195875782,True
2022,18,RIC,17.0,0,0.22343530492740604,True
2022,18,RIC,18.0,0,0.2171556208033536,True
2022,18,RIC,19.0,0,0.206664829339549,True
2022,18,RIC,20.0,0,0.21678301929765337,True
2022,18,RIC,21.0,0,0.21902609802098735,True
2022,18,RIC,22.0,0,0.21935824423488434,True
2022,18,RIC,23.0,0,0.21777752083043067,True
2022,18,RIC,24.0,0,0.2164458748799607,True
2022,18,RIC,25.0,0,0.21985866693782002,True
2022,18,RUS,1.0,1,0.1977995543524733,True
2022,18,RUS,2.0,0,0.19461667215028594,True
2022,18,RUS,3.0,0,0.14933194652974788,True
2022,18,RUS,4.0,0,0.1359696734570419,True
2022,18,RUS,5.0,0,0.13392615236653554,True
2022,18,RUS,6.0,0,0.17018882493600412,True
2022,18,RUS,7.0,0,0.17252521502487642,True
2022,18,RUS,8.0,0,0.16840635819551975,True
2022,18,RUS,9.0,0,0.1483692074274995,True
2022,18,RUS,10.0,0,0.14673711168032885,True
2022,18,RUS,11.0,0,0.13724546215903397,True
2022,18,RUS,12.0,0,0.18540983601353436,True
2022,18,RUS,13.0,0,0.21246720467985733,True
2022,18,RUS,14.0,0,0.21278193342966797,True
2022,18,RUS,15.0,0,0.21765955966152864,True
2022,18,RUS,16.0,0,0.21920818583723184,True
2022,18,RUS,17.0,0,0.22429588474951906,True
2022,18,RUS,18.0,0,0.21829749274741742,True
2022,18,RUS,19.0,0,0.20748602645458777,True
2022,18,RUS,20.0,0,0.21719709461786119,True
2022,18,RUS,21.0,0,0.21947800699503062,True
2022,18,RUS,22.0,0,0.22022963512763744,True
2022,18,RUS,23.0,0,0.21799387357373243,True
2022,18,RUS,24.0,0,0.21766990693597926,True
2022,18,RUS,25.0,0,0.22052449638557797,True
2022,18,STR,1.0,1,0.19673032776969057,True
2022,18,STR,2.0,0,0.19461667215028594,True
2022,18,STR,3.0,0,0.14933194652974788,True
2022,18,STR,4.0,0,0.1359696734570419,True
2022,18,STR,5.0,0,0.13392615236653554,True
2022,18,STR,6.0,0,0.17235200973184042,True
2022,18,STR,7.0,0,0.16192757385000167,True
2022,18,STR,8.0,0,0.16616718523430835,True
2022,18,STR,9.0,0,0.14845904490609071,True
2022,18,STR,10.0,0,0.1465422186253474,True
2022,18,STR,11.0,0,0.13741315656557193,True
2022,18,STR,12.0,0,0.1850156809235267,True
2022,18,STR,13.0,0,0.21188566616199694,True
2022,18,STR,14.0,0,0.2125924084387655,True
2022,18,STR,15.0,0,0.2173560381559859,True
2022,18,STR,16.0,0,0.21696214195875782,True
2022,18,STR,17.0,0,0.2242935419723883,True
2022,18,STR,18.0,0,0.21579234597291846,True
2022,18,STR,19.0,0,0.206664829339549,True
2022,18,STR,20.0,0,0.21753369503905917,True
2022,18,STR,21.0,0,0.21774070093535786,True
2022,18,STR,22.0,0,0.22031767806258745,True
2022,18,STR,23.0,0,0.21940142465796705,True
2022,18,STR,24.0,0,0.2206895575812371,True
2022,18,STR,25.0,0,0.22378393812878813,True
2022,18,TSU,1.0,1,0.193531836195789,True
2022,18,TSU,2.0,0,0.19487864128760243,True
2022,18,TSU,3.0,0,0.1490044236091966,True
2022,18,TSU,4.0,0,0.135686904348434,True
2022,18,TSU,5.0,0,0.13340586082999267,True
2022,18,TSU,6.0,0,0.1706694847093762,True
2022,18,TSU,7.0,0,0.1617853173527782,True
2022,18,TSU,8.0,0,0.16692834690270758,True
2022,18,TSU,9.0,0,0.14845904490609071,True
2022,18,TSU,10.0,0,0.14708439028359893,True
2022,18,TSU,11.0,0,0.1373824433262119,True
2022,18,TSU,12.0,0,0.18539370202885172,True
2022,18,TSU,13.0,0,0.21234776289299942,True
2022,18,TSU,14.0,0,0.21281959783920673,True
2022,18,TSU,15.0,0,0.21626837878055008,True
2022,18,TSU,16.0,0,0.21699091095032577,True
2022,18,TSU,17.0,0,0.22349676847100292,True
2022,18,TSU,18.0,0,0.21753782312539918,True
2022,18,TSU,19.0,0,0.20708168536735472,True
2022,18,TSU,20.0,0,0.21740763897707066,True
2022,18,TSU,21.0,0,0.2182224754082836,True
2022,18,TSU,22.0,0,0.22005211251605844,True
2022,18,TSU,23.0,0,0.21940142465796705,True
2022,18,TSU,24.0,0,0.2207033481654531,True
2022,18,TSU,25.0,0,0.2224082633064735,True
2022,18,VER,1.0,1,0.20139382734920694,True
2022,18,VER,2.0,0,0.19461667215028594,True
2022,18,VER,3.0,0,0.14933194652974788,True
2022,18,VER,4.0,0,0.1359696734570419,True
2022,18,VER,5.0,0,0.13392615236653554,True
2022,18,VER,6.0,0,0.1726269064958943,True
2022,18,VER,7.0,0,0.16800532394436357,True
2022,18,VER,8.0,0,0.16632299562675013,True
2022,18,VER,9.0,0,0.15090056313490866,True
2022,18,VER,10.0,0,0.14895809347519015,True
2022,18,VER,11.0,0,0.13943734720618983,True
2022,18,VER,12.0,0,0.18737951046286294,True
2022,18,VER,13.0,0,0.213226053312542,True
2022,18,VER,14.0,0,0.21413134877297044,True
2022,18,VER,15.0,0,0.21850534882446443,True
2022,18,VER,16.0,0,0.21953249639717815,True
2022,18,VER,17.0,0,0.22492443806048076,True
2022,18,VER,18.0,0,0.21954280322224667,True
2022,18,VER,19.0,0,0.20842264840130142,True
2022,18,VER,20.0,0,0.21758855777793068,True
2022,18,VER,21.0,0,0.2193596464444937,True
2022,18,VER,22.0,0,0.22022963512763744,True
2022,18,VER,23.0,0,0.21849616730213778,True
2022,18,VER,24.0,0,0.21799993886528907,True
2022,18,VER,25.0,0,0.2210628862421201,True
2022,18,VER,26.0,0,0.21861058582284562,True
2022,18,VET,1.0,1,0.19662392860930963,True
2022,18,VET,2.0,0,0.19461667215028594,True
2022,18,VET,3.0,0,0.14933194652974788,True
2022,18,VET,4.0,0,0.1359696734570419,True
2022,18,VET,5.0,0,0.13392615236653554,True
2022,18,VET,6.0,0,0.17174016307168535,True
2022,18,VET,7.0,0,0.17374337963560776,True
2022,18,VET,8.0,0,0.16977373480405897,True
2022,18,VET,9.0,0,0.1482884281962619,True
2022,18,VET,10.0,0,0.14594443178933308,True
2022,18,VET,11.0,0,0.13751740005520335,True
2022,18,VET,12.0,0,0.18667454150312515,True
2022,18,VET,13.0,0,0.2126178201668049,True
2022,18,VET,14.0,0,0.21413134877297044,True
2022,18,VET,15.0,0,0.21772418557311107,True
2022,18,VET,16.0,0,0.2198226407762783,True
2022,18,VET,17.0,0,0.22438119235704157,True
2022,18,VET,18.0,0,0.2182210400639014,True
2022,18,VET,19.0,0,0.20549962196699867,True
2022,18,VET,20.0,0,0.2147161742046459,True
2022,18,VET,21.0,0,0.21717077200132287,True
2022,18,VET,22.0,0,0.21791534878496904,True
2022,18,VET,23.0,0,0.21757802905555304,True
2022,18,VET,24.0,0,0.2168512382142711,True
2022,18,VET,25.0,0,0.21998866376927947,True
2022,18,ZHO,1.0,1,0.19668032431708662,True
2022,18,ZHO,2.0,0,0.19461667215028594,True
2022,18,ZHO,3.0,0,0.14933194652974788,True
2022,18,ZHO,4.0,0,0.1359696734570419,True
2022,18,ZHO,5.0,0,0.13392615236653554,True
2022,18,ZHO,6.0,0,0.17055210542373092,True
2022,18,ZHO,7.0,0,0.1671539166983052,True
2022,18,ZHO,8.0,0,0.17384454914716307,True
2022,18,ZHO,9.0,0,0.14901077215188874,True
2022,18,ZHO,10.0,0,0.14907421984027427,True
2022,18,ZHO,11.0,0,0.13929034897274728,True
2022,18,ZHO,12.0,0,0.1870941726106216,True
2022,18,ZHO,13.0,0,0.21238417262379022,True
2022,18,ZHO,14.0,0,0.21239503775122123,True
2022,18,ZHO,15.0,0,0.2168261773013071,True
2022,18,ZHO,16.0,0,0.21781207968911898,True
2022,18,ZHO,17.0,0,0.22343530492740604,True
2022,18,ZHO,18.0,0,0.21583455080607888,True
2022,18,ZHO,19.0,0,0.2088458377729468,True
2022,18,ZHO,20.0,0,0.21626244388736038,True
2022,18,ZHO,21.0,0,0.21777363227764068,True
2022,18,ZHO,22.0,0,0.22031780557938818,True
2022,18,ZHO,23.0,0,0.2187694091409326,True
2022,18,ZHO,24.0,0,0.2176886121349244,True
2022,18,ZHO,25.0,0,0.22378393812878813,True
2022,22,ALB,1.0,0,0.14524350046335427,True
2022,22,ALB,2.0,0,0.14452204682498535,True
2022,22,ALB,3.0,0,0.1443872604199014,True
2022,22,ALB,4.0,0,0.14467359654327155,True
2022,22,ALB,5.0,0,0.1446362984068194,True
2022,22,ALB,6.0,0,0.14342573943990375,True
2022,22,ALB,7.0,0,0.14372251665108698,True
2022,22,ALB,8.0,0,0.14445137056339252,True
2022,22,ALB,9.0,0,0.15285837192546578,True
2022,22,ALB,10.0,0,0.1457252544275528,True
2022,22,ALB,11.0,0,0.1519371950290068,True
2022,22,ALB,12.0,0,0.14760889772334274,True
2022,22,ALB,13.0,0,0.14459786903351307,True
2022,22,ALB,14.0,0,0.14280722049431516,True
2022,22,ALB,15.0,0,0.14150088214990206,True
2022,22,ALB,16.0,0,0.14226191152863132,True
2022,22,ALB,17.0,0,0.14442252783921072,True
2022,22,ALB,18.0,0,0.14194737157484613,True
2022,22,ALB,19.0,0,0.14215063209221213,True
2022,22,ALB,20.0,0,0.14226612435353464,True
2022,22,ALB,21.0,0,0.14251434777930494,True
2022,22,ALB,22.0,0,0.14231278052283242,True
2022,22,ALB,23.0,0,0.14268747822073896,True
2022,22,ALB,24.0,0,0.1420157126813894,True
2022,22,ALB,25.0,0,0.14158658384316503,True
2022,22,ALB,26.0,0,0.14212957271059612,True
2022,22,ALB,27.0,0,0.14476763733291642,True
2022,22,ALB,28.0,0,0.14273355176843558,True
2022,22,ALB,29.0,0,0.14215258955353413,True
2022,22,ALB,30.0,0,0.1432667910794022,True
2022,22,ALB,31.0,0,0.1435554419771762,True
2022,22,ALB,32.0,0,0.15967574236854046,True
2022,22,ALB,33.0,0,0.1520213628734425,True
2022,22,ALB,34.0,0,0.14508422334787893,True
2022,22,ALB,35.0,1,0.14460839108875723,True
2022,22,ALB,36.0,1,0.1481843115767761,True
2022,22,ALB,37.0,1,0.16150071533774818,True
2022,22,ALB,38.0,0,0.19808997057800037,True
2022,22,ALB,39.0,0,0.17026883065246753,True
2022,22,ALB,40.0,0,0.1691104022327121,True
2022,22,ALB,41.0,0,0.16257814657740322,True
2022,22,ALB,42.0,0,0.16527356224648815,True
2022,22,ALB,43.0,0,0.15963979120463923,True
2022,22,ALB,44.0,0,0.16743372804143897,True
2022,22,ALB,45.0,0,0.15696490416921888,True
2022,22,ALB,46.0,0,0.16538493318122077,True
2022,22,ALB,47.0,0,0.15879019021747437,True
2022,22,ALB,48.0,0,0.16421689113693405,True
2022,22,ALB,49.0,0,0.16099703474941682,True
2022,22,ALB,50.0,0,0.157845673815494,True
2022,22,ALB,51.0,0,0.1726427649368003,True
2022,22,ALB,52.0,0,0.20355523545923032,True
2022,22,ALB,53.0,0,0.24108566147872063,True
2022,22,ALB,54.0,0,0.3211823373922954,True
2022,22,ALO,1.0,0,0.14522949812976335,True
2022,22,ALO,2.0,0,0.14365875028712677,True
2022,22,ALO,3.0,0,0.1439666144825015,True
2022,22,ALO,4.0,0,0.14433138205749577,True
2022,22,ALO,5.0,0,0.14386643564750162,True
2022,22,ALO,6.0,0,0.14321548530080552,True
2022,22,ALO,7.0,0,0.1434682260537185,True
2022,22,ALO,8.0,0,0.14476356258647874,True
2022,22,ALO,9.0,0,0.1539270330879746,True
2022,22,ALO,10.0,0,0.1456270397835811,True
2022,22,ALO,11.0,0,0.15045190855587212,True
2022,22,ALO,12.0,0,0.14775070161251463,True
2022,22,ALO,13.0,0,0.15570412392166205,True
2022,22,ALO,14.0,0,0.14528119108727527,True
2022,22,ALO,15.0,0,0.14225565313904617,True
2022,22,ALO,16.0,0,0.14430318020675256,True
2022,22,ALO,17.0,0,0.14787904819075118,True
2022,22,ALO,18.0,0,0.14280385877859508,True
2022,22,ALO,19.0,0,0.14285351742463934,True
2022,22,ALO,20.0,0,0.14194554262894732,True
2022,22,ALO,21.0,0,0.14208260446432242,True
2022,22,ALO,22.0,0,0.14223019833686154,True
2022,22,ALO,23.0,0,0.14229926590482403,True
2022,22,ALO,24.0,0,0.1420971779973216,True
2022,22,BOT,1.0,0,0.1433814356508307,True
2022,22,BOT,2.0,0,0.14303088074247047,True
2022,22,BOT,3.0,0,0.14314301212185637,True
2022,22,BOT,4.0,0,0.14292991310496922,True
2022,22,BOT,5.0,0,0.14277338601412853,True
2022,22,BOT,6.0,0,0.14256704376680507,True
2022,22,BOT,7.0,0,0.1429239683789439,True
2022,22,BOT,8.0,0,0.14408904543037465,True
2022,22,BOT,9.0,0,0.14996828472758117,True
2022,22,BOT,10.0,0,0.14334242550626036,True
2022,22,BOT,11.0,0,0.14573813762231463,True
2022,22,BOT,12.0,0,0.144034206420447,True
2022,22,BOT,13.0,0,0.145483595247693,True
2022,22,BOT,14.0,0,0.14279244307297279,True
2022,22,BOT,15.0,0,0.1415429871095523,True
2022,22,BOT,16.0,0,0.14290972272934307,True
2022,22,BOT,17.0,0,0.14570195850885856,True
2022,22,BOT,18.0,0,0.14257815958583506,True
2022,22,BOT,19.0,0,0.14259837257922478,True
2022,22,BOT,20.0,0,0.14247777513924276,True
2022,22,BOT,21.0,0,0.1425943417442777,True
2022,22,BOT,22.0,0,0.14272188507427527,True
2022,22,BOT,23.0,0,0.14259482296027387,True
2022,22,BOT,24.0,0,0.14230090213528857,True
2022,22,BOT,25.0,0,0.14158992014542718,True
2022,22,BOT,26.0,0,0.14214503236390683,True
2022,22,BOT,27.0,0,0.14476646472530796,True
2022,22,BOT,28.0,0,0.14266805166230453,True
2022,22,BOT,29.0,0,0.14215354318948253,True
2022,22,BOT,30.0,0,0.1427839933365645,True
2022,22,BOT,31.0,0,0.14473494263772713,True
2022,22,BOT,32.0,0,0.16764091637872455,True
2022,22,BOT,33.0,0,0.15929797475573176,True
2022,22,BOT,34.0,0,0.14877606243077074,True
2022,22,BOT,35.0,1,0.15022375081694223,True
2022,22,BOT,36.0,1,0.1500011984416178,True
2022,22,BOT,37.0,1,0.1596462297031084,True
2022,22,BOT,38.0,0,0.20203778496931127,True
2022,22,BOT,39.0,0,0.16728636910418884,True
2022,22,BOT,40.0,0,0.16705931151479886,True
2022,22,BOT,41.0,0,0.16009178545774302,True
2022,22,BOT,42.0,0,0.16281025479124467,True
2022,22,BOT,43.0,0,0.1589333915950738,True
2022,22,BOT,44.0,0,0.16775973448901804,True
2022,22,BOT,45.0,0,0.15499206591661804,True
2022,22,BOT,46.0,0,0.16222437098398007,True
2022,22,BOT,47.0,0,0.15774427137389718,True
2022,22,BOT,48.0,0,0.16243713826484002,True
2022,22,BOT,49.0,0,0.15878141742609536,True
2022,22,BOT,50.0,0,0.15829907118374997,True
2022,22,BOT,51.0,0,0.17398043309898287,True
2022,22,BOT,52.0,0,0.23311396216551383,True
2022,22,BOT,53.0,0,0.2687332606542074,True
2022,22,BOT,54.0,0,0.3315425420759367,True
2022,22,GAS,1.0,0,0.14615659839638745,True
2022,22,GAS,2.0,0,0.1451096018850855,True
2022,22,GAS,3.0,0,0.1449393916911931,True
2022,22,GAS,4.0,0,0.14526282734139379,True
2022,22,GAS,5.0,0,0.145518001269165,True
2022,22,GAS,6.0,0,0.14488848810647595,True
2022,22,GAS,7.0,0,0.14489050914026205,True
2022,22,GAS,8.0,0,0.14613789308835695,True
2022,22,GAS,9.0,0,0.157632084171545,True
2022,22,GAS,10.0,0,0.14555294437246605,True
2022,22,GAS,11.0,0,0.1504528791330051,True
2022,22,GAS,12.0,0,0.14767357695712138,True
2022,22,GAS,13.0,0,0.15156676978035669,True
2022,22,GAS,14.0,0,0.1441185874127501,True
2022,22,GAS,15.0,0,0.1414254923816886,True
2022,22,GAS,16.0,0,0.14215997405132905,True
2022,22,GAS,17.0,0,0.14452029005047193,True
2022,22,GAS,18.0,0,0.14193004111418484,True
2022,22,GAS,19.0,0,0.14204823451147924,True
2022,22,GAS,20.0,0,0.14224466649529502,True
2022,22,GAS,21.0,0,0.1424837345996315,True
2022,22,GAS,22.0,0,0.14281225103951542,True
2022,22,GAS,23.0,0,0.14268745640963634,True
2022,22,GAS,24.0,0,0.14203044575569462,True
2022,22,GAS,25.0,0,0.1414866730311796,True
2022,22,GAS,26.0,0,0.14204239605949426,True
2022,22,GAS,27.0,0,0.14479305937785278,True
2022,22,GAS,28.0,0,0.14259571380662472,True
2022,22,GAS,29.0,0,0.14202012085107568,True
2022,22,GAS,30.0,0,0.14315545167724028,True
2022,22,GAS,31.0,0,0.1435616208238002,True
2022,22,GAS,32.0,0,0.15979666174582302,True
2022,22,GAS,33.0,0,0.15204558106945018,True
2022,22,GAS,34.0,0,0.14515050318999562,True
2022,22,GAS,35.0,1,0.1455919192729041,True
2022,22,GAS,36.0,1,0.1463000386436198,True
2022,22,GAS,37.0,1,0.15267756708315908,True
2022,22,GAS,38.0,0,0.20406524780149232,True
2022,22,GAS,39.0,0,0.15899875513716696,True
2022,22,GAS,40.0,0,0.16065436199438438,True
2022,22,GAS,41.0,0,0.15697395463717828,True
2022,22,GAS,42.0,0,0.16016630334851137,True
2022,22,GAS,43.0,0,0.15397798014202183,True
2022,22,GAS,44.0,0,0.1635157655361221,True
2022,22,GAS,45.0,0,0.15197130359030328,True
2022,22,GAS,46.0,0,0.16232963525331687,True
2022,22,GAS,47.0,0,0.15404081215772206,True
2022,22,GAS,48.0,0,0.15564520049081035,True
2022,22,GAS,49.0,0,0.15270091009604644,True
2022,22,GAS,50.0,0,0.15251330279346142,True
2022,22,GAS,51.0,0,0.1586522377793793,True
2022,22,GAS,52.0,0,0.1834000789816069,True
2022,22,GAS,53.0,0,0.20897762934161007,True
2022,22,GAS,54.0,0,0.29152146850474364,True
2022,22,HAM,1.0,0,0.14578852504153042,True
2022,22,HAM,2.0,0,0.14373158550715395,True
2022,22,HAM,3.0,0,0.14368400103338347,True
2022,22,HAM,4.0,0,0.14467359654327155,True
2022,22,HAM,5.0,0,0.14384617967704227,True
2022,22,HAM,6.0,0,0.1429596790919347,True
2022,22,HAM,7.0,0,0.14332495457792213,True
2022,22,HAM,8.0,0,0.14524615336110847,True
2022,22,HAM,9.0,0,0.1527006974404394,True
2022,22,HAM,10.0,0,0.1450461729733944,True
2022,22,HAM,11.0,0,0.14936186403257784,True
2022,22,HAM,12.0,0,0.14758034347532087,True
2022,22,HAM,13.0,0,0.1540373195584342,True
2022,22,HAM,14.0,0,0.14451784216728464,True
2022,22,HAM,15.0,0,0.14225579127021776,True
2022,22,HAM,16.0,0,0.14332913756941287,True
2022,22,HAM,17.0,0,0.14795291522489942,True
2022,22,HAM,18.0,0,0.14258689003043679,True
2022,22,HAM,19.0,0,0.14203367190344673,True
2022,22,HAM,20.0,0,0.14219558595197493,True
2022,22,HAM,21.0,0,0.1424211198741447,True
2022,22,HAM,22.0,0,0.1426631812895345,True
2022,22,HAM,23.0,0,0.14258902236411,True
2022,22,HAM,24.0,0,0.1420813225974006,True
2022,22,HAM,25.0,0,0.1414582523701841,True
2022,22,HAM,26.0,0,0.1419596001431693,True
2022,22,HAM,27.0,0,0.14470698717002503,True
2022,22,HAM,28.0,0,0.14244806976865246,True
2022,22,HAM,29.0,0,0.1420278323456879,True
2022,22,HAM,30.0,0,0.14304247515618876,True
2022,22,HAM,31.0,0,0.14344277729397942,True
2022,22,HAM,32.0,0,0.1583436300594535,True
2022,22,HAM,33.0,0,0.15187064049448934,True
2022,22,HAM,34.0,0,0.14489356905696973,True
2022,22,HAM,35.0,0,0.1451649699064487,True
2022,22,HAM,36.0,1,0.14541620175627218,True
2022,22,HAM,37.0,1,0.1509889228481874,True
2022,22,HAM,38.0,1,0.14972768744111759,True
2022,22,HAM,39.0,0,0.22088712369955216,True
2022,22,HAM,40.0,0,0.15994750073461333,True
2022,22,HAM,41.0,0,0.15668411997638998,True
2022,22,HAM,42.0,0,0.15854133556023028,True
2022,22,HAM,43.0,0,0.1534971708588379,True
2022,22,HAM,44.0,0,0.1630813812796491,True
2022,22,HAM,45.0,0,0.1523589124802158,True
2022,22,HAM,46.0,0,0.1623609332675775,True
2022,22,HAM,47.0,0,0.15411498576123636,True
2022,22,HAM,48.0,0,0.1558337886461483,True
2022,22,HAM,49.0,0,0.15080259806015256,True
2022,22,HAM,50.0,0,0.15279534603681272,True
2022,22,HAM,51.0,0,0.1589485193172312,True
2022,22,HAM,52.0,0,0.16847022037214449,True
2022,22,LAT,1.0,0,0.14524350046335427,True
2022,22,LAT,2.0,0,0.1445519820847346,True
2022,22,LAT,3.0,0,0.14439152161002258,True
2022,22,LAT,4.0,0,0.14467359654327155,True
2022,22,LAT,5.0,0,0.1446362984068194,True
2022,22,LAT,6.0,0,0.14342900962215105,True
2022,22,LAT,7.0,0,0.14402194413018138,True
2022,22,LAT,8.0,0,0.14524831591401846,True
2022,22,LAT,9.0,0,0.1556530980337651,True
2022,22,LAT,10.0,0,0.14636927621567006,True
2022,22,LAT,11.0,0,0.15190920218075155,True
2022,22,LAT,12.0,0,0.14878662281339,True
2022,22,LAT,13.0,0,0.1560090799918668,True
2022,22,LAT,14.0,0,0.14521123751247086,True
2022,22,LAT,15.0,0,0.14225340290225227,True
2022,22,LAT,16.0,0,0.14260365996080754,True
2022,22,LAT,17.0,0,0.14403452345210235,True
2022,22,LAT,18.0,0,0.14187682524891473,True
2022,22,LAT,19.0,0,0.14206534478120697,True
2022,22,LAT,20.0,0,0.14214153408126512,True
2022,22,LAT,21.0,0,0.1425163362976547,True
2022,22,LAT,22.0,0,0.14231278052283242,True
2022,22,LAT,23.0,0,0.14235044857153822,True
2022,22,LAT,24.0,0,0.1420312655750942,True
2022,22,LAT,25.0,0,0.14160183525395925,True
2022,22,LAT,26.0,0,0.1421471771130962,True
2022,22,LAT,27.0,0,0.1444884248425285,True
2022,22,LAT,28.0,0,0.14260194137357388,True
2022,22,LAT,29.0,0,0.14202145896612542,True
2022,22,LAT,30.0,0,0.14317985904135302,True
2022,22,LAT,31.0,0,0.14349548556656655,True
2022,22,LAT,32.0,0,0.15980867999594264,True
2022,22,LAT,33.0,0,0.1520512586378295,True
2022,22,LAT,34.0,0,0.14515394565138146,True
2022,22,LAT,35.0,1,0.14559337375400305,True
2022,22,LAT,36.0,1,0.14634396914473094,True
2022,22,LAT,37.0,1,0.1526926726592814,True
2022,22,LAT,38.0,0,0.18693393962585225,True
2022,22,LAT,39.0,0,0.16166733697662913,True
2022,22,LAT,40.0,0,0.16439608749744955,True
2022,22,LAT,41.0,0,0.1604116866348323,True
2022,22,LAT,42.0,0,0.1642835460470004,True
2022,22,LAT,43.0,0,0.15947454919497564,True
2022,22,LAT,44.0,0,0.16761330067518124,True
2022,22,LAT,45.0,0,0.15737824604313505,True
2022,22,LAT,46.0,0,0.16543684148742294,True
2022,22,LAT,47.0,0,0.15861938303250248,True
2022,22,LAT,48.0,0,0.16411081450712553,True
2022,22,LAT,49.0,0,0.1607560811695113,True
2022,22,LAT,50.0,0,0.15959546571387487,True
2022,22,LAT,51.0,0,0.18091131024671864,True
2022,22,LAT,52.0,0,0.23206334828962305,True
2022,22,LEC,1.0,0,0.14578852504153042,True
2022,22,LEC,2.0,0,0.1437338264867849,True
2022,22,LEC,3.0,0,0.14368400103338347,True
2022,22,LEC,4.0,0,0.14411629605714846,True
2022,22,LEC,5.0,0,0.14384482520958458,True
2022,22,LEC,6.0,0,0.1429596790919347,True
2022,22,LEC,7.0,0,0.1433171505848182,True
2022,22,LEC,8.0,0,0.14419419645276682,True
2022,22,LEC,9.0,0,0.15212817241629484,True
2022,22,LEC,10.0,0,0.14504686662224242,True
2022,22,LEC,11.0,0,0.1493629358824507,True
2022,22,LEC,12.0,0,0.14758158843685124,True
2022,22,LEC,13.0,0,0.15375835065810353,True
2022,22,LEC,14.0,0,0.14451974539297324,True
2022,22,LEC,15.0,0,0.14225579127021776,True
2022,22,LEC,16.0,0,0.14331817983960274,True
2022,22,LEC,17.0,0,0.14788014303066754,True
2022,22,LEC,18.0,0,0.1428634440808038,True
2022,22,LEC,19.0,0,0.14314019936478833,True
2022,22,LEC,20.0,0,0.1426974677175148,True
2022,22,LEC,21.0,0,0.14247076613253135,True
2022,22,LEC,22.0,0,0.14254517873796782,True
2022,22,LEC,23.0,0,0.14259670521718257,True
2022,22,LEC,24.0,0,0.1421321861985668,True
2022,22,LEC,25.0,0,0.14154193192446668,True
2022,22,LEC,26.0,0,0.14214545410453164,True
2022,22,LEC,27.0,0,0.14462788740248597,True
2022,22,LEC,28.0,0,0.1424223475495093,True
2022,22,LEC,29.0,0,0.14209380835009452,True
2022,22,LEC,30.0,0,0.1429482626726373,True
2022,22,LEC,31.0,0,0.14353915337650922,True
2022,22,LEC,32.0,0,0.15949579445515663,True
2022,22,LEC,33.0,0,0.1526686614521454,True
2022,22,LEC,34.0,0,0.14491677468661074,True
2022,22,LEC,35.0,0,0.14515686919828627,True
2022,22,LEC,36.0,1,0.14536065045463592,True
2022,22,LEC,37.0,1,0.15093281052664265,True
2022,22,LEC,38.0,1,0.14964061543913584,True
2022,22,LEC,39.0,0,0.2186091259043458,True
2022,22,LEC,40.0,0,0.16019654668880384,True
2022,22,LEC,41.0,0,0.15706193170329344,True
2022,22,LEC,42.0,0,0.15906878387657533,True
2022,22,LEC,43.0,0,0.1531820514067194,True
2022,22,LEC,44.0,0,0.16118916655147206,True
2022,22,LEC,45.0,0,0.15062505309734314,True
2022,22,LEC,46.0,0,0.15955911328152245,True
2022,22,LEC,47.0,0,0.15397676066208946,True
2022,22,LEC,48.0,0,0.15444650486243222,True
2022,22,LEC,49.0,0,0.15019318206640822,True
2022,22,LEC,50.0,0,0.15139446215339475,True
2022,22,LEC,51.0,0,0.15698472424253868,True
2022,22,LEC,52.0,0,0.17061975814953703,True
2022,22,LEC,53.0,0,0.20034841477791504,True
2022,22,LEC,54.0,0,0.267966100893932,True
2022,22,LEC,55.0,0,0.27638759448457845,True
2022,22,MAG,1.0,0,0.14341029275939823,True
2022,22,MAG,2.0,0,0.14300253424714754,True
2022,22,MAG,3.0,0,0.14311710652188617,True
2022,22,MAG,4.0,0,0.14292991310496922,True
2022,22,MAG,5.0,0,0.14277338601412853,True
2022,22,MAG,6.0,0,0.14256653052499757,True
2022,22,MAG,7.0,0,0.1429239683789439,True
2022,22,MAG,8.0,0,0.14379118815178188,True
2022,22,MAG,9.0,0,0.1516035196480221,True
2022,22,MAG,10.0,0,0.14366635470657646,True
2022,22,MAG,11.0,0,0.14573813762231463,True
2022,22,MAG,12.0,0,0.144034206420447,True
2022,22,MAG,13.0,0,0.14547633864597403,True
2022,22,MAG,14.0,0,0.14264352858737664,True
2022,22,MAG,15.0,0,0.1414966498231617,True
2022,22,MAG,16.0,0,0.14290972272934307,True
2022,22,MAG,17.0,0,0.14570216421744014,True
2022,22,MAG,18.0,0,0.1426503401160756,True
2022,22,MAG,19.0,0,0.14256276702462042,True
2022,22,MAG,20.0,0,0.14236287764973204,True
2022,22,MAG,21.0,0,0.14241190208204205,True
2022,22,MAG,22.0,0,0.1426779883702129,True
2022,22,MAG,23.0,0,0.14249080548477472,True
2022,22,MAG,24.0,0,0.14216721614915642,True
2022,22,MAG,25.0,0,0.14150906259425983,True
2022,22,MAG,26.0,0,0.142072470005431,True
2022,22,MAG,27.0,0,0.14476646472530796,True
2022,22,MAG,28.0,0,0.14240169986904544,True
2022,22,MAG,29.0,0,0.14284000036923827,True
2022,22,MAG,30.0,0,0.14478427823304282,True
2022,22,MAG,31.0,0,0.14588368047648193,True
2022,22,MAG,32.0,0,0.16943815882223262,True
2022,22,MAG,33.0,0,0.16006061402503732,True
2022,22,MAG,34.0,0,0.14909035455111685,True
2022,22,MAG,35.0,1,0.15018682029242228,True
2022,22,MAG,36.0,1,0.1500046207385019,True
2022,22,MAG,37.0,1,0.159210767959524,True
2022,22,MAG,38.0,0,0.20073554219436063,True
2022,22,MAG,39.0,0,0.16728636910418884,True
2022,22,MAG,40.0,0,0.16725393402440347,True
2022,22,MAG,41.0,0,0.1601002624197046,True
2022,22,MAG,42.0,0,0.1648031153437603,True
2022,22,MAG,43.0,0,0.15785802677511285,True
2022,22,MAG,44.0,0,0.16362065716483104,True
2022,22,MAG,45.0,0,0.15502430087329108,True
2022,22,MAG,46.0,0,0.16300390025035078,True
2022,22,MAG,47.0,0,0.1581999884807674,True
2022,22,MAG,48.0,0,0.1620783935922116,True
2022,22,MAG,49.0,0,0.15971992728081075,True
2022,22,MAG,50.0,0,0.15796108597934375,True
2022,22,MAG,51.0,0,0.1719002824491547,True
2022,22,MAG,52.0,0,0.23276952364889766,True
2022,22,MAG,53.0,0,0.26929948348128224,True
2022,22,MAG,54.0,0,0.33150387731129516,True
2022,22,MSC,1.0,0,0.14573665357172022,True
2022,22,MSC,2.0,0,0.14452204682498535,True
2022,22,MSC,3.0,0,0.14438247006819618,True
2022,22,MSC,4.0,0,0.1445216266254127,True
2022,22,MSC,5.0,0,0.14462717514108947,True
2022,22,MSC,6.0,0,0.14342900962215105,True
2022,22,MSC,7.0,0,0.14372251665108698,True
2022,22,MSC,8.0,0,0.14480913793043756,True
2022,22,MSC,9.0,0,0.15413799997671995,True
2022,22,MSC,10.0,0,0.1457252544275528,True
2022,22,MSC,11.0,0,0.15193583221228746,True
2022,22,MSC,12.0,0,0.1482665299136926,True
2022,22,MSC,13.0,0,0.15603036965983344,True
2022,22,MSC,14.0,0,0.14516505500035634,True
2022,22,MSC,15.0,0,0.1414254923816886,True
2022,22,MSC,16.0,0,0.14215997405132905,True
2022,22,MSC,17.0,0,0.1444849229283949,True
2022,22,MSC,18.0,0,0.1419221143410368,True
2022,22,MSC,19.0,0,0.14206833931715662,True
2022,22,MSC,20.0,0,0.14225335304704348,True
2022,22,MSC,21.0,0,0.14251434777930494,True
2022,22,MSC,22.0,0,0.14231278052283242,True
2022,22,MSC,23.0,0,0.14235184859772454,True
2022,22,MSC,24.0,0,0.1420312655750942,True
2022,22,MSC,25.0,0,0.1416022892856167,True
2022,22,MSC,26.0,0,0.14214050936462114,True
2022,22,MSC,27.0,0,0.1447846930054111,True
2022,22,MSC,28.0,0,0.14269638075346597,True
2022,22,MSC,29.0,0,0.14209457338116013,True
2022,22,MSC,30.0,0,0.14314971910519328,True
2022,22,MSC,31.0,0,0.1435616208238002,True
2022,22,MSC,32.0,0,0.15980882521780845,True
2022,22,MSC,33.0,0,0.1520512586378295,True
2022,22,MSC,34.0,0,0.14431602463699802,True
2022,22,MSC,35.0,1,0.1484913544312227,True
2022,22,MSC,36.0,1,0.14897277132638492,True
2022,22,MSC,37.0,1,0.16081740408357878,True
2022,22,MSC,38.0,0,0.19340432453882733,True
2022,22,MSC,39.0,0,0.17116916021569933,True
2022,22,MSC,40.0,0,0.16825274952235159,True
2022,22,MSC,41.0,0,0.16079173922472192,True
2022,22,MSC,42.0,0,0.1645450985030483,True
2022,22,MSC,43.0,0,0.15953568898268114,True
2022,22,MSC,44.0,0,0.16754340385212796,True
2022,22,MSC,45.0,0,0.15696490416921888,True
2022,22,MSC,46.0,0,0.16545455776504064,True
2022,22,MSC,47.0,0,0.15879486457656738,True
2022,22,MSC,48.0,0,0.16404881279960568,True
2022,22,MSC,49.0,0,0.15974597915743285,True
2022,22,MSC,50.0,0,0.15722707838346506,True
2022,22,MSC,51.0,0,0.17394824334466844,True
2022,22,MSC,52.0,0,0.23431313140241067,True
2022,22,MSC,53.0,0,0.240354030814009,True
2022,22,MSC,54.0,0,0.33047419906360603,True
2022,22,NOR,1.0,0,0.1449607797754024,True
2022,22,NOR,2.0,0,0.14373278341815968,True
2022,22,NOR,3.0,0,0.1436858058802683,True
2022,22,NOR,4.0,0,0.14411794410307985,True
2022,22,NOR,5.0,0,0.14434857106544116,True
2022,22,NOR,6.0,0,0.14308722471739013,True
2022,22,NOR,7.0,0,0.14347960517139058,True
2022,22,NOR,8.0,0,0.14419388410386988,True
2022,22,NOR,9.0,0,0.15272479611382922,True
2022,22,NOR,10.0,0,0.14504630074740077,True
2022,22,NOR,11.0,0,0.14935233544093757,True
2022,22,NOR,12.0,0,0.14775070161251463,True
2022,22,NOR,13.0,0,0.15577962578986307,True
2022,22,NOR,14.0,0,0.1452807510895417,True
2022,22,NOR,15.0,0,0.14238414924352477,True
2022,22,NOR,16.0,0,0.14260365996080754,True
2022,22,NOR,17.0,0,0.14414239442117227,True
2022,22,NOR,18.0,0,0.14196035348039052,True
2022,22,NOR,19.0,0,0.14212973481292754,True
2022,22,NOR,20.0,0,0.14218298312393898,True
2022,22,NOR,21.0,0,0.14247666030528644,True
2022,22,NOR,22.0,0,0.14266244610278794,True
2022,22,NOR,23.0,0,0.14269573509328995,True
2022,22,NOR,24.0,0,0.14209784927616873,True
2022,22,NOR,25.0,0,0.14146563167929993,True
2022,22,NOR,26.0,0,0.14212734092747453,True
2022,22,NOR,27.0,0,0.14471554745356402,True
2022,22,NOR,28.0,0,0.14271548644389567,True
2022,22,NOR,29.0,0,0.14212841821116262,True
2022,22,NOR,30.0,0,0.14321180259881433,True
2022,22,NOR,31.0,0,0.14348420420461458,True
2022,22,NOR,32.0,0,0.15962756450852902,True
2022,22,NOR,33.0,0,0.1520810480715731,True
2022,22,NOR,34.0,0,0.14513376657727017,True
2022,22,NOR,35.0,1,0.1453992200993171,True
2022,22,NOR,36.0,1,0.14630221544440675,True
2022,22,NOR,37.0,1,0.15235915522455887,True
2022,22,NOR,38.0,0,0.2056387702331673,True
2022,22,NOR,39.0,0,0.15877466885011915,True
2022,22,NOR,40.0,0,0.1603571060598387,True
2022,22,NOR,41.0,0,0.157050478784256,True
2022,22,NOR,42.0,0,0.15910089848934686,True
2022,22,NOR,43.0,0,0.1527967269526235,True
2022,22,NOR,44.0,0,0.1656845477382061,True
2022,22,NOR,45.0,0,0.15733210103706466,True
2022,22,NOR,46.0,0,0.16836133592719146,True
2022,22,NOR,47.0,0,0.1583105565348249,True
2022,22,NOR,48.0,0,0.1655271590733617,True
2022,22,NOR,49.0,0,0.15768718505867066,True
2022,22,NOR,50.0,0,0.15960442498586397,True
2022,22,NOR,51.0,0,0.1789005133943757,True
2022,22,NOR,52.0,0,0.21744649336146632,True
2022,22,NOR,53.0,0,0.2646855078539174,True
2022,22,NOR,54.0,0,0.32438423598280386,True
2022,22,NOR,55.0,0,0.3366866893874221,True
2022,22,OCO,1.0,0,0.14495379634599126,True
2022,22,OCO,2.0,0,0.14385626059450998,True
2022,22,OCO,3.0,0,0.14409270947142322,True
2022,22,OCO,4.0,0,0.14411794410307985,True
2022,22,OCO,5.0,0,0.14405249426511751,True
2022,22,OCO,6.0,0,0.14309529204504462,True
2022,22,OCO,7.0,0,0.14349522475670576,True
2022,22,OCO,8.0,0,0.14531279224409005,True
2022,22,OCO,9.0,0,0.15421174798995266,True
2022,22,OCO,10.0,0,0.14574607687513624,True
2022,22,OCO,11.0,0,0.1494294839051529,True
2022,22,OCO,12.0,0,0.14832139838858777,True
2022,22,OCO,13.0,0,0.15578415095945,True
2022,22,OCO,14.0,0,0.14507102335983207,True
2022,22,OCO,15.0,0,0.1414254923816886,True
2022,22,OCO,16.0,0,0.1421629440397128,True
2022,22,OCO,17.0,0,0.1444849229283949,True
2022,22,OCO,18.0,0,0.1419221143410368,True
2022,22,OCO,19.0,0,0.14209316882073605,True
2022,22,OCO,20.0,0,0.14225392430322747,True
2022,22,OCO,21.0,0,0.14246815144142874,True
2022,22,OCO,22.0,0,0.14273130057818217,True
2022,22,OCO,23.0,0,0.14272353663584342,True
2022,22,OCO,24.0,0,0.14220573280331222,True
2022,22,OCO,25.0,0,0.1415268398036244,True
2022,22,OCO,26.0,0,0.14212127737972263,True
2022,22,OCO,27.0,0,0.1447872521025348,True
2022,22,OCO,28.0,0,0.1427214754728276,True
2022,22,OCO,29.0,0,0.14206346676248827,True
2022,22,OCO,30.0,0,0.14316680932455228,True
2022,22,OCO,31.0,0,0.14357825209807026,True
2022,22,OCO,32.0,0,0.1596110746815009,True
2022,22,OCO,33.0,0,0.1520810480715731,True
2022,22,OCO,34.0,0,0.14511882004457613,True
2022,22,OCO,35.0,1,0.14562025117445174,True
2022,22,OCO,36.0,1,0.14627538843664228,True
2022,22,OCO,37.0,1,0.15236107259168413,True
2022,22,OCO,38.0,0,0.20084121129087004,True
2022,22,OCO,39.0,0,0.15936940702269442,True
2022,22,OCO,40.0,0,0.16093129319532087,True
2022,22,OCO,41.0,0,0.1559242866519199,True
2022,22,OCO,42.0,0,0.15405199001514874,True
2022,22,OCO,43.0,0,0.15704033021510436,True
2022,22,OCO,44.0,0,0.16813716089998673,True
2022,22,OCO,45.0,0,0.1564849691942641,True
2022,22,OCO,46.0,0,0.16495863898828933,True
2022,22,OCO,47.0,0,0.15590065170163692,True
2022,22,OCO,48.0,0,0.15968106373557917,True
2022,22,OCO,49.0,0,0.15323255421295845,True
2022,22,OCO,50.0,0,0.15415214780487077,True
2022,22,OCO,51.0,0,0.16747577871330402,True
2022,22,OCO,52.0,0,0.18797411523404892,True
2022,22,OCO,53.0,0,0.22323184202401686,True
2022,22,OCO,54.0,0,0.2927994491107438,True
2022,22,OCO,55.0,0,0.31385230674667175,True
2022,22,PER,1.0,0,0.14578852504153042,True
2022,22,PER,2.0,0,0.1437138370013933,True
2022,22,PER,3.0,0,0.14368400103338347,True
2022,22,PER,4.0,0,0.14411487480553803,True
2022,22,PER,5.0,0,0.14384409245619834,True
2022,22,PER,6.0,0,0.14296086603087527,True
2022,22,PER,7.0,0,0.1433171505848182,True
2022,22,PER,8.0,0,0.14419419645276682,True
2022,22,PER,9.0,0,0.15212817241629484,True
2022,22,PER,10.0,0,0.14504686662224242,True
2022,22,PER,11.0,0,0.1493629358824507,True
2022,22,PER,12.0,0,0.1475807263230086,True
2022,22,PER,13.0,0,0.1540373195584342,True
2022,22,PER,14.0,0,0.14469775547903213,True
2022,22,PER,15.0,0,0.14242141037496664,True
2022,22,PER,16.0,0,0.14260365996080754,True
2022,22,PER,17.0,0,0.1443461215500207,True
2022,22,PER,18.0,0,0.14196524903329627,True
2022,22,PER,19.0,0,0.14244288060574098,True
2022,22,PER,20.0,0,0.1421825785165538,True
2022,22,PER,21.0,0,0.14247666030528644,True
2022,22,PER,22.0,0,0.14284135339235096,True
2022,22,PER,23.0,0,0.1426956749540554,True
2022,22,PER,24.0,0,0.1420978193323661,True
2022,22,PER,25.0,0,0.14146560849354134,True
2022,22,PER,26.0,0,0.14195798828726816,True
2022,22,PER,27.0,0,0.1447201763842912,True
2022,22,PER,28.0,0,0.1423509563943262,True
2022,22,PER,29.0,0,0.14200854741588445,True
2022,22,PER,30.0,0,0.14288534705173045,True
2022,22,PER,31.0,0,0.14340583353672762,True
2022,22,PER,32.0,0,0.1583464051017699,True
2022,22,PER,33.0,0,0.1520512586378295,True
2022,22,PER,34.0,0,0.14433310065017185,True
2022,22,PER,35.0,1,0.14579283717291927,True
2022,22,PER,36.0,1,0.14642189602362127,True
2022,22,PER,37.0,1,0.15531765845963844,True
2022,22,PER,38.0,0,0.2129236772994966,True
2022,22,PER,39.0,0,0.16311167109468636,True
2022,22,PER,40.0,0,0.16119993627889156,True
2022,22,PER,41.0,0,0.15905780235709438,True
2022,22,PER,42.0,0,0.16098340830111246,True
2022,22,PER,43.0,0,0.15651911916403213,True
2022,22,PER,44.0,0,0.16613453573782547,True
2022,22,PER,45.0,0,0.15597629174439853,True
2022,22,PER,46.0,0,0.16355412985972598,True
2022,22,PER,47.0,0,0.1553378466178978,True
2022,22,PER,48.0,0,0.15783627554179333,True
2022,22,PER,49.0,0,0.1518361983421401,True
2022,22,PER,50.0,0,0.15289519904776236,True
2022,22,PER,51.0,0,0.16143972137280146,True
2022,22,PER,52.0,0,0.18773926009982977,True
2022,22,PER,53.0,0,0.2231605993692974,True
2022,22,PER,54.0,0,0.29537109548648754,True
2022,22,PER,55.0,0,0.31418005081371847,True
2022,22,RIC,1.0,0,0.14573665357172022,True
2022,22,RIC,2.0,0,0.1443015044836529,True
2022,22,RIC,3.0,0,0.14413287105318717,True
2022,22,RIC,4.0,0,0.14466541981613032,True
2022,22,RIC,5.0,0,0.1442865518073863,True
2022,22,RIC,6.0,0,0.14299951418785983,True
2022,22,RIC,7.0,0,0.14372251665108698,True
2022,22,RIC,8.0,0,0.14445004370323428,True
2022,22,RIC,9.0,0,0.15285975908465857,True
2022,22,RIC,10.0,0,0.14516611918814554,True
2022,22,RIC,11.0,0,0.14953792196737964,True
2022,22,RIC,12.0,0,0.1482665299136926,True
2022,22,RIC,13.0,0,0.15603036965983344,True
2022,22,RIC,14.0,0,0.14532351056632686,True
2022,22,RIC,15.0,0,0.14234852845694096,True
2022,22,RIC,16.0,0,0.14430318020675256,True
2022,22,RIC,17.0,0,0.14779563563142215,True
2022,22,RIC,18.0,0,0.14275033247753235,True
2022,22,RIC,19.0,0,0.14285351742463934,True
2022,22,RIC,20.0,0,0.14194554262894732,True
2022,22,RIC,21.0,0,0.14208260446432242,True
2022,22,RIC,22.0,0,0.14223019833686154,True
2022,22,RIC,23.0,0,0.1422908014118041,True
2022,22,RIC,24.0,0,0.1420433806861967,True
2022,22,RIC,25.0,0,0.14148659924955712,True
2022,22,RIC,26.0,0,0.14204879820734506,True
2022,22,RIC,27.0,0,0.144480038921225,True
2022,22,RIC,28.0,0,0.14260250669167154,True
2022,22,RIC,29.0,0,0.14205996671249183,True
2022,22,RIC,30.0,0,0.14296845046393233,True
2022,22,RIC,31.0,0,0.14345773895264957,True
2022,22,RIC,32.0,0,0.15961796443216508,True
2022,22,RIC,33.0,0,0.1519198671280225,True
2022,22,RIC,34.0,0,0.14506636032976683,True
2022,22,RIC,35.0,1,0.14521408317646306,True
2022,22,RIC,36.0,1,0.14621775475464044,True
2022,22,RIC,37.0,1,0.15256997059071084,True
2022,22,RIC,38.0,0,0.2104887418114513,True
2022,22,RIC,39.0,0,0.15941880623339316,True
2022,22,RIC,40.0,0,0.1603479803975045,True
2022,22,RIC,41.0,0,0.15661725970540621,True
2022,22,RIC,42.0,0,0.16000434947880032,True
2022,22,RIC,43.0,0,0.15430985091912905,True
2022,22,RIC,44.0,0,0.16601810323613492,True
2022,22,RIC,45.0,0,0.1526632783640435,True
2022,22,RIC,46.0,0,0.16039025115320266,True
2022,22,RIC,47.0,0,0.15345961075767894,True
2022,22,RIC,48.0,0,0.15529534201095332,True
2022,22,RIC,49.0,0,0.15262197879341413,True
2022,22,RIC,50.0,0,0.15203466294951146,True
2022,22,RIC,51.0,0,0.1582495455217789,True
2022,22,RIC,52.0,0,0.1796329033529606,True
2022,22,RIC,53.0,0,0.209421412996095,True
2022,22,RIC,54.0,0,0.28185882487267777,True
2022,22,RIC,55.0,0,0.2911543486996866,True
2022,22,RUS,1.0,0,0.1449367544201558,True
2022,22,RUS,2.0,0,0.14373214032709133,True
2022,22,RUS,3.0,0,0.14368483690251196,True
2022,22,RUS,4.0,0,0.14411629605714846,True
2022,22,RUS,5.0,0,0.14384617967704227,True
2022,22,RUS,6.0,0,0.1429596790919347,True
2022,22,RUS,7.0,0,0.14332495457792213,True
2022,22,RUS,8.0,0,0.14419330957189558,True
2022,22,RUS,9.0,0,0.15212817241629484,True
2022,22,RUS,10.0,0,0.14504644891544385,True
2022,22,RUS,11.0,0,0.14936206459094606,True
2022,22,RUS,12.0,0,0.1475807263230086,True
2022,22,RUS,13.0,0,0.1540373195584342,True
2022,22,RUS,14.0,0,0.14469775547903213,True
2022,22,RUS,15.0,0,0.14242141037496664,True
2022,22,RUS,16.0,0,0.14260365996080754,True
2022,22,RUS,17.0,0,0.14483657922788554,True
2022,22,RUS,18.0,0,0.1419639709238608,True
2022,22,RUS,19.0,0,0.14213228983766513,True
2022,22,RUS,20.0,0,0.14218228183292483,True
2022,22,RUS,21.0,0,0.14247633452929973,True
2022,22,RUS,22.0,0,0.14266237389895356,True
2022,22,RUS,23.0,0,0.14269580762719727,True
2022,22,RUS,24.0,0,0.1420978193323661,True
2022,22,RUS,25.0,0,0.14146560849354134,True
2022,22,RUS,26.0,0,0.14195798828726816,True
2022,22,RUS,27.0,0,0.1446792181924182,True
2022,22,RUS,28.0,0,0.1423509563943262,True
2022,22,RUS,29.0,0,0.14200854741588445,True
2022,22,RUS,30.0,0,0.14288424217508439,True
2022,22,RUS,31.0,0,0.1433589572999165,True
2022,22,RUS,32.0,0,0.1583464051017699,True
2022,22,RUS,33.0,0,0.15184515713850139,True
2022,22,RUS,34.0,0,0.14490853545764465,True
2022,22,RUS,35.0,0,0.14517786401735866,True
2022,22,RUS,36.0,1,0.1454263352054677,True
2022,22,RUS,37.0,1,0.15092532119673902,True
2022,22,RUS,38.0,1,0.14952790864320453,True
2022,22,RUS,39.0,0,0.21611634548084097,True
2022,22,RUS,40.0,0,0.15583461208349075,True
2022,22,RUS,41.0,0,0.15884495455672948,True
2022,22,RUS,42.0,0,0.16616603783369363,True
2022,22,RUS,43.0,0,0.1612866069415992,True
2022,22,RUS,44.0,0,0.1687140175269707,True
2022,22,RUS,45.0,0,0.1562693594510288,True
2022,22,RUS,46.0,0,0.16584517807774005,True
2022,22,RUS,47.0,0,0.1597713710178451,True
2022,22,RUS,48.0,0,0.1648027908432149,True
2022,22,RUS,49.0,0,0.15755739253961293,True
2022,22,RUS,50.0,0,0.1594129619173595,True
2022,22,RUS,51.0,0,0.17699060677729278,True
2022,22,RUS,52.0,0,0.215578689552206,True
2022,22,RUS,53.0,0,0.2640688180347909,True
2022,22,RUS,54.0,0,0.3237263067331136,True
2022,22,RUS,55.0,0,0.33885859439340926,True
2022,22,SAI,1.0,0,0.1455152541231231,True
2022,22,SAI,2.0,0,0.14373158550715395,True
2022,22,SAI,3.0,0,0.14368483690251196,True
2022,22,SAI,4.0,0,0.14411629605714846,True
2022,22,SAI,5.0,0,0.1440016660390861,True
2022,22,SAI,6.0,0,0.1429596790919347,True
2022,22,SAI,7.0,0,0.14331847314330057,True
2022,22,SAI,8.0,0,0.14419419645276682,True
2022,22,SAI,9.0,0,0.15212817241629484,True
2022,22,SAI,10.0,0,0.14504686662224242,True
2022,22,SAI,11.0,0,0.1493629358824507,True
2022,22,SAI,12.0,0,0.1475807263230086,True
2022,22,SAI,13.0,0,0.15403858122061498,True
2022,22,SAI,14.0,0,0.14451818971567887,True
2022,22,SAI,15.0,0,0.14225579127021776,True
2022,22,SAI,16.0,0,0.14331809568020942,True
2022,22,SAI,17.0,0,0.14706035002367707,True
2022,22,SAI,18.0,0,0.1419331167640508,True
2022,22,SAI,19.0,0,0.14199931948929176,True
2022,22,SAI,20.0,0,0.1422148092045945,True
2022,22,SAI,21.0,0,0.1424211198741447,True
2022,22,SAI,22.0,0,0.1426829446388908,True
2022,22,SAI,23.0,0,0.14270428903139307,True
2022,22,SAI,24.0,0,0.14207639937653602,True
2022,22,SAI,25.0,0,0.1414582523701841,True
2022,22,SAI,26.0,0,0.1419596001431693,True
2022,22,SAI,27.0,0,0.144710595710256,True
2022,22,SAI,28.0,0,0.14243335640989452,True
2022,22,SAI,29.0,0,0.14201424057354478,True
2022,22,SAI,30.0,0,0.1429158053736262,True
2022,22,SAI,31.0,0,0.14342775902057792,True
2022,22,SAI,32.0,0,0.1582941549168288,True
2022,22,SAI,33.0,0,0.15181659218590196,True
2022,22,SAI,34.0,0,0.1449310530727393,True
2022,22,SAI,35.0,0,0.14516490730501083,True
2022,22,SAI,36.0,1,0.1454259485929193,True
2022,22,SAI,37.0,1,0.1510224646910138,True
2022,22,SAI,38.0,1,0.14973049051625764,True
2022,22,SAI,39.0,0,0.21805433921770975,True
2022,22,SAI,40.0,0,0.15388861709754115,True
2022,22,SAI,41.0,0,0.15809557372244684,True
2022,22,SAI,42.0,0,0.16250183868116977,True
2022,22,SAI,43.0,0,0.1589711060616156,True
2022,22,SAI,44.0,0,0.1674352183982612,True
2022,22,SAI,45.0,0,0.15497456403910384,True
2022,22,SAI,46.0,0,0.1646151888851561,True
2022,22,SAI,47.0,0,0.15577639998413503,True
2022,22,SAI,48.0,0,0.1599671235259515,True
2022,22,SAI,49.0,0,0.15329792378185655,True
2022,22,SAI,50.0,0,0.15396295600603035,True
2022,22,SAI,51.0,0,0.16761925819600956,True
2022,22,SAI,52.0,0,0.18874482786649396,True
2022,22,SAI,53.0,0,0.22533703927810222,True
2022,22,SAI,54.0,0,0.291539199245671,True
2022,22,SAI,55.0,0,0.31257073901494264,True
2022,22,STR,1.0,0,0.14573665357172022,True
2022,22,STR,2.0,0,0.1443015044836529,True
2022,22,STR,3.0,0,0.14413287105318717,True
2022,22,STR,4.0,0,0.14417632062523866,True
2022,22,STR,5.0,0,0.1440016660390861,True
2022,22,STR,6.0,0,0.14304011382927448,True
2022,22,STR,7.0,0,0.14372251665108698,True
2022,22,STR,8.0,0,0.14445004370323428,True
2022,22,STR,9.0,0,0.15413799997671995,True
2022,22,STR,10.0,0,0.1457252544275528,True
2022,22,STR,11.0,0,0.15066310015462295,True
2022,22,STR,12.0,0,0.1482665299136926,True
2022,22,STR,13.0,0,0.15417046881330862,True
2022,22,STR,14.0,0,0.14253302556574568,True
2022,22,STR,15.0,0,0.1415006225107685,True
2022,22,STR,16.0,0,0.1422589415402476,True
2022,22,STR,17.0,0,0.14442610682138796,True
2022,22,STR,18.0,0,0.14196437680941326,True
2022,22,STR,19.0,0,0.14218254698968158,True
2022,22,STR,20.0,0,0.14230274413260807,True
2022,22,STR,21.0,0,0.14258168184411374,True
2022,22,STR,22.0,0,0.14275904812645202,True
2022,22,STR,23.0,0,0.14266027285958455,True
2022,22,STR,24.0,0,0.1420773258190119,True
2022,22,STR,25.0,0,0.14143905022173459,True
2022,22,STR,26.0,0,0.14196870904186923,True
2022,22,STR,27.0,0,0.1447076346930534,True
2022,22,STR,28.0,0,0.14273355176843558,True
2022,22,STR,29.0,0,0.14215258955353413,True
2022,22,STR,30.0,0,0.14325369088708745,True
2022,22,STR,31.0,0,0.14357858049541786,True
2022,22,STR,32.0,0,0.1585552628396611,True
2022,22,STR,33.0,0,0.15183821567237726,True
2022,22,STR,34.0,0,0.14473550311996636,True
2022,22,STR,35.0,1,0.14558523574996643,True
2022,22,STR,36.0,1,0.14633312519819977,True
2022,22,STR,37.0,1,0.1524818766378684,True
2022,22,STR,38.0,0,0.20911873559363117,True
2022,22,STR,39.0,0,0.15937085142269775,True
2022,22,STR,40.0,0,0.1582398845435628,True
2022,22,STR,41.0,0,0.15293608883527526,True
2022,22,STR,42.0,0,0.1661691456554108,True
2022,22,STR,43.0,0,0.15902017372255006,True
2022,22,STR,44.0,0,0.1709640733169021,True
2022,22,STR,45.0,0,0.15622191267943814,True
2022,22,STR,46.0,0,0.16624587156315535,True
2022,22,STR,47.0,0,0.1589651428109548,True
2022,22,STR,48.0,0,0.16488112832000423,True
2022,22,STR,49.0,0,0.16022875737236572,True
2022,22,STR,50.0,0,0.15902873590427616,True
2022,22,STR,51.0,0,0.17910744090368502,True
2022,22,STR,52.0,0,0.2201441636176654,True
2022,22,STR,53.0,0,0.26541755222894625,True
2022,22,STR,54.0,0,0.3248991847403289,True
2022,22,STR,55.0,0,0.3355915099455589,True
2022,22,TSU,1.0,0,0.14583824540424808,True
2022,22,TSU,2.0,0,0.14436574722080917,True
2022,22,TSU,3.0,0,0.144214757225194,True
2022,22,TSU,4.0,0,0.14424046242769747,True
2022,22,TSU,5.0,0,0.1440121826039542,True
2022,22,TSU,6.0,0,0.14326671358000842,True
2022,22,TSU,7.0,0,0.14377788893381677,True
2022,22,TSU,8.0,0,0.14448465288101542,True
2022,22,TSU,9.0,0,0.15421174798995266,True
2022,22,TSU,10.0,0,0.14521466654260468,True
2022,22,TSU,11.0,0,0.15069009445648382,True
2022,22,TSU,12.0,0,0.14778604304184734,True
2022,22,TSU,13.0,0,0.15576123671264638,True
2022,22,TSU,14.0,0,0.14512469304574754,True
2022,22,TSU,15.0,0,0.1414254923816886,True
2022,22,TSU,16.0,0,0.14215997405132905,True
2022,22,TSU,17.0,0,0.14438675351631708,True
2022,22,TSU,18.0,0,0.14191076677002867,True
2022,22,TSU,19.0,0,0.14208648384191577,True
2022,22,TSU,20.0,0,0.14224466649529502,True
2022,22,TSU,21.0,0,0.14219299864121043,True
2022,22,TSU,22.0,0,0.1423141112002469,True
2022,22,TSU,23.0,0,0.14272479196253304,True
2022,22,TSU,24.0,0,0.1420312655750942,True
2022,22,TSU,25.0,0,0.14160183879752347,True
2022,22,TSU,26.0,0,0.14213920605746647,True
2022,22,TSU,27.0,0,0.1447872521025348,True
2022,22,TSU,28.0,0,0.1427337427517206,True
2022,22,TSU,29.0,0,0.14210629840107727,True
2022,22,TSU,30.0,0,0.14320637130193747,True
2022,22,TSU,31.0,0,0.14357843801071682,True
2022,22,TSU,32.0,0,0.15967574236854046,True
2022,22,TSU,33.0,0,0.1520200669106031,True
2022,22,TSU,34.0,0,0.14511052445693495,True
2022,22,TSU,35.0,1,0.14555562268911995,True
2022,22,TSU,36.0,1,0.14628751202889984,True
2022,22,TSU,37.0,1,0.15238914637488649,True
2022,22,TSU,38.0,0,0.20730193211754208,True
2022,22,TSU,39.0,0,0.16241546403815693,True
2022,22,TSU,40.0,0,0.16548082067012507,True
2022,22,TSU,41.0,0,0.16376128027363307,True
2022,22,TSU,42.0,0,0.16687040316976295,True
2022,22,TSU,43.0,0,0.161875649064065,True
2022,22,TSU,44.0,0,0.16782298973232374,True
2022,22,TSU,45.0,0,0.156778767929931,True
2022,22,TSU,46.0,0,0.16587995172711256,True
2022,22,TSU,47.0,0,0.15968178341659706,True
2022,22,TSU,48.0,0,0.1647041215072996,True
2022,22,TSU,49.0,0,0.1588187726702793,True
2022,22,TSU,50.0,0,0.16010272060138347,True
2022,22,TSU,51.0,0,0.18120384274704598,True
2022,22,TSU,52.0,0,0.23007731728970016,True
2022,22,TSU,53.0,0,0.2630349766881813,True
2022,22,TSU,54.0,0,0.3336933862272888,True
2022,22,TSU,55.0,0,0.3398561580073901,True
2022,22,VER,1.0,0,0.14593889858053735,True
2022,22,VER,2.0,0,0.1437138370013933,True
2022,22,VER,3.0,0,0.14368714852603648,True
2022,22,VER,4.0,0,0.14412034388664802,True
2022,22,VER,5.0,0,0.14384617967704227,True
2022,22,VER,6.0,0,0.14296086603087527,True
2022,22,VER,7.0,0,0.1433171505848182,True
2022,22,VER,8.0,0,0.14419419645276682,True
2022,22,VER,9.0,0,0.15212817241629484,True
2022,22,VER,10.0,0,0.145113035281493,True
2022,22,VER,11.0,0,0.1493629358824507,True
2022,22,VER,12.0,0,0.14758158843685124,True
2022,22,VER,13.0,0,0.15380063801491134,True
2022,22,VER,14.0,0,0.14451974539297324,True
2022,22,VER,15.0,0,0.14225623184185518,True
2022,22,VER,16.0,0,0.14331817983960274,True
2022,22,VER,17.0,0,0.1478596942693206,True
2022,22,VER,18.0,0,0.14279649232154737,True
2022,22,VER,19.0,0,0.14314019936478833,True
2022,22,VER,20.0,0,0.14265766872713886,True
2022,22,VER,21.0,0,0.14202753114719457,True
2022,22,VER,22.0,0,0.14262162361425204,True
2022,22,VER,23.0,0,0.142619774826795,True
2022,22,VER,24.0,0,0.14212840996448944,True
2022,22,VER,25.0,0,0.14152355369481234,True
2022,22,VER,26.0,0,0.14203453613864028,True
2022,22,VER,27.0,0,0.14462126031232708,True
2022,22,VER,28.0,0,0.14242109357272753,True
2022,22,VER,29.0,0,0.1420293213372629,True
2022,22,VER,30.0,0,0.14306101226100537,True
2022,22,VER,31.0,0,0.1434647661163324,True
2022,22,VER,32.0,0,0.15949740925654834,True
2022,22,VER,33.0,0,0.15188690122457188,True
2022,22,VER,34.0,0,0.14491369195004972,True
2022,22,VER,35.0,0,0.14512715444318008,True
2022,22,VER,36.0,1,0.14536343310927816,True
2022,22,VER,37.0,1,0.15103520292824443,True
2022,22,VER,38.0,1,0.1496361294853772,True
2022,22,VER,39.0,0,0.22088159578373828,True
2022,22,VER,40.0,0,0.1601922494131463,True
2022,22,VER,41.0,0,0.15706884604583,True
2022,22,VER,42.0,0,0.15854133556023028,True
2022,22,VER,43.0,0,0.1531820514067194,True
2022,22,VER,44.0,0,0.16118916655147206,True
2022,22,VER,45.0,0,0.15055240509200843,True
2022,22,VER,46.0,0,0.15975858070582696,True
2022,22,VER,47.0,0,0.15347385304843647,True
2022,22,VER,48.0,0,0.15455607242501662,True
2022,22,VER,49.0,0,0.15019318206640822,True
2022,22,VER,50.0,0,0.15140722981645185,True
2022,22,VER,51.0,0,0.15698472424253868,True
2022,22,VER,52.0,0,0.17082469607170725,True
2022,22,VER,53.0,0,0.20034083135552586,True
2022,22,VER,54.0,0,0.2686478739437142,True
2022,22,VER,55.0,0,0.2775207445471441,True
2022,22,VET,1.0,0,0.1449522623457631,True
2022,22,VET,2.0,0,0.14376057669771097,True
2022,22,VET,3.0,0,0.1440232395336261,True
2022,22,VET,4.0,0,0.14411794410307985,True
2022,22,VET,5.0,0,0.14405249426511751,True
2022,22,VET,6.0,0,0.14309603366382462,True
2022,22,VET,7.0,0,0.1434653404492452,True
2022,22,VET,8.0,0,0.14531279224409005,True
2022,22,VET,9.0,0,0.15572460093294527,True
2022,22,VET,10.0,0,0.14521466654260468,True
2022,22,VET,11.0,0,0.14951363417256425,True
2022,22,VET,12.0,0,0.14778365856451287,True
2022,22,VET,13.0,0,0.15578415095945,True
2022,22,VET,14.0,0,0.14528895770317074,True
2022,22,VET,15.0,0,0.14225565313904617,True
2022,22,VET,16.0,0,0.14430318020675256,True
2022,22,VET,17.0,0,0.14779563563142215,True
2022,22,VET,18.0,0,0.14280385877859508,True
2022,22,VET,19.0,0,0.1431349755068198,True
2022,22,VET,20.0,0,0.14267598022847805,True
2022,22,VET,21.0,0,0.14247507175719643,True
2022,22,VET,22.0,0,0.14243140874591523,True
2022,22,VET,23.0,0,0.14345750578766747,True
2022,22,VET,24.0,0,0.14403317353832007,True
2022,22,VET,25.0,0,0.1422887135631951,True
2022,22,VET,26.0,0,0.14194026184957959,True
2022,22,VET,27.0,0,0.14452023506989234,True
2022,22,VET,28.0,0,0.14267320416315638,True
2022,22,VET,29.0,0,0.1420499471972105,True
2022,22,VET,30.0,0,0.14308196993846306,True
2022,22,VET,31.0,0,0.14310371892529825,True
2022,22,VET,32.0,0,0.15966573721055127,True
2022,22,VET,33.0,0,0.1519550148047833,True
2022,22,VET,34.0,0,0.14510075274695283,True
2022,22,VET,35.0,1,0.14537750502065347,True
2022,22,VET,36.0,1,0.1456914389696124,True
2022,22,VET,37.0,1,0.15263541505553138,True
2022,22,VET,38.0,0,0.20188742843318655,True
2022,22,VET,39.0,0,0.1603915843088058,True
2022,22,VET,40.0,0,0.1632033129317123,True
2022,22,VET,41.0,0,0.15770083535652182,True
2022,22,VET,42.0,0,0.1610265952927846,True
2022,22,VET,43.0,0,0.1559321300414599,True
2022,22,VET,44.0,0,0.16565786278432124,True
2022,22,VET,45.0,0,0.15451597111817397,True
2022,22,VET,46.0,0,0.15898389603259547,True
2022,22,VET,47.0,0,0.15260524521688365,True
2022,22,VET,48.0,0,0.15495035685317476,True
2022,22,VET,49.0,0,0.15231458267693407,True
2022,22,VET,50.0,0,0.1523662744539446,True
2022,22,VET,51.0,0,0.15826393050881263,True
2022,22,VET,52.0,0,0.18036759270059613,True
2022,22,VET,53.0,0,0.2345371575332978,True
2022,22,VET,54.0,0,0.29641109390372156,True
2022,22,VET,55.0,0,0.29168720312475377,True
2022,22,ZHO,1.0,0,0.14569260770127818,True
2022,22,ZHO,2.0,0,0.14452204682498535,True
2022,22,ZHO,3.0,0,0.1443872604199014,True
2022,22,ZHO,4.0,0,0.14467359654327155,True
2022,22,ZHO,5.0,0,0.14463299374858282,True
2022,22,ZHO,6.0,0,0.14321778005905178,True
2022,22,ZHO,7.0,0,0.14372251665108698,True
2022,22,ZHO,8.0,0,0.14440494784219818,True
2022,22,ZHO,9.0,0,0.15277933880642805,True
2022,22,ZHO,10.0,0,0.1451076872359728,True
2022,22,ZHO,11.0,0,0.15066310015462295,True
2022,22,ZHO,12.0,0,0.1476995565197383,True
2022,22,ZHO,13.0,0,0.1560074637163456,True
2022,22,ZHO,14.0,0,0.14530689214382553,True
2022,22,ZHO,15.0,0,0.14235954346575433,True
2022,22,ZHO,16.0,0,0.14260365996080754,True
2022,22,ZHO,17.0,0,0.1441468723021913,True
2022,22,ZHO,18.0,0,0.14193285627252536,True
2022,22,ZHO,19.0,0,0.1420847317343174,True
2022,22,ZHO,20.0,0,0.14221679848708793,True
2022,22,ZHO,21.0,0,0.1425163362976547,True
2022,22,ZHO,22.0,0,0.14231278052283242,True
2022,22,ZHO,23.0,0,0.14235184859772454,True
2022,22,ZHO,24.0,0,0.14203044575569462,True
2022,22,ZHO,25.0,0,0.14160183525395925,True
2022,22,ZHO,26.0,0,0.1421471771130962,True
2022,22,ZHO,27.0,0,0.14480776492369113,True
2022,22,ZHO,28.0,0,0.14270595159688199,True
2022,22,ZHO,29.0,0,0.14210345866017,True
2022,22,ZHO,30.0,0,0.14317985904135302,True
2022,22,ZHO,31.0,0,0.14349165405271877,True
2022,22,ZHO,32.0,0,0.15979651652395718,True
2022,22,ZHO,33.0,0,0.15204558106945018,True
2022,22,ZHO,34.0,0,0.14515050318999562,True
2022,22,ZHO,35.0,1,0.14559337375400305,True
2022,22,ZHO,36.0,1,0.14632686565138428,True
2022,22,ZHO,37.0,1,0.15267726873066073,True
2022,22,ZHO,38.0,0,0.202489337155845,True
2022,22,ZHO,39.0,0,0.15889236453499997,True
2022,22,ZHO,40.0,0,0.16044217699416016,True
2022,22,ZHO,41.0,0,0.157050478784256,True
2022,22,ZHO,42.0,0,0.1605449448851502,True
2022,22,ZHO,43.0,0,0.15388972556362185,True
2022,22,ZHO,44.0,0,0.16211835148514261,True
2022,22,ZHO,45.0,0,0.15265817761771303,True
2022,22,ZHO,46.0,0,0.16472258428594397,True
2022,22,ZHO,47.0,0,0.15837716555835007,True
2022,22,ZHO,48.0,0,0.1635713672154029,True
2022,22,ZHO,49.0,0,0.16040503492510277,True
2022,22,ZHO,50.0,0,0.1589567121788638,True
2022,22,ZHO,51.0,0,0.17978351764117181,True
2022,22,ZHO,52.0,0,0.22891042209082083,True
2022,22,ZHO,53.0,0,0.2580679780844254,True
2022,22,ZHO,54.0,0,0.3227803628951557,True
2023,6,ALB,1.0,0,0.46124510474063796,True
2023,6,ALB,2.0,0,0.14345688332251544,True
2023,6,ALB,3.0,0,0.14143961659812598,True
2023,6,ALB,4.0,0,0.14191290078117422,True
2023,6,ALB,5.0,0,0.14343189703674625,True
2023,6,ALB,6.0,0,0.1428953746011858,True
2023,6,ALB,7.0,0,0.14086360694988304,True
2023,6,ALB,8.0,1,0.1402267745307469,True
2023,6,ALB,9.0,1,0.14086188739864838,True
2023,6,ALB,10.0,1,0.14229714657207168,True
2023,6,ALB,11.0,1,0.1541841396909566,True
2023,6,ALB,12.0,1,0.15098214404296031,True
2023,6,ALB,13.0,1,0.14341282410325648,True
2023,6,ALB,14.0,0,0.15416511817576933,True
2023,6,ALB,15.0,0,0.14245708084543288,True
2023,6,ALB,16.0,0,0.1409844450346266,True
2023,6,ALB,17.0,0,0.14655511245413191,True
2023,6,ALB,18.0,0,0.23590788777043376,True
2023,6,ALB,19.0,0,0.1741495528813079,True
2023,6,ALB,20.0,0,0.1439889416748875,True
2023,6,ALB,21.0,0,0.14399666118217563,True
2023,6,ALB,22.0,0,0.14590857095092322,True
2023,6,ALB,23.0,0,0.14461257141236597,True
2023,6,ALB,24.0,0,0.14211016618101083,True
2023,6,ALB,25.0,0,0.1415131167224291,True
2023,6,ALB,26.0,0,0.14112727946562856,True
2023,6,ALB,27.0,0,0.1409575178757529,True
2023,6,ALB,28.0,0,0.13937524805707063,True
2023,6,ALB,29.0,0,0.1397167588372587,True
2023,6,ALB,30.0,0,0.14216982958125232,True
2023,6,ALB,31.0,0,0.14103460904406126,True
2023,6,ALB,32.0,0,0.14135190005244042,True
2023,6,ALB,33.0,0,0.14457570537910716,True
2023,6,ALB,34.0,0,0.15049113916657536,True
2023,6,ALB,35.0,0,0.14161690041728225,True
2023,6,ALB,36.0,0,0.1422029292794481,True
2023,6,ALB,37.0,0,0.14412747558130606,True
2023,6,ALB,38.0,0,0.14243092868692148,True
2023,6,ALB,39.0,0,0.14380067469789937,True
2023,6,ALB,40.0,0,0.1476973604036356,True
2023,6,ALB,41.0,0,0.14732544246678705,True
2023,6,ALB,42.0,0,0.15039771183027742,True
2023,6,ALB,43.0,0,0.147045639308311,True
2023,6,ALB,44.0,0,0.14558548773543828,True
2023,6,ALB,45.0,0,0.16727521366023584,True
2023,6,ALB,46.0,0,0.19783163804856668,True
2023,6,ALB,47.0,0,0.1491030963566207,True
2023,6,ALB,48.0,0,0.20632955655933602,True
2023,6,ALB,49.0,0,0.26473409671560577,True
2023,6,ALB,50.0,0,0.2622902051004647,True
2023,6,ALB,51.0,1,0.18021109410792047,True
2023,6,ALB,52.0,1,0.17795189865473734,True
2023,6,ALB,53.0,1,0.1694711279573672,True
2023,6,ALB,54.0,1,0.460337836065999,True
2023,6,ALB,55.0,1,0.2267000624189935,True
2023,6,ALB,56.0,1,0.19228165664304916,True
2023,6,ALB,57.0,1,0.35628252140261285,True
2023,6,ALB,58.0,1,0.40297395723517015,True
2023,6,ALB,59.0,1,0.1719506873193946,True
2023,6,ALB,60.0,0,0.1695861613571149,True
2023,6,ALB,61.0,0,0.15989927949108573,True
2023,6,ALB,62.0,0,0.14707390696882555,True
2023,6,ALB,63.0,0,0.1494160333920065,True
2023,6,ALB,64.0,1,0.15015339364636215,True
2023,6,ALB,65.0,1,0.1413183552672885,True
2023,6,ALB,66.0,1,0.14211502838394205,True
2023,6,ALB,67.0,0,0.14901813239587533,True
2023,6,ALB,68.0,0,0.1500585156461914,True
2023,6,ALB,69.0,0,0.1434214124067235,True
2023,6,ALB,70.0,0,0.15827462842499518,True
2023,6,ALB,71.0,0,0.14376842035895174,True
2023,6,ALB,72.0,0,0.14602193139879022,True
2023,6,ALB,73.0,0,0.15019385441463268,True
2023,6,ALB,74.0,0,0.1433904610714281,True
2023,6,ALO,1.0,0,0.44027906210859,True
2023,6,ALO,2.0,0,0.1453485555095686,True
2023,6,ALO,3.0,0,0.14146621263264295,True
2023,6,ALO,4.0,0,0.14220081311004196,True
2023,6,ALO,5.0,0,0.14209575472815322,True
2023,6,ALO,6.0,0,0.141867705486629,True
2023,6,ALO,7.0,0,0.1418672698297663,True
2023,6,ALO,8.0,0,0.14043440963237988,True
2023,6,ALO,9.0,1,0.1406657841164062,True
2023,6,ALO,10.0,1,0.1397804278428343,True
2023,6,ALO,11.0,1,0.13988627150699717,True
2023,6,ALO,12.0,1,0.14504842706007431,True
2023,6,ALO,13.0,1,0.14237369972394526,True
2023,6,ALO,14.0,0,0.14881069644628994,True
2023,6,ALO,15.0,0,0.1404993394160922,True
2023,6,ALO,16.0,0,0.13985018233469218,True
2023,6,ALO,17.0,0,0.13973694899111483,True
2023,6,ALO,18.0,0,0.160036362196397,True
2023,6,ALO,19.0,0,0.14401920028844767,True
2023,6,ALO,20.0,0,0.14369431317232725,True
2023,6,ALO,21.0,0,0.14315844159220176,True
2023,6,ALO,22.0,0,0.1441608923991918,True
2023,6,ALO,23.0,0,0.14331985565002986,True
2023,6,ALO,24.0,0,0.1410708526482593,True
2023,6,ALO,25.0,0,0.14073831918368812,True
2023,6,ALO,26.0,0,0.14068118781109737,True
2023,6,ALO,27.0,0,0.140164271595382,True
2023,6,ALO,28.0,0,0.13908716085427061,True
2023,6,ALO,29.0,0,0.13922855444711435,True
2023,6,ALO,30.0,0,0.1389508021595555,True
2023,6,ALO,31.0,0,0.14087378469582054,True
2023,6,ALO,32.0,0,0.141717262214351,True
2023,6,ALO,33.0,0,0.14314489380473389,True
2023,6,ALO,34.0,0,0.14564135270205977,True
2023,6,ALO,35.0,0,0.14156507867290835,True
2023,6,ALO,36.0,0,0.14201692524217518,True
2023,6,ALO,37.0,0,0.14514528916988528,True
2023,6,ALO,38.0,0,0.14206252679119705,True
2023,6,ALO,39.0,0,0.14366474318116523,True
2023,6,ALO,40.0,0,0.14891198126890592,True
2023,6,ALO,41.0,0,0.14771216947010507,True
2023,6,ALO,42.0,0,0.14911178203502867,True
2023,6,ALO,43.0,0,0.14709093179018473,True
2023,6,ALO,44.0,0,0.14793656473844857,True
2023,6,ALO,45.0,0,0.1590460512763528,True
2023,6,ALO,46.0,0,0.15986352672795734,True
2023,6,ALO,47.0,0,0.15416992208981184,True
2023,6,ALO,48.0,0,0.18215548952273383,True
2023,6,ALO,49.0,0,0.17804431255880684,True
2023,6,ALO,50.0,0,0.19915139739808052,True
2023,6,ALO,51.0,0,0.18250287334573534,True
2023,6,ALO,52.0,1,0.1831877948459902,True
2023,6,ALO,53.0,1,0.18278612001670816,True
2023,6,ALO,54.0,1,0.25910775821912,True
2023,6,ALO,55.0,1,0.4216411876693102,True
2023,6,ALO,56.0,1,0.18789567838938978,True
2023,6,ALO,57.0,1,0.17827380909000493,True
2023,6,ALO,58.0,1,0.39109818423334836,True
2023,6,ALO,59.0,1,0.16972727313514158,True
2023,6,ALO,60.0,1,0.16183784970485976,True
2023,6,ALO,61.0,0,0.16592056940768624,True
2023,6,ALO,62.0,0,0.15226886717907714,True
2023,6,ALO,63.0,0,0.15095323884904946,True
2023,6,ALO,64.0,0,0.15021270720445834,True
2023,6,ALO,65.0,0,0.14147681196748213,True
2023,6,ALO,66.0,1,0.1425832598864594,True
2023,6,ALO,67.0,1,0.14475277959447042,True
2023,6,ALO,68.0,1,0.15212413685857074,True
2023,6,ALO,69.0,0,0.15084386913346387,True
2023,6,ALO,70.0,0,0.15332331604025742,True
2023,6,ALO,71.0,0,0.14267090642156216,True
2023,6,ALO,72.0,0,0.14569766527881411,True
2023,6,ALO,73.0,0,0.15012339158477905,True
2023,6,ALO,74.0,0,0.1441881268268786,True
2023,6,ALO,75.0,0,0.14542996254628038,True
2023,6,BOT,1.0,0,0.44503592947176773,True
2023,6,BOT,2.0,0,0.1453570998228218,True
2023,6,BOT,3.0,0,0.1415520648389738,True
2023,6,BOT,4.0,0,0.142301911558691,True
2023,6,BOT,5.0,0,0.14240226844906628,True
2023,6,BOT,6.0,0,0.14218796339712472,True
2023,6,BOT,7.0,0,0.1421865106772401,True
2023,6,BOT,8.0,1,0.14056030572618067,True
2023,6,BOT,9.0,1,0.14084154492075956,True
2023,6,BOT,10.0,1,0.1398506403079669,True
2023,6,BOT,11.0,1,0.15078914075943872,True
2023,6,BOT,12.0,1,0.1427413716710957,True
2023,6,BOT,13.0,1,0.1407714801481061,True
2023,6,BOT,14.0,0,0.14898553871621578,True
2023,6,BOT,15.0,0,0.14404191608063185,True
2023,6,BOT,16.0,0,0.1431074634866959,True
2023,6,BOT,17.0,0,0.1453387889194739,True
2023,6,BOT,18.0,0,0.16367122730562886,True
2023,6,BOT,19.0,0,0.14398342397244043,True
2023,6,BOT,20.0,0,0.14349966023627578,True
2023,6,BOT,21.0,0,0.1430043173246706,True
2023,6,BOT,22.0,0,0.1437860774725352,True
2023,6,BOT,23.0,0,0.1428506769194315,True
2023,6,BOT,24.0,0,0.14642193764034683,True
2023,6,BOT,25.0,0,0.1448541851581544,True
2023,6,BOT,26.0,0,0.14396022632077868,True
2023,6,BOT,27.0,0,0.14304147465252443,True
2023,6,BOT,28.0,0,0.14069628385010402,True
2023,6,BOT,29.0,0,0.1402344084577031,True
2023,6,BOT,30.0,0,0.13832623032152885,True
2023,6,BOT,31.0,0,0.14010593565898982,True
2023,6,BOT,32.0,0,0.14123988148510258,True
2023,6,BOT,33.0,0,0.14273918942094604,True
2023,6,BOT,34.0,0,0.15690307552552474,True
2023,6,BOT,35.0,0,0.14634537744755619,True
2023,6,BOT,36.0,0,0.147246495191328,True
2023,6,BOT,37.0,0,0.1461578217131167,True
2023,6,BOT,38.0,0,0.14723803267285457,True
2023,6,BOT,39.0,0,0.14367700148368892,True
2023,6,BOT,40.0,0,0.1477748280246342,True
2023,6,BOT,41.0,0,0.14779997521638513,True
2023,6,BOT,42.0,0,0.14999718630460895,True
2023,6,BOT,43.0,0,0.1477159018620432,True
2023,6,BOT,44.0,0,0.14645183575120338,True
2023,6,BOT,45.0,0,0.17197381530007166,True
2023,6,BOT,46.0,0,0.16953777815014232,True
2023,6,BOT,47.0,0,0.15569945001697263,True
2023,6,BOT,48.0,0,0.20319848169399563,True
2023,6,BOT,49.0,0,0.1937465620563003,True
2023,6,BOT,50.0,0,0.2618242866265506,True
2023,6,BOT,51.0,1,0.18560602311999072,True
2023,6,BOT,52.0,1,0.16909163051151416,True
2023,6,BOT,53.0,1,0.18224132951229427,True
2023,6,BOT,54.0,1,0.46111114436832024,True
2023,6,BOT,55.0,1,0.22941858134901633,True
2023,6,BOT,56.0,1,0.183610391248483,True
2023,6,BOT,57.0,1,0.3499055278476556,True
2023,6,BOT,58.0,1,0.3913558636791607,True
2023,6,BOT,59.0,1,0.15826148117474906,True
2023,6,BOT,60.0,0,0.15992242222214187,True
2023,6,BOT,61.0,0,0.1516838315246975,True
2023,6,BOT,62.0,0,0.1469556566734132,True
2023,6,BOT,63.0,0,0.14936535082059738,True
2023,6,BOT,64.0,0,0.15016405199389,True
2023,6,BOT,65.0,1,0.14134742149693663,True
2023,6,BOT,66.0,1,0.14210933400007753,True
2023,6,BOT,67.0,1,0.1441809134222028,True
2023,6,BOT,68.0,0,0.14895182062152923,True
2023,6,BOT,69.0,0,0.1439431344919997,True
2023,6,BOT,70.0,0,0.15274735081563523,True
2023,6,BOT,71.0,0,0.14262749173537276,True
2023,6,BOT,72.0,0,0.14512494996234293,True
2023,6,BOT,73.0,0,0.1525041237444354,True
2023,6,BOT,74.0,0,0.14425662235434394,True
2023,6,DEV,1.0,0,0.4611879096639867,True
2023,6,DEV,2.0,0,0.14346860798429284,True
2023,6,DEV,3.0,0,0.14143961659812598,True
2023,6,DEV,4.0,0,0.14191290078117422,True
2023,6,DEV,5.0,0,0.14341751561441923,True
2023,6,DEV,6.0,0,0.1428953746011858,True
2023,6,DEV,7.0,0,0.14086360694988304,True
2023,6,DEV,8.0,1,0.14025874226193036,True
2023,6,DEV,9.0,1,0.14086188739864838,True
2023,6,DEV,10.0,1,0.14229620785338412,True
2023,6,DEV,11.0,1,0.15419321514292003,True
2023,6,DEV,12.0,1,0.15098214404296031,True
2023,6,DEV,13.0,1,0.14340943392565536,True
2023,6,DEV,14.0,0,0.15419030985401794,True
2023,6,DEV,15.0,0,0.14241299092872933,True
2023,6,DEV,16.0,0,0.14092862033054773,True
2023,6,DEV,17.0,0,0.14649770369674972,True
2023,6,DEV,18.0,0,0.23865498534385363,True
2023,6,DEV,19.0,0,0.1529950860872752,True
2023,6,DEV,20.0,0,0.15589458801919065,True
2023,6,DEV,21.0,0,0.15178138848370873,True
2023,6,DEV,22.0,0,0.14433541986484016,True
2023,6,DEV,23.0,0,0.15761083129187542,True
2023,6,DEV,24.0,0,0.14411855490787068,True
2023,6,DEV,25.0,0,0.14425688294483027,True
2023,6,DEV,26.0,0,0.14436165327905753,True
2023,6,DEV,27.0,0,0.1440496128233974,True
2023,6,DEV,28.0,0,0.14643009042512167,True
2023,6,DEV,29.0,0,0.1455492938630622,True
2023,6,DEV,30.0,0,0.14441400970360932,True
2023,6,DEV,31.0,0,0.15036031434501934,True
2023,6,DEV,32.0,0,0.143472503116461,True
2023,6,DEV,33.0,0,0.1571137986614408,True
2023,6,DEV,34.0,0,0.19545272856199608,True
2023,6,DEV,35.0,0,0.14906911426187747,True
2023,6,DEV,36.0,0,0.15063434051007105,True
2023,6,DEV,37.0,0,0.14927371499027497,True
2023,6,DEV,38.0,0,0.1471961518815613,True
2023,6,DEV,39.0,0,0.1521154983328065,True
2023,6,DEV,40.0,0,0.14675907620235482,True
2023,6,DEV,41.0,0,0.14766564488167927,True
2023,6,DEV,42.0,0,0.14916590504402932,True
2023,6,DEV,43.0,0,0.14682051862336126,True
2023,6,DEV,44.0,0,0.16843625026490466,True
2023,6,DEV,45.0,0,0.19426524546800888,True
2023,6,DEV,46.0,0,0.19209972524859903,True
2023,6,DEV,47.0,0,0.18908699709860602,True
2023,6,DEV,48.0,0,0.23213152430458317,True
2023,6,DEV,49.0,0,0.2422821840260653,True
2023,6,DEV,50.0,0,0.26010267145585353,True
2023,6,DEV,51.0,1,0.19439357324240486,True
2023,6,DEV,52.0,1,0.18698375629067968,True
2023,6,DEV,53.0,1,0.18667713014897563,True
2023,6,DEV,54.0,1,0.4477530811263562,True
2023,6,DEV,55.0,1,0.2242946313686022,True
2023,6,DEV,56.0,1,0.19280378296270187,True
2023,6,DEV,57.0,1,0.36284508974079105,True
2023,6,DEV,58.0,1,0.21816538084880682,True
2023,6,DEV,59.0,1,0.16368901599088126,True
2023,6,DEV,60.0,0,0.15992242222214187,True
2023,6,DEV,61.0,0,0.15994211698276972,True
2023,6,DEV,62.0,0,0.1516692515808541,True
2023,6,DEV,63.0,0,0.15653028556822085,True
2023,6,DEV,64.0,0,0.15419885357321,True
2023,6,DEV,65.0,1,0.14133172332430688,True
2023,6,DEV,66.0,1,0.14199886702797368,True
2023,6,DEV,67.0,1,0.14475226729881646,True
2023,6,DEV,68.0,0,0.1499645954747316,True
2023,6,DEV,69.0,0,0.14368913450831827,True
2023,6,DEV,70.0,0,0.15358051406407838,True
2023,6,DEV,71.0,0,0.14243939793381405,True
2023,6,DEV,72.0,0,0.14547534817120136,True
2023,6,DEV,73.0,0,0.15263586637963794,True
2023,6,DEV,74.0,0,0.14399828193994696,True
2023,6,GAS,1.0,0,0.42200309592390034,True
2023,6,GAS,2.0,0,0.1461942354929173,True
2023,6,GAS,3.0,0,0.14148278226697547,True
2023,6,GAS,4.0,0,0.14221829506923972,True
2023,6,GAS,5.0,0,0.1421730630806863,True
2023,6,GAS,6.0,0,0.14205157344522787,True
2023,6,GAS,7.0,0,0.14202260276870798,True
2023,6,GAS,8.0,0,0.1404508485867802,True
2023,6,GAS,9.0,1,0.14086119298233873,True
2023,6,GAS,10.0,1,0.1398430816499558,True
2023,6,GAS,11.0,1,0.13976923937595723,True
2023,6,GAS,12.0,1,0.14564053203696933,True
2023,6,GAS,13.0,1,0.14032369495212388,True
2023,6,GAS,14.0,0,0.14789783912190946,True
2023,6,GAS,15.0,0,0.14040729086138568,True
2023,6,GAS,16.0,0,0.13971558647518517,True
2023,6,GAS,17.0,0,0.13960031997919525,True
2023,6,GAS,18.0,0,0.16165306079012803,True
2023,6,GAS,19.0,0,0.1432769546378564,True
2023,6,GAS,20.0,0,0.1437582226790321,True
2023,6,GAS,21.0,0,0.1429018294038592,True
2023,6,GAS,22.0,0,0.1434197547473693,True
2023,6,GAS,23.0,0,0.14239344320222844,True
2023,6,GAS,24.0,0,0.1409814694039597,True
2023,6,GAS,25.0,0,0.14045889469971634,True
2023,6,GAS,26.0,0,0.14071809705786587,True
2023,6,GAS,27.0,0,0.13968837136987483,True
2023,6,GAS,28.0,0,0.13894801293015152,True
2023,6,GAS,29.0,0,0.1392229003203609,True
2023,6,GAS,30.0,0,0.1388819915004927,True
2023,6,GAS,31.0,0,0.14070581349165817,True
2023,6,GAS,32.0,0,0.14171612943927717,True
2023,6,GAS,33.0,0,0.1431481334754918,True
2023,6,GAS,34.0,0,0.1466145036791881,True
2023,6,GAS,35.0,0,0.1421106735844532,True
2023,6,GAS,36.0,0,0.14244864901284965,True
2023,6,GAS,37.0,0,0.14547507103693946,True
2023,6,GAS,38.0,0,0.14196179936476278,True
2023,6,GAS,39.0,0,0.14358145639002654,True
2023,6,GAS,40.0,0,0.14767903218833764,True
2023,6,GAS,41.0,0,0.14887195547303922,True
2023,6,GAS,42.0,0,0.14876697852787152,True
2023,6,GAS,43.0,0,0.14809427879039955,True
2023,6,GAS,44.0,0,0.14580837342530056,True
2023,6,GAS,45.0,0,0.15901755536125828,True
2023,6,GAS,46.0,0,0.15977017443111521,True
2023,6,GAS,47.0,0,0.19310710277129584,True
2023,6,GAS,48.0,0,0.2332901147649133,True
2023,6,GAS,49.0,0,0.20195247277671421,True
2023,6,GAS,50.0,0,0.2561409631439854,True
2023,6,GAS,51.0,1,0.2628603124090333,True
2023,6,GAS,52.0,1,0.22450872512598236,True
2023,6,GAS,53.0,1,0.18956421856774983,True
2023,6,GAS,54.0,0,0.44567522189481174,True
2023,6,GAS,55.0,1,0.22209264821979344,True
2023,6,GAS,56.0,1,0.18399548672684388,True
2023,6,GAS,57.0,1,0.18447138770577842,True
2023,6,GAS,58.0,1,0.39267626644390674,True
2023,6,GAS,59.0,1,0.16407403031312906,True
2023,6,GAS,60.0,1,0.17340689688584682,True
2023,6,GAS,61.0,0,0.16607540816568847,True
2023,6,GAS,62.0,0,0.15362171892225157,True
2023,6,GAS,63.0,0,0.1555939137489853,True
2023,6,GAS,64.0,0,0.1548002174172795,True
2023,6,GAS,65.0,1,0.14163655458459776,True
2023,6,GAS,66.0,1,0.14253442426755164,True
2023,6,GAS,67.0,1,0.14428376372124913,True
2023,6,GAS,68.0,0,0.14708744512646327,True
2023,6,GAS,69.0,0,0.142822855109264,True
2023,6,GAS,70.0,0,0.15469786032918073,True
2023,6,GAS,71.0,0,0.14276349867625102,True
2023,6,GAS,72.0,0,0.14573482183169195,True
2023,6,GAS,73.0,0,0.15084178030742593,True
2023,6,GAS,74.0,0,0.14330403585602966,True
2023,6,GAS,75.0,0,0.14405897699403872,True
2023,6,HAM,1.0,0,0.4602197736524068,True
2023,6,HAM,2.0,0,0.1435132148329496,True
2023,6,HAM,3.0,0,0.14143961659812598,True
2023,6,HAM,4.0,0,0.14175149566953874,True
2023,6,HAM,5.0,0,0.14348251769241305,True
2023,6,HAM,6.0,0,0.1428953746011858,True
2023,6,HAM,7.0,0,0.14089441677679418,True
2023,6,HAM,8.0,0,0.1402267745307469,True
2023,6,HAM,9.0,1,0.14086188739864838,True
2023,6,HAM,10.0,1,0.1413725531003514,True
2023,6,HAM,11.0,1,0.14133137900587983,True
2023,6,HAM,12.0,1,0.15278316576192444,True
2023,6,HAM,13.0,1,0.14111704788129983,True
2023,6,HAM,14.0,0,0.15135768635897368,True
2023,6,HAM,15.0,0,0.1422684005953027,True
2023,6,HAM,16.0,0,0.1404394737789068,True
2023,6,HAM,17.0,0,0.1445167402257917,True
2023,6,HAM,18.0,0,0.23205302779220532,True
2023,6,HAM,19.0,0,0.15251116268588055,True
2023,6,HAM,20.0,0,0.15481210512391025,True
2023,6,HAM,21.0,0,0.15210376876908413,True
2023,6,HAM,22.0,0,0.14411549221890296,True
2023,6,HAM,23.0,0,0.15772259600416422,True
2023,6,HAM,24.0,0,0.14327489008226704,True
2023,6,HAM,25.0,0,0.14362538241431427,True
2023,6,HAM,26.0,0,0.1432095338356201,True
2023,6,HAM,27.0,0,0.14301657723580177,True
2023,6,HAM,28.0,0,0.14441820434795544,True
2023,6,HAM,29.0,0,0.14380216770616347,True
2023,6,HAM,30.0,0,0.14338862625813284,True
2023,6,HAM,31.0,0,0.15085562750215237,True
2023,6,HAM,32.0,0,0.1414948770301707,True
2023,6,HAM,33.0,0,0.1419225554977362,True
2023,6,HAM,34.0,0,0.14424046745615887,True
2023,6,HAM,35.0,0,0.14207059799642102,True
2023,6,HAM,36.0,0,0.1428833159951363,True
2023,6,HAM,37.0,0,0.14526338606807712,True
2023,6,HAM,38.0,0,0.1418746822459511,True
2023,6,HAM,39.0,0,0.14308554541404717,True
2023,6,HAM,40.0,0,0.1462273775317963,True
2023,6,HAM,41.0,0,0.1472378266239881,True
2023,6,HAM,42.0,0,0.148112353877692,True
2023,6,HAM,43.0,0,0.14631385669110897,True
2023,6,HAM,44.0,0,0.14644207975610096,True
2023,6,HAM,45.0,0,0.17100016349567396,True
2023,6,HAM,46.0,0,0.16063364860559554,True
2023,6,HAM,47.0,0,0.14746653710051771,True
2023,6,HAM,48.0,0,0.17871916945593277,True
2023,6,HAM,49.0,0,0.17187949239530637,True
2023,6,HAM,50.0,0,0.2029166842489293,True
2023,6,HAM,51.0,0,0.1685337043485619,True
2023,6,HAM,52.0,1,0.16329990700351432,True
2023,6,HAM,53.0,1,0.1603440107697413,True
2023,6,HAM,54.0,1,0.2499961234319607,True
2023,6,HAM,55.0,1,0.4181729077300341,True
2023,6,HAM,56.0,1,0.18399548672684388,True
2023,6,HAM,57.0,1,0.1875585614132937,True
2023,6,HAM,58.0,1,0.39856477587846284,True
2023,6,HAM,59.0,1,0.17575598979379659,True
2023,6,HAM,60.0,1,0.16900895081797862,True
2023,6,HAM,61.0,0,0.1696985276431456,True
2023,6,HAM,62.0,0,0.15398586409231804,True
2023,6,HAM,63.0,0,0.15759849264792875,True
2023,6,HAM,64.0,0,0.15427310243570597,True
2023,6,HAM,65.0,0,0.14147480682933758,True
2023,6,HAM,66.0,1,0.14265286338162542,True
2023,6,HAM,67.0,1,0.1446550119215309,True
2023,6,HAM,68.0,1,0.15150144267730276,True
2023,6,HAM,69.0,0,0.15223766810606254,True
2023,6,HAM,70.0,0,0.15448424469972033,True
2023,6,HAM,71.0,0,0.14384379117393878,True
2023,6,HAM,72.0,0,0.14578047605639857,True
2023,6,HAM,73.0,0,0.15233763431977146,True
2023,6,HAM,74.0,0,0.14398279664288716,True
2023,6,HAM,75.0,0,0.14466265383389784,True
2023,6,HUL,1.0,0,0.46046788212614487,True
2023,6,HUL,2.0,0,0.14963143259549996,True
2023,6,HUL,3.0,0,0.1413527345984728,True
2023,6,HUL,4.0,0,0.14221579357773237,True
2023,6,HUL,5.0,0,0.1418310446556435,True
2023,6,HUL,6.0,0,0.14164828676040914,True
2023,6,HUL,7.0,0,0.14195945551087008,True
2023,6,HUL,8.0,1,0.14096454403356043,True
2023,6,HUL,9.0,1,0.1415667133790973,True
2023,6,HUL,10.0,1,0.1404322657109856,True
2023,6,HUL,11.0,1,0.15483454942321487,True
2023,6,HUL,12.0,1,0.1454741322051687,True
2023,6,HUL,13.0,1,0.1487415139195682,True
2023,6,HUL,14.0,0,0.17468148497544095,True
2023,6,HUL,15.0,0,0.15013696174386815,True
2023,6,HUL,16.0,0,0.14791487346895954,True
2023,6,HUL,17.0,0,0.15092392838335572,True
2023,6,HUL,18.0,0,0.23604677422600456,True
2023,6,HUL,19.0,0,0.1736065628674533,True
2023,6,HUL,20.0,0,0.14686357891398671,True
2023,6,HUL,21.0,0,0.14494847990137985,True
2023,6,HUL,22.0,0,0.14760963635780175,True
2023,6,HUL,23.0,0,0.1452799826293014,True
2023,6,HUL,24.0,0,0.14185972333082258,True
2023,6,HUL,25.0,0,0.14114426405019487,True
2023,6,HUL,26.0,0,0.1405930900279786,True
2023,6,HUL,27.0,0,0.14001881523919124,True
2023,6,HUL,28.0,0,0.14250624998074515,True
2023,6,HUL,29.0,0,0.14186705605515224,True
2023,6,HUL,30.0,0,0.13900223880039658,True
2023,6,HUL,31.0,0,0.14409789604588083,True
2023,6,HUL,32.0,0,0.14150053083017866,True
2023,6,HUL,33.0,0,0.14666490440283902,True
2023,6,HUL,34.0,0,0.15667716400393195,True
2023,6,HUL,35.0,0,0.14216985304304022,True
2023,6,HUL,36.0,0,0.1476457116643191,True
2023,6,HUL,37.0,0,0.1460375488534726,True
2023,6,HUL,38.0,0,0.14245203333206818,True
2023,6,HUL,39.0,0,0.1437489179355478,True
2023,6,HUL,40.0,0,0.14840409619434194,True
2023,6,HUL,41.0,0,0.14860163372039673,True
2023,6,HUL,42.0,0,0.15057604791419782,True
2023,6,HUL,43.0,0,0.14836608251295036,True
2023,6,HUL,44.0,0,0.14637144602165075,True
2023,6,HUL,45.0,0,0.1713094962203245,True
2023,6,HUL,46.0,0,0.16887257875836226,True
2023,6,HUL,47.0,0,0.15463981105917607,True
2023,6,HUL,48.0,0,0.2085957424752774,True
2023,6,HUL,49.0,0,0.19589217723693864,True
2023,6,HUL,50.0,0,0.2616575169417647,True
2023,6,HUL,51.0,1,0.18323089043507182,True
2023,6,HUL,52.0,1,0.17754347038987656,True
2023,6,HUL,53.0,1,0.17849371853811966,True
2023,6,HUL,54.0,1,0.43987189335901533,True
2023,6,HUL,55.0,1,0.22214706824479893,True
2023,6,HUL,56.0,1,0.18499916305373,True
2023,6,HUL,57.0,1,0.3607110447098297,True
2023,6,HUL,58.0,1,0.3882192005418328,True
2023,6,HUL,59.0,1,0.17543224430060608,True
2023,6,HUL,60.0,0,0.16751927548389958,True
2023,6,HUL,61.0,0,0.1518571077801782,True
2023,6,HUL,62.0,0,0.14636244125496337,True
2023,6,HUL,63.0,0,0.14726297386412707,True
2023,6,HUL,64.0,1,0.15004857236085994,True
2023,6,HUL,65.0,1,0.14074049461281007,True
2023,6,HUL,66.0,1,0.1421015021774859,True
2023,6,HUL,67.0,0,0.1489454442805625,True
2023,6,HUL,68.0,0,0.14608761431961215,True
2023,6,HUL,69.0,0,0.1420803823782259,True
2023,6,HUL,70.0,0,0.14844909832381759,True
2023,6,HUL,71.0,0,0.14162482610602342,True
2023,6,HUL,72.0,0,0.14310367233815502,True
2023,6,HUL,73.0,0,0.14400202910868917,True
2023,6,LEC,1.0,0,0.4235698294885798,True
2023,6,LEC,2.0,0,0.14618095756197796,True
2023,6,LEC,3.0,0,0.14155724596946778,True
2023,6,LEC,4.0,0,0.14221700228832096,True
2023,6,LEC,5.0,0,0.14242119731030942,True
2023,6,LEC,6.0,0,0.14217473409504264,True
2023,6,LEC,7.0,0,0.1421905674362653,True
2023,6,LEC,8.0,0,0.14056030572618067,True
2023,6,LEC,9.0,1,0.1408613434883883,True
2023,6,LEC,10.0,1,0.13968427418575516,True
2023,6,LEC,11.0,1,0.1397763822585415,True
2023,6,LEC,12.0,1,0.1450419847448265,True
2023,6,LEC,13.0,1,0.14032728822820867,True
2023,6,LEC,14.0,0,0.14787538392988825,True
2023,6,LEC,15.0,0,0.14037922249974158,True
2023,6,LEC,16.0,0,0.13968810396551867,True
2023,6,LEC,17.0,0,0.13980771220814026,True
2023,6,LEC,18.0,0,0.16044105278241005,True
2023,6,LEC,19.0,0,0.14357585132429987,True
2023,6,LEC,20.0,0,0.14406655198832197,True
2023,6,LEC,21.0,0,0.1430836658382669,True
2023,6,LEC,22.0,0,0.14373952570870238,True
2023,6,LEC,23.0,0,0.14281837282203763,True
2023,6,LEC,24.0,0,0.14095511324587892,True
2023,6,LEC,25.0,0,0.1405559883419077,True
2023,6,LEC,26.0,0,0.1401824296699928,True
2023,6,LEC,27.0,0,0.1396461605895945,True
2023,6,LEC,28.0,0,0.13885130200927734,True
2023,6,LEC,29.0,0,0.1391022187793058,True
2023,6,LEC,30.0,0,0.13863512999444866,True
2023,6,LEC,31.0,0,0.14039102575427628,True
2023,6,LEC,32.0,0,0.14146942000173798,True
2023,6,LEC,33.0,0,0.1427014056594858,True
2023,6,LEC,34.0,0,0.1466470582492598,True
2023,6,LEC,35.0,0,0.1421347054599697,True
2023,6,LEC,36.0,0,0.14262378204357992,True
2023,6,LEC,37.0,0,0.14555228239175988,True
2023,6,LEC,38.0,0,0.14198706143282944,True
2023,6,LEC,39.0,0,0.14375257125938848,True
2023,6,LEC,40.0,0,0.14773592171989994,True
2023,6,LEC,41.0,0,0.14726607994310936,True
2023,6,LEC,42.0,0,0.15048934479055193,True
2023,6,LEC,43.0,0,0.14775643296564994,True
2023,6,LEC,44.0,0,0.1616706182109116,True
2023,6,LEC,45.0,0,0.1975187173485478,True
2023,6,LEC,46.0,0,0.17539478770252062,True
2023,6,LEC,47.0,0,0.16221212631198223,True
2023,6,LEC,48.0,0,0.21554731453411868,True
2023,6,LEC,49.0,0,0.20914278944337003,True
2023,6,LEC,50.0,0,0.2519526670658897,True
2023,6,LEC,51.0,0,0.24391116566911183,True
2023,6,LEC,52.0,1,0.2025827887635828,True
2023,6,LEC,53.0,1,0.1913149647704678,True
2023,6,LEC,54.0,1,0.28896130155223443,True
2023,6,LEC,55.0,1,0.4263749609956606,True
2023,6,LEC,56.0,1,0.19387002221002525,True
2023,6,LEC,57.0,1,0.19751905125573452,True
2023,6,LEC,58.0,1,0.40782483478987397,True
2023,6,LEC,59.0,1,0.1593618954895488,True
2023,6,LEC,60.0,1,0.1757951938215313,True
2023,6,LEC,61.0,0,0.1696985276431456,True
2023,6,LEC,62.0,0,0.15427209509974493,True
2023,6,LEC,63.0,0,0.15669834733583818,True
2023,6,LEC,64.0,0,0.15479384919015077,True
2023,6,LEC,65.0,1,0.14178919807332777,True
2023,6,LEC,66.0,1,0.14196102589497459,True
2023,6,LEC,67.0,1,0.14490324724214393,True
2023,6,LEC,68.0,0,0.147177547111693,True
2023,6,LEC,69.0,0,0.14279399784450378,True
2023,6,LEC,70.0,0,0.1538466442258179,True
2023,6,LEC,71.0,0,0.1426327765873694,True
2023,6,LEC,72.0,0,0.14515220967736311,True
2023,6,LEC,73.0,0,0.15026629453599533,True
2023,6,LEC,74.0,0,0.14335676684192697,True
2023,6,LEC,75.0,0,0.14418165993985071,True
2023,6,MAG,1.0,0,0.44503592947176773,True
2023,6,MAG,2.0,0,0.14538049134422598,True
2023,6,MAG,3.0,0,0.14154539446320852,True
2023,6,MAG,4.0,0,0.142301911558691,True
2023,6,MAG,5.0,0,0.14295049320770867,True
2023,6,MAG,6.0,0,0.14218796339712472,True
2023,6,MAG,7.0,0,0.14218661732249846,True
2023,6,MAG,8.0,1,0.14056030572618067,True
2023,6,MAG,9.0,1,0.14084154492075956,True
2023,6,MAG,10.0,1,0.14069291001356138,True
2023,6,MAG,11.0,1,0.15079038197383368,True
2023,6,MAG,12.0,1,0.1427413716710957,True
2023,6,MAG,13.0,1,0.1436680046894772,True
2023,6,MAG,14.0,0,0.1636285098218996,True
2023,6,MAG,15.0,0,0.14397535095375022,True
2023,6,MAG,16.0,0,0.1431074634866959,True
2023,6,MAG,17.0,0,0.1395716936244797,True
2023,6,MAG,18.0,0,0.16367122730562886,True
2023,6,MAG,19.0,0,0.1436886536486725,True
2023,6,MAG,20.0,0,0.14406655198832197,True
2023,6,MAG,21.0,0,0.1426674818268691,True
2023,6,MAG,22.0,0,0.14389097602741877,True
2023,6,MAG,23.0,0,0.1427707537428404,True
2023,6,MAG,24.0,0,0.14017389313553869,True
2023,6,MAG,25.0,0,0.14000862746010817,True
2023,6,MAG,26.0,0,0.13962490380143158,True
2023,6,MAG,27.0,0,0.1430787120387983,True
2023,6,MAG,28.0,0,0.14069365000449754,True
2023,6,MAG,29.0,0,0.14026970571830205,True
2023,6,MAG,30.0,0,0.14052075381709858,True
2023,6,MAG,31.0,0,0.14010593565898982,True
2023,6,MAG,32.0,0,0.14261143895580686,True
2023,6,MAG,33.0,0,0.14687694778643473,True
2023,6,MAG,34.0,0,0.14644560936679013,True
2023,6,MAG,35.0,0,0.1420084853135652,True
2023,6,MAG,36.0,0,0.14733227278324196,True
2023,6,MAG,37.0,0,0.14544094284937667,True
2023,6,MAG,38.0,0,0.14226932646037221,True
2023,6,MAG,39.0,0,0.1436788699418882,True
2023,6,MAG,40.0,0,0.14801097898233956,True
2023,6,MAG,41.0,0,0.14726607994310936,True
2023,6,MAG,42.0,0,0.14980480342765592,True
2023,6,MAG,43.0,0,0.14775643296564994,True
2023,6,MAG,44.0,0,0.146487338016711,True
2023,6,MAG,45.0,0,0.17169085502972678,True
2023,6,MAG,46.0,0,0.16948899200515646,True
2023,6,MAG,47.0,0,0.1555431689913203,True
2023,6,MAG,48.0,0,0.20589940808465315,True
2023,6,MAG,49.0,0,0.1927100264666169,True
2023,6,MAG,50.0,0,0.2618459195999791,True
2023,6,MAG,51.0,1,0.18206501846133769,True
2023,6,MAG,52.0,1,0.14918102227429453,True
2023,6,MAG,53.0,1,0.1775787228329594,True
2023,6,MAG,54.0,1,0.4457690682442479,True
2023,6,MAG,55.0,1,0.23853979189231236,True
2023,6,MAG,56.0,1,0.16122669180371396,True
2023,6,MAG,57.0,1,0.18271410730328658,True
2023,6,MAG,58.0,1,0.40785482647265303,True
2023,6,MAG,59.0,0,0.16563593261099285,True
2023,6,MAG,60.0,0,0.16666490486281083,True
2023,6,MAG,61.0,0,0.15928510578369154,True
2023,6,MAG,62.0,0,0.14694956135266074,True
2023,6,MAG,63.0,1,0.1560441744807484,True
2023,6,MAG,64.0,1,0.1545608098167093,True
2023,6,MAG,65.0,1,0.1419679935072525,True
2023,6,MAG,66.0,0,0.15549149069758147,True
2023,6,MAG,67.0,0,0.14459760050332332,True
2023,6,MAG,68.0,0,0.1495299279487744,True
2023,6,NOR,1.0,0,0.46458289001524367,True
2023,6,NOR,2.0,0,0.14347577078581558,True
2023,6,NOR,3.0,0,0.14143867459553916,True
2023,6,NOR,4.0,0,0.1419150121834389,True
2023,6,NOR,5.0,0,0.14343138768375036,True
2023,6,NOR,6.0,0,0.14291496284450453,True
2023,6,NOR,7.0,0,0.14087810767855308,True
2023,6,NOR,8.0,0,0.14021557084652866,True
2023,6,NOR,9.0,1,0.14090545851327316,True
2023,6,NOR,10.0,1,0.14228749022476903,True
2023,6,NOR,11.0,1,0.1427923924966982,True
2023,6,NOR,12.0,1,0.16633298584707537,True
2023,6,NOR,13.0,1,0.14314177723342109,True
2023,6,NOR,14.0,0,0.15339958759077216,True
2023,6,NOR,15.0,0,0.14219575411820484,True
2023,6,NOR,16.0,0,0.14052858275037997,True
2023,6,NOR,17.0,0,0.14820309022411768,True
2023,6,NOR,18.0,0,0.23808833089712475,True
2023,6,NOR,19.0,0,0.15303332883563495,True
2023,6,NOR,20.0,0,0.15598095150444577,True
2023,6,NOR,21.0,0,0.15156427972128272,True
2023,6,NOR,22.0,0,0.14436028128504746,True
2023,6,NOR,23.0,0,0.15759664567730552,True
2023,6,NOR,24.0,0,0.14389849128548665,True
2023,6,NOR,25.0,0,0.14431597368829802,True
2023,6,NOR,26.0,0,0.1459245821963483,True
2023,6,NOR,27.0,0,0.14534827480177565,True
2023,6,NOR,28.0,0,0.14746930159292962,True
2023,6,NOR,29.0,0,0.14649982030756106,True
2023,6,NOR,30.0,0,0.14537055826821305,True
2023,6,NOR,31.0,0,0.1489101451581769,True
2023,6,NOR,32.0,0,0.14418050239898314,True
2023,6,NOR,33.0,0,0.15325512628680676,True
2023,6,NOR,34.0,0,0.18256838371411574,True
2023,6,NOR,35.0,0,0.14866037116014824,True
2023,6,NOR,36.0,0,0.15049973717497678,True
2023,6,NOR,37.0,0,0.14941858058452534,True
2023,6,NOR,38.0,0,0.14613607840239495,True
2023,6,NOR,39.0,0,0.1514023606030663,True
2023,6,NOR,40.0,0,0.14592268226816335,True
2023,6,NOR,41.0,0,0.14599582279705772,True
2023,6,NOR,42.0,0,0.14817206885306344,True
2023,6,NOR,43.0,0,0.14614772171728588,True
2023,6,NOR,44.0,0,0.1655769107038519,True
2023,6,NOR,45.0,0,0.19311867322737974,True
2023,6,NOR,46.0,0,0.19051197834822484,True
2023,6,NOR,47.0,0,0.18708786127106788,True
2023,6,NOR,48.0,0,0.23877268792333178,True
2023,6,NOR,49.0,0,0.24606145599736634,True
2023,6,NOR,50.0,0,0.2600340860753577,True
2023,6,NOR,51.0,1,0.18815474807813032,True
2023,6,NOR,52.0,1,0.15698348026380385,True
2023,6,NOR,53.0,1,0.17901043790986348,True
2023,6,NOR,54.0,1,0.43737968623030304,True
2023,6,NOR,55.0,1,0.22209264821979344,True
2023,6,NOR,56.0,1,0.18251129794165386,True
2023,6,NOR,57.0,1,0.35824899649938785,True
2023,6,NOR,58.0,1,0.3875291271507627,True
2023,6,NOR,59.0,1,0.15899545058079464,True
2023,6,NOR,60.0,0,0.16126883757818639,True
2023,6,NOR,61.0,0,0.15264126617310253,True
2023,6,NOR,62.0,0,0.1472109415895392,True
2023,6,NOR,63.0,0,0.14944095787338543,True
2023,6,NOR,64.0,0,0.15417798316534798,True
2023,6,NOR,65.0,1,0.14170059695493065,True
2023,6,NOR,66.0,1,0.14280553520041378,True
2023,6,NOR,67.0,1,0.1447289543664241,True
2023,6,NOR,68.0,0,0.1487334501971999,True
2023,6,NOR,69.0,0,0.1440620194779321,True
2023,6,NOR,70.0,0,0.15448018471031166,True
2023,6,NOR,71.0,0,0.1435074254116347,True
2023,6,NOR,72.0,0,0.14484834410149924,True
2023,6,NOR,73.0,0,0.15124405571039118,True
2023,6,NOR,74.0,0,0.14399567697370058,True
2023,6,OCO,1.0,0,0.4602197736524068,True
2023,6,OCO,2.0,0,0.14333291515055008,True
2023,6,OCO,3.0,0,0.14133314703927108,True
2023,6,OCO,4.0,0,0.14174379079798213,True
2023,6,OCO,5.0,0,0.1434488422288315,True
2023,6,OCO,6.0,0,0.14287980358507868,True
2023,6,OCO,7.0,0,0.14086200623987294,True
2023,6,OCO,8.0,0,0.14029507893937346,True
2023,6,OCO,9.0,1,0.14095082095272815,True
2023,6,OCO,10.0,1,0.14226129488117406,True
2023,6,OCO,11.0,1,0.14133368294508136,True
2023,6,OCO,12.0,1,0.15356945392035062,True
2023,6,OCO,13.0,1,0.14111412529867737,True
2023,6,OCO,14.0,0,0.15129659983703897,True
2023,6,OCO,15.0,0,0.14216743081882183,True
2023,6,OCO,16.0,0,0.1404584811047612,True
2023,6,OCO,17.0,0,0.14451370336893493,True
2023,6,OCO,18.0,0,0.23204470616411377,True
2023,6,OCO,19.0,0,0.15233240269731402,True
2023,6,OCO,20.0,0,0.15459650095434713,True
2023,6,OCO,21.0,0,0.1526684561050117,True
2023,6,OCO,22.0,0,0.14451562735902826,True
2023,6,OCO,23.0,0,0.15878373568617304,True
2023,6,OCO,24.0,0,0.14327586434366218,True
2023,6,OCO,25.0,0,0.14326496948018735,True
2023,6,OCO,26.0,0,0.14446291181156953,True
2023,6,OCO,27.0,0,0.14408210291089035,True
2023,6,OCO,28.0,0,0.14528447566026145,True
2023,6,OCO,29.0,0,0.14400249818145297,True
2023,6,OCO,30.0,0,0.1436799143020015,True
2023,6,OCO,31.0,0,0.1492693042528881,True
2023,6,OCO,32.0,0,0.14432506348290036,True
2023,6,OCO,33.0,0,0.14206195993876744,True
2023,6,OCO,34.0,0,0.14398468154066996,True
2023,6,OCO,35.0,0,0.14209121930824362,True
2023,6,OCO,36.0,0,0.14271898959777185,True
2023,6,OCO,37.0,0,0.14493532650968435,True
2023,6,OCO,38.0,0,0.14178610515046935,True
2023,6,OCO,39.0,0,0.1433037416410126,True
2023,6,OCO,40.0,0,0.1462180712047962,True
2023,6,OCO,41.0,0,0.14725067716761378,True
2023,6,OCO,42.0,0,0.14814003950728652,True
2023,6,OCO,43.0,0,0.14626522067890152,True
2023,6,OCO,44.0,0,0.14633137323654327,True
2023,6,OCO,45.0,0,0.15747562856046352,True
2023,6,OCO,46.0,0,0.16103973895721038,True
2023,6,OCO,47.0,0,0.14742746568412057,True
2023,6,OCO,48.0,0,0.17850896544218822,True
2023,6,OCO,49.0,0,0.1713610465652335,True
2023,6,OCO,50.0,0,0.20595435188919992,True
2023,6,OCO,51.0,0,0.18526659732908946,True
2023,6,OCO,52.0,1,0.18026702614803672,True
2023,6,OCO,53.0,1,0.1780716833114723,True
2023,6,OCO,54.0,1,0.2529008985847273,True
2023,6,OCO,55.0,1,0.4177310137374734,True
2023,6,OCO,56.0,1,0.18341619995141328,True
2023,6,OCO,57.0,1,0.17825465786288414,True
2023,6,OCO,58.0,1,0.40289151088039876,True
2023,6,OCO,59.0,1,0.17435716853593458,True
2023,6,OCO,60.0,1,0.16566995963245046,True
2023,6,OCO,61.0,0,0.1660734641216266,True
2023,6,OCO,62.0,0,0.15382487211965673,True
2023,6,OCO,63.0,0,0.1557076470101793,True
2023,6,OCO,64.0,0,0.15525166790149636,True
2023,6,OCO,65.0,0,0.14133227808336754,True
2023,6,OCO,66.0,1,0.14200513667231943,True
2023,6,OCO,67.0,1,0.1446404736719577,True
2023,6,OCO,68.0,1,0.15146763814618494,True
2023,6,OCO,69.0,0,0.1513881338208494,True
2023,6,OCO,70.0,0,0.15421402501653247,True
2023,6,OCO,71.0,0,0.14307315939896653,True
2023,6,OCO,72.0,0,0.1451007503375399,True
2023,6,OCO,73.0,0,0.15253684701136141,True
2023,6,OCO,74.0,0,0.14436186391332279,True
2023,6,OCO,75.0,0,0.14456438260967386,True
2023,6,PER,1.0,0,0.46046788212614487,True
2023,6,PER,2.0,0,0.14889479439500786,True
2023,6,PER,3.0,0,0.14137958822782715,True
2023,6,PER,4.0,0,0.1421632404914181,True
2023,6,PER,5.0,0,0.14183265680738272,True
2023,6,PER,6.0,0,0.14164975197302865,True
2023,6,PER,7.0,0,0.1419629542537498,True
2023,6,PER,8.0,1,0.14101253272396275,True
2023,6,PER,9.0,1,0.14150282883005053,True
2023,6,PER,10.0,1,0.14255553687154793,True
2023,6,PER,11.0,1,0.1548366737208923,True
2023,6,PER,12.0,1,0.1454766912021181,True
2023,6,PER,13.0,1,0.1487415139195682,True
2023,6,PER,14.0,0,0.17460396049178653,True
2023,6,PER,15.0,0,0.1501290568444678,True
2023,6,PER,16.0,0,0.14791487346895954,True
2023,6,PER,17.0,0,0.15098040034559407,True
2023,6,PER,18.0,0,0.17050358902122956,True
2023,6,PER,19.0,0,0.14645139723083017,True
2023,6,PER,20.0,0,0.14695501060921812,True
2023,6,PER,21.0,0,0.14646418243967646,True
2023,6,PER,22.0,0,0.1475433043242404,True
2023,6,PER,23.0,0,0.14530256337973638,True
2023,6,PER,24.0,0,0.14149543430069386,True
2023,6,PER,25.0,0,0.14109503306621723,True
2023,6,PER,26.0,0,0.14796906374533048,True
2023,6,PER,27.0,0,0.1456501355356751,True
2023,6,PER,28.0,0,0.14250624998074515,True
2023,6,PER,29.0,0,0.14193657956491518,True
2023,6,PER,30.0,0,0.14254979012887165,True
2023,6,PER,31.0,0,0.14083695288011341,True
2023,6,PER,32.0,0,0.14150053083017866,True
2023,6,PER,33.0,0,0.14666351027998478,True
2023,6,PER,34.0,0,0.15749116660975257,True
2023,6,PER,35.0,0,0.14911485162847862,True
2023,6,PER,36.0,0,0.14885490903745652,True
2023,6,PER,37.0,0,0.14589632647192066,True
2023,6,PER,38.0,0,0.143771517234083,True
2023,6,PER,39.0,0,0.14641400076271405,True
2023,6,PER,40.0,0,0.14450812634022753,True
2023,6,PER,41.0,0,0.1451968313244593,True
2023,6,PER,42.0,0,0.14643155496671503,True
2023,6,PER,43.0,0,0.14614978226010114,True
2023,6,PER,44.0,0,0.16160207085343944,True
2023,6,PER,45.0,0,0.17495965081172155,True
2023,6,PER,46.0,0,0.1719489419160803,True
2023,6,PER,47.0,0,0.15934602801732584,True
2023,6,PER,48.0,0,0.20925414735489714,True
2023,6,PER,49.0,0,0.232583810690817,True
2023,6,PER,50.0,0,0.25741860331554867,True
2023,6,PER,51.0,1,0.19171213731193554,True
2023,6,PER,52.0,1,0.18360148751734215,True
2023,6,PER,53.0,1,0.18610078035829258,True
2023,6,PER,54.0,1,0.43170737608361043,True
2023,6,PER,55.0,1,0.20893031049551486,True
2023,6,PER,56.0,1,0.18882839830723147,True
2023,6,PER,57.0,1,0.35406872081798346,True
2023,6,PER,58.0,1,0.3829031057782283,True
2023,6,PER,59.0,1,0.16725805758521767,True
2023,6,PER,60.0,0,0.16155973013460606,True
2023,6,PER,61.0,0,0.15911106063695593,True
2023,6,PER,62.0,0,0.14540581999201613,True
2023,6,PER,63.0,0,0.14723616120394256,True
2023,6,PER,64.0,1,0.14867174602094888,True
2023,6,PER,65.0,1,0.14124335988485368,True
2023,6,PER,66.0,1,0.14213972850605033,True
2023,6,PER,67.0,0,0.15135799781349962,True
2023,6,PER,68.0,0,0.14613378389183146,True
2023,6,PER,69.0,0,0.14215203806703583,True
2023,6,PER,70.0,0,0.14900399319829458,True
2023,6,PER,71.0,0,0.1418848550016944,True
2023,6,PER,72.0,0,0.14258261074765616,True
2023,6,PER,73.0,0,0.1456219706444701,True
2023,6,PIA,1.0,0,0.42629525842738636,True
2023,6,PIA,2.0,0,0.1430781897959742,True
2023,6,PIA,3.0,0,0.1414826146653391,True
2023,6,PIA,4.0,0,0.1421123554468931,True
2023,6,PIA,5.0,0,0.14220474187104046,True
2023,6,PIA,6.0,0,0.1420414818176686,True
2023,6,PIA,7.0,0,0.14209125771252362,True
2023,6,PIA,8.0,0,0.14045039476510562,True
2023,6,PIA,9.0,1,0.14084094089220717,True
2023,6,PIA,10.0,1,0.13990482027801215,True
2023,6,PIA,11.0,1,0.1402228868925765,True
2023,6,PIA,12.0,1,0.15071002660403512,True
2023,6,PIA,13.0,1,0.14066529538279768,True
2023,6,PIA,14.0,0,0.14898934569946135,True
2023,6,PIA,15.0,0,0.14020941526968617,True
2023,6,PIA,16.0,0,0.13969345500074506,True
2023,6,PIA,17.0,0,0.13950109997204171,True
2023,6,PIA,18.0,0,0.16272705542313756,True
2023,6,PIA,19.0,0,0.15984069528042572,True
2023,6,PIA,20.0,0,0.14388973304246805,True
2023,6,PIA,21.0,0,0.1424990369053518,True
2023,6,PIA,22.0,0,0.14339648361724974,True
2023,6,PIA,23.0,0,0.15378146511729848,True
2023,6,PIA,24.0,0,0.14619583801323008,True
2023,6,PIA,25.0,0,0.14521957379915815,True
2023,6,PIA,26.0,0,0.14640994986200812,True
2023,6,PIA,27.0,0,0.14583671978865523,True
2023,6,PIA,28.0,0,0.13853339939427395,True
2023,6,PIA,29.0,0,0.1387259503424362,True
2023,6,PIA,30.0,0,0.13837354156848555,True
2023,6,PIA,31.0,0,0.1403197327070955,True
2023,6,PIA,32.0,0,0.1414081392679356,True
2023,6,PIA,33.0,0,0.14315040195466516,True
2023,6,PIA,34.0,0,0.1452223866843268,True
2023,6,PIA,35.0,0,0.1419806011012071,True
2023,6,PIA,36.0,0,0.14245683544998206,True
2023,6,PIA,37.0,0,0.14553147325285704,True
2023,6,PIA,38.0,0,0.1419462072415804,True
2023,6,PIA,39.0,0,0.14337346873698692,True
2023,6,PIA,40.0,0,0.14869964193079505,True
2023,6,PIA,41.0,0,0.1468968875011522,True
2023,6,PIA,42.0,0,0.148650266963963,True
2023,6,PIA,43.0,0,0.14682644024759633,True
2023,6,PIA,44.0,0,0.14581515313471718,True
2023,6,PIA,45.0,0,0.17375466533079809,True
2023,6,PIA,46.0,0,0.17203056812498108,True
2023,6,PIA,47.0,0,0.1540299106708039,True
2023,6,PIA,48.0,0,0.20068624113607533,True
2023,6,PIA,49.0,0,0.26869971731837083,True
2023,6,PIA,50.0,0,0.18552106646359148,True
2023,6,PIA,51.0,1,0.16298897345556107,True
2023,6,PIA,52.0,1,0.1529685863942089,True
2023,6,PIA,53.0,1,0.15455335855585522,True
2023,6,PIA,54.0,1,0.4437655792873348,True
2023,6,PIA,55.0,1,0.22492774692925477,True
2023,6,PIA,56.0,1,0.18172155137379686,True
2023,6,PIA,57.0,1,0.36414307121443695,True
2023,6,PIA,58.0,1,0.40284969180458213,True
2023,6,PIA,59.0,1,0.15805211920487833,True
2023,6,PIA,60.0,0,0.16011749184336518,True
2023,6,PIA,61.0,0,0.15523156293806611,True
2023,6,PIA,62.0,0,0.14692567364860426,True
2023,6,PIA,63.0,0,0.14931912183918086,True
2023,6,PIA,64.0,0,0.15356240266358268,True
2023,6,PIA,65.0,1,0.1414369981946301,True
2023,6,PIA,66.0,1,0.14193973597155485,True
2023,6,PIA,67.0,1,0.1445169775523061,True
2023,6,PIA,68.0,0,0.14930398812151685,True
2023,6,PIA,69.0,0,0.14403184526827267,True
2023,6,PIA,70.0,0,0.1544704086696054,True
2023,6,PIA,71.0,0,0.14336774206484906,True
2023,6,PIA,72.0,0,0.14476696564262748,True
2023,6,PIA,73.0,0,0.15308796057498444,True
2023,6,PIA,74.0,0,0.14384523578637728,True
2023,6,RUS,1.0,0,0.42200309592390034,True
2023,6,RUS,2.0,0,0.14618095756197796,True
2023,6,RUS,3.0,0,0.1415520648389738,True
2023,6,RUS,4.0,0,0.142301911558691,True
2023,6,RUS,5.0,0,0.14242119731030942,True
2023,6,RUS,6.0,0,0.14218796339712472,True
2023,6,RUS,7.0,0,0.1421416056080483,True
2023,6,RUS,8.0,0,0.14056030572618067,True
2023,6,RUS,9.0,1,0.14084154492075956,True
2023,6,RUS,10.0,1,0.13987310631927463,True
2023,6,RUS,11.0,1,0.13974119094538398,True
2023,6,RUS,12.0,1,0.1450419847448265,True
2023,6,RUS,13.0,1,0.14032369495212388,True
2023,6,RUS,14.0,0,0.14787538392988825,True
2023,6,RUS,15.0,0,0.14037922249974158,True
2023,6,RUS,16.0,0,0.13979721804238537,True
2023,6,RUS,17.0,0,0.13980771220814026,True
2023,6,RUS,18.0,0,0.1593283100022803,True
2023,6,RUS,19.0,0,0.1436886536486725,True
2023,6,RUS,20.0,0,0.14396523223559185,True
2023,6,RUS,21.0,0,0.14257088746105193,True
2023,6,RUS,22.0,0,0.14373952570870238,True
2023,6,RUS,23.0,0,0.1429710496220366,True
2023,6,RUS,24.0,0,0.14095695367295133,True
2023,6,RUS,25.0,0,0.1405559883419077,True
2023,6,RUS,26.0,0,0.1401824296699928,True
2023,6,RUS,27.0,0,0.13955300282209096,True
2023,6,RUS,28.0,0,0.13885130200927734,True
2023,6,RUS,29.0,0,0.1391116981269458,True
2023,6,RUS,30.0,0,0.13863850191024324,True
2023,6,RUS,31.0,0,0.14045268899883992,True
2023,6,RUS,32.0,0,0.14147509421047655,True
2023,6,RUS,33.0,0,0.1427108077727289,True
2023,6,RUS,34.0,0,0.1466470582492598,True
2023,6,RUS,35.0,0,0.1421347054599697,True
2023,6,RUS,36.0,0,0.14253584246455553,True
2023,6,RUS,37.0,0,0.14555228239175988,True
2023,6,RUS,38.0,0,0.1419865840988605,True
2023,6,RUS,39.0,0,0.14375257125938848,True
2023,6,RUS,40.0,0,0.14773592171989994,True
2023,6,RUS,41.0,0,0.14771057199809015,True
2023,6,RUS,42.0,0,0.14983412974236068,True
2023,6,RUS,43.0,0,0.1483329382456593,True
2023,6,RUS,44.0,0,0.14670352621782237,True
2023,6,RUS,45.0,0,0.1669777673583741,True
2023,6,RUS,46.0,0,0.1598739740805847,True
2023,6,RUS,47.0,0,0.15448394764129408,True
2023,6,RUS,48.0,0,0.18452790221875118,True
2023,6,RUS,49.0,0,0.17929024153853584,True
2023,6,RUS,50.0,0,0.20075222552943733,True
2023,6,RUS,51.0,0,0.16586747894944864,True
2023,6,RUS,52.0,1,0.1653024009810992,True
2023,6,RUS,53.0,1,0.16852057470113757,True
2023,6,RUS,54.0,1,0.25473970629856835,True
2023,6,RUS,55.0,1,0.42172676746624804,True
2023,6,RUS,56.0,1,0.18373853809735444,True
2023,6,RUS,57.0,1,0.18520028361038893,True
2023,6,RUS,58.0,1,0.3881740133431245,True
2023,6,RUS,59.0,1,0.16460750447775863,True
2023,6,RUS,60.0,1,0.1735629070021482,True
2023,6,RUS,61.0,0,0.1655539617052769,True
2023,6,RUS,62.0,0,0.15403146722419148,True
2023,6,RUS,63.0,0,0.15121507099265247,True
2023,6,RUS,64.0,0,0.15024429828785915,True
2023,6,RUS,65.0,0,0.14134444604993449,True
2023,6,RUS,66.0,1,0.14233637748088807,True
2023,6,RUS,67.0,1,0.14455144024353983,True
2023,6,RUS,68.0,1,0.14923262680494245,True
2023,6,RUS,69.0,0,0.15212692779605647,True
2023,6,RUS,70.0,0,0.15708237665361563,True
2023,6,RUS,71.0,0,0.14283928572415988,True
2023,6,RUS,72.0,0,0.1456443252263941,True
2023,6,RUS,73.0,0,0.15017802317848233,True
2023,6,RUS,74.0,0,0.14327865806613943,True
2023,6,RUS,75.0,0,0.14407796326616396,True
2023,6,SAI,1.0,0,0.42340818735314406,True
2023,6,SAI,2.0,0,0.14618095756197796,True
2023,6,SAI,3.0,0,0.14154539446320852,True
2023,6,SAI,4.0,0,0.14221700228832096,True
2023,6,SAI,5.0,0,0.14232778212738972,True
2023,6,SAI,6.0,0,0.1422185458742915,True
2023,6,SAI,7.0,0,0.1421865106772401,True
2023,6,SAI,8.0,0,0.14052774361433595,True
2023,6,SAI,9.0,1,0.14056547504907885,True
2023,6,SAI,10.0,1,0.13968427418575516,True
2023,6,SAI,11.0,1,0.13974119094538398,True
2023,6,SAI,12.0,1,0.14564213040788823,True
2023,6,SAI,13.0,1,0.14035529591243562,True
2023,6,SAI,14.0,0,0.14785119325014806,True
2023,6,SAI,15.0,0,0.1403066924368585,True
2023,6,SAI,16.0,0,0.13968810396551867,True
2023,6,SAI,17.0,0,0.13980771220814026,True
2023,6,SAI,18.0,0,0.15919077342108695,True
2023,6,SAI,19.0,0,0.14383927992128837,True
2023,6,SAI,20.0,0,0.14349966023627578,True
2023,6,SAI,21.0,0,0.1430043173246706,True
2023,6,SAI,22.0,0,0.1437392036035277,True
2023,6,SAI,23.0,0,0.14288084817961147,True
2023,6,SAI,24.0,0,0.14084245442194307,True
2023,6,SAI,25.0,0,0.14062337770689523,True
2023,6,SAI,26.0,0,0.14026632823547497,True
2023,6,SAI,27.0,0,0.13964213258592645,True
2023,6,SAI,28.0,0,0.13885130200927734,True
2023,6,SAI,29.0,0,0.1391116981269458,True
2023,6,SAI,30.0,0,0.13863850191024324,True
2023,6,SAI,31.0,0,0.14045268899883992,True
2023,6,SAI,32.0,0,0.14146942000173798,True
2023,6,SAI,33.0,0,0.14680833628951706,True
2023,6,SAI,34.0,0,0.18711491065547275,True
2023,6,SAI,35.0,0,0.14583037281702885,True
2023,6,SAI,36.0,0,0.15140103030997495,True
2023,6,SAI,37.0,0,0.14644616392969648,True
2023,6,SAI,38.0,0,0.143871008214112,True
2023,6,SAI,39.0,0,0.14749066697273858,True
2023,6,SAI,40.0,0,0.14456145889759967,True
2023,6,SAI,41.0,0,0.14470682926281467,True
2023,6,SAI,42.0,0,0.14590926260416676,True
2023,6,SAI,43.0,0,0.14442132220449094,True
2023,6,SAI,44.0,0,0.16256900454446735,True
2023,6,SAI,45.0,0,0.17541632979419436,True
2023,6,SAI,46.0,0,0.17681180998282628,True
2023,6,SAI,47.0,0,0.15959312759760477,True
2023,6,SAI,48.0,0,0.20436266466275996,True
2023,6,SAI,49.0,0,0.2153105292130711,True
2023,6,SAI,50.0,0,0.25160915083282076,True
2023,6,SAI,51.0,0,0.2183952628815801,True
2023,6,SAI,52.0,1,0.1925712857447998,True
2023,6,SAI,53.0,1,0.19056871625086688,True
2023,6,SAI,54.0,1,0.28279737752181494,True
2023,6,SAI,55.0,1,0.4230517283361744,True
2023,6,SAI,56.0,1,0.19291356836079615,True
2023,6,SAI,57.0,1,0.18025391482386746,True
2023,6,SAI,58.0,1,0.40676868649971487,True
2023,6,SAI,59.0,1,0.15942993570538372,True
2023,6,SAI,60.0,1,0.1757951938215313,True
2023,6,SAI,61.0,0,0.1696985276431456,True
2023,6,SAI,62.0,0,0.1528631668390637,True
2023,6,SAI,63.0,0,0.15567903056255583,True
2023,6,SAI,64.0,0,0.15482004268719188,True
2023,6,SAI,65.0,1,0.14162221159921368,True
2023,6,SAI,66.0,1,0.14266869863889883,True
2023,6,SAI,67.0,1,0.14462184597189692,True
2023,6,SAI,68.0,0,0.14737142131618824,True
2023,6,SAI,69.0,0,0.1428167681136372,True
2023,6,SAI,70.0,0,0.1538466442258179,True
2023,6,SAI,71.0,0,0.14338851383387322,True
2023,6,SAI,72.0,0,0.1457289359138984,True
2023,6,SAI,73.0,0,0.15074789391071736,True
2023,6,SAI,74.0,0,0.14337554000293035,True
2023,6,SAI,75.0,0,0.14423259184110368,True
2023,6,SAR,1.0,0,0.46047583551772686,True
2023,6,SAR,2.0,0,0.1430193149885032,True
2023,6,SAR,3.0,0,0.14143961659812598,True
2023,6,SAR,4.0,0,0.14191290078117422,True
2023,6,SAR,5.0,0,0.14343189703674625,True
2023,6,SAR,6.0,0,0.1428953746011858,True
2023,6,SAR,7.0,0,0.14086360694988304,True
2023,6,SAR,8.0,1,0.1402267745307469,True
2023,6,SAR,9.0,1,0.1408631952995969,True
2023,6,SAR,10.0,1,0.14232943676460874,True
2023,6,SAR,11.0,1,0.15418718006829502,True
2023,6,SAR,12.0,1,0.15098214404296031,True
2023,6,SAR,13.0,1,0.1434389378776721,True
2023,6,SAR,14.0,0,0.15416511817576933,True
2023,6,SAR,15.0,0,0.14243804158445272,True
2023,6,SAR,16.0,0,0.1409844450346266,True
2023,6,SAR,17.0,0,0.14665516413837296,True
2023,6,SAR,18.0,0,0.2371411084214098,True
2023,6,SAR,19.0,0,0.15450863594836464,True
2023,6,SAR,20.0,0,0.15505090929257126,True
2023,6,SAR,21.0,0,0.17856213558958411,True
2023,6,SAR,22.0,0,0.14654995799105613,True
2023,6,SAR,23.0,0,0.17266728018011385,True
2023,6,SAR,24.0,0,0.15212944628726854,True
2023,6,SAR,25.0,0,0.14186463759367265,True
2023,6,SAR,26.0,0,0.1409270867651844,True
2023,6,SAR,27.0,0,0.14095010441204486,True
2023,6,SAR,28.0,0,0.1400779229802444,True
2023,6,SAR,29.0,0,0.13999971296361619,True
2023,6,SAR,30.0,0,0.13949950291003893,True
2023,6,SAR,31.0,0,0.14157299899826026,True
2023,6,SAR,32.0,0,0.14122982945322682,True
2023,6,SAR,33.0,0,0.14173798314121078,True
2023,6,SAR,34.0,0,0.1467144534375336,True
2023,6,SAR,35.0,0,0.14332873578104058,True
2023,6,SAR,36.0,0,0.14323178903740602,True
2023,6,SAR,37.0,0,0.1430260285576241,True
2023,6,SAR,38.0,0,0.14353412951822486,True
2023,6,SAR,39.0,0,0.14553787175506602,True
2023,6,SAR,40.0,0,0.14327631620551745,True
2023,6,SAR,41.0,0,0.14327687395427255,True
2023,6,SAR,42.0,0,0.1469166943662006,True
2023,6,SAR,43.0,0,0.1468461967396812,True
2023,6,SAR,44.0,0,0.1643939165297241,True
2023,6,SAR,45.0,0,0.19353409056756923,True
2023,6,SAR,46.0,0,0.19294466298283627,True
2023,6,SAR,47.0,0,0.1684205433515639,True
2023,6,SAR,48.0,0,0.23339985558924692,True
2023,6,SAR,49.0,0,0.23926925411494154,True
2023,6,SAR,50.0,1,0.25228953189064224,True
2023,6,SAR,51.0,1,0.1826625878938272,True
2023,6,SAR,52.0,1,0.1840992011154276,True
2023,6,SAR,53.0,1,0.3315969182698467,True
2023,6,SAR,54.0,1,0.2559604122360807,True
2023,6,SAR,55.0,1,0.21889383500971243,True
2023,6,SAR,56.0,1,0.19149421867990032,True
2023,6,SAR,57.0,1,0.35423181609617177,True
2023,6,SAR,58.0,1,0.3714921267938232,True
2023,6,SAR,59.0,0,0.16243427172265817,True
2023,6,SAR,60.0,0,0.17196166062379054,True
2023,6,SAR,61.0,0,0.15213939841328447,True
2023,6,SAR,62.0,0,0.14605765175720264,True
2023,6,SAR,63.0,0,0.15328822146971427,True
2023,6,SAR,64.0,1,0.1480600570313365,True
2023,6,SAR,65.0,1,0.14130523658463978,True
2023,6,SAR,66.0,1,0.142078529221148,True
2023,6,SAR,67.0,0,0.15234624302842983,True
2023,6,SAR,68.0,0,0.14637441691034705,True
2023,6,SAR,69.0,0,0.14232984487045466,True
2023,6,SAR,70.0,0,0.14858242140231387,True
2023,6,SAR,71.0,0,0.14208318329026914,True
2023,6,SAR,72.0,0,0.14297293609702205,True
2023,6,SAR,73.0,0,0.14537549105522038,True
2023,6,STR,1.0,0,0.4450542218315838,True
2023,6,STR,2.0,0,0.14535475549823745,True
2023,6,STR,3.0,0,0.14152115439581298,True
2023,6,STR,4.0,0,0.14230644555439606,True
2023,6,STR,5.0,0,0.14291156770531688,True
2023,6,STR,6.0,0,0.14218272407023097,True
2023,6,STR,7.0,0,0.14218955073476347,True
2023,6,STR,8.0,1,0.14057822454165084,True
2023,6,STR,9.0,1,0.1406877676600679,True
2023,6,STR,10.0,1,0.14069274684416144,True
2023,6,STR,11.0,1,0.1508052832006386,True
2023,6,STR,12.0,1,0.1427447546683165,True
2023,6,STR,13.0,1,0.14361684307821873,True
2023,6,STR,14.0,0,0.1636285098218996,True
2023,6,STR,15.0,0,0.14405345777643508,True
2023,6,STR,16.0,0,0.1435847967100525,True
2023,6,STR,17.0,0,0.14524678335475785,True
2023,6,STR,18.0,0,0.16013079745124992,True
2023,6,STR,19.0,0,0.14390074396854788,True
2023,6,STR,20.0,0,0.1434193831714834,True
2023,6,STR,21.0,0,0.14296614385650752,True
2023,6,STR,22.0,0,0.1437860774725352,True
2023,6,STR,23.0,0,0.14279462623775693,True
2023,6,STR,24.0,0,0.14017389313553869,True
2023,6,STR,25.0,0,0.14534744407259811,True
2023,6,STR,26.0,0,0.13962141304020098,True
2023,6,STR,27.0,0,0.14347437429739499,True
2023,6,STR,28.0,0,0.14069628385010402,True
2023,6,STR,29.0,0,0.14026970571830205,True
2023,6,STR,30.0,0,0.14052075381709858,True
2023,6,STR,31.0,0,0.14203407903518966,True
2023,6,STR,32.0,0,0.14123988148510258,True
2023,6,STR,33.0,0,0.14673085016441081,True
2023,6,STR,34.0,0,0.14615564225979175,True
2023,6,STR,35.0,0,0.14634339956222203,True
2023,6,STR,36.0,0,0.14727844569405674,True
2023,6,STR,37.0,0,0.14544094284937667,True
2023,6,STR,38.0,0,0.14205378227177157,True
2023,6,STR,39.0,0,0.14371034432720245,True
2023,6,STR,40.0,0,0.14801097898233956,True
2023,6,STR,41.0,0,0.14795236096666292,True
2023,6,STR,42.0,0,0.14977815512145293,True
2023,6,STR,43.0,0,0.1477121937914874,True
2023,6,STR,44.0,0,0.146487338016711,True
2023,6,STR,45.0,0,0.17174566382180756,True
2023,6,STR,46.0,0,0.16948363688223061,True
2023,6,STR,47.0,0,0.1922798755434906,True
2023,6,STR,48.0,0,0.20594678547901504,True
2023,6,STR,49.0,0,0.1937465620563003,True
2023,6,STR,50.0,0,0.2618459195999791,True
2023,6,STR,51.0,1,0.18560602311999072,True
2023,6,TSU,1.0,0,0.46458219135443307,True
2023,6,TSU,2.0,0,0.14347825148996765,True
2023,6,TSU,3.0,0,0.14144082453035373,True
2023,6,TSU,4.0,0,0.14192022127039272,True
2023,6,TSU,5.0,0,0.1434488422288315,True
2023,6,TSU,6.0,0,0.14287980358507868,True
2023,6,TSU,7.0,0,0.14086200623987294,True
2023,6,TSU,8.0,0,0.14021689741438764,True
2023,6,TSU,9.0,1,0.14092197315816232,True
2023,6,TSU,10.0,1,0.1423039770972481,True
2023,6,TSU,11.0,1,0.1428106304696018,True
2023,6,TSU,12.0,1,0.15364472114718247,True
2023,6,TSU,13.0,1,0.141976899633329,True
2023,6,TSU,14.0,0,0.15136751612486643,True
2023,6,TSU,15.0,0,0.14229452257122324,True
2023,6,TSU,16.0,0,0.14046028893521154,True
2023,6,TSU,17.0,0,0.14451370336893493,True
2023,6,TSU,18.0,0,0.2380886976269439,True
2023,6,TSU,19.0,0,0.15295810933621679,True
2023,6,TSU,20.0,0,0.15598582726529778,True
2023,6,TSU,21.0,0,0.15246794731383703,True
2023,6,TSU,22.0,0,0.14455523028521516,True
2023,6,TSU,23.0,0,0.15885098620477547,True
2023,6,TSU,24.0,0,0.14423092469725146,True
2023,6,TSU,25.0,0,0.14423652484742694,True
2023,6,TSU,26.0,0,0.14593888382596723,True
2023,6,TSU,27.0,0,0.14534936496572354,True
2023,6,TSU,28.0,0,0.1474039856835119,True
2023,6,TSU,29.0,0,0.145184926646674,True
2023,6,TSU,30.0,0,0.14538494860285717,True
2023,6,TSU,31.0,0,0.1489286356894047,True
2023,6,TSU,32.0,0,0.14405845157990388,True
2023,6,TSU,33.0,0,0.15581884268736043,True
2023,6,TSU,34.0,0,0.18257094580008112,True
2023,6,TSU,35.0,0,0.14711359069957947,True
2023,6,TSU,36.0,0,0.15102920341797577,True
2023,6,TSU,37.0,0,0.14941815218021434,True
2023,6,TSU,38.0,0,0.1461412574152996,True
2023,6,TSU,39.0,0,0.15142954299986067,True
2023,6,TSU,40.0,0,0.14594060166527334,True
2023,6,TSU,41.0,0,0.1474804234242137,True
2023,6,TSU,42.0,0,0.14817818826871954,True
2023,6,TSU,43.0,0,0.1461576024229186,True
2023,6,TSU,44.0,0,0.16558606603524828,True
2023,6,TSU,45.0,0,0.19325026967736805,True
2023,6,TSU,46.0,0,0.1905590369294839,True
2023,6,TSU,47.0,0,0.18710180487739803,True
2023,6,TSU,48.0,0,0.2367569788235318,True
2023,6,TSU,49.0,0,0.24935342371096203,True
2023,6,TSU,50.0,0,0.259055278542057,True
2023,6,TSU,51.0,1,0.21387506163753453,True
2023,6,TSU,52.0,1,0.19532020331530622,True
2023,6,TSU,53.0,1,0.19930531680880653,True
2023,6,TSU,54.0,1,0.45811478524357163,True
2023,6,TSU,55.0,1,0.41742759874665836,True
2023,6,TSU,56.0,1,0.1891519260515612,True
2023,6,TSU,57.0,1,0.35339710712150996,True
2023,6,TSU,58.0,1,0.4026218863071719,True
2023,6,TSU,59.0,1,0.15818523385161454,True
2023,6,TSU,60.0,0,0.16437362059245048,True
2023,6,TSU,61.0,0,0.1609813734614082,True
2023,6,TSU,62.0,0,0.15345262775128723,True
2023,6,TSU,63.0,0,0.15502882076164187,True
2023,6,TSU,64.0,0,0.15544168218807553,True
2023,6,TSU,65.0,1,0.14163635427461826,True
2023,6,TSU,66.0,1,0.14286733235637789,True
2023,6,TSU,67.0,1,0.14431541221690164,True
2023,6,TSU,68.0,0,0.1501346581109942,True
2023,6,TSU,69.0,0,0.14312406148857332,True
2023,6,TSU,70.0,0,0.1536182278280087,True
2023,6,TSU,71.0,0,0.14264933617312317,True
2023,6,TSU,72.0,0,0.1456443252263941,True
2023,6,TSU,73.0,0,0.1507601352094339,True
2023,6,VER,1.0,0,0.4664091433429971,True
2023,6,VER,2.0,0,0.1430123229954579,True
2023,6,VER,3.0,0,0.1413252953504053,True
2023,6,VER,4.0,0,0.14173762246902014,True
2023,6,VER,5.0,0,0.14220175480558503,True
2023,6,VER,6.0,0,0.14170712245759393,True
2023,6,VER,7.0,0,0.1406216347210174,True
2023,6,VER,8.0,0,0.14012505686298518,True
2023,6,VER,9.0,1,0.14062691745882747,True
2023,6,VER,10.0,1,0.14140170271422337,True
2023,6,VER,11.0,1,0.14132618481385356,True
2023,6,VER,12.0,1,0.1528454122287397,True
2023,6,VER,13.0,1,0.1429504016559418,True
2023,6,VER,14.0,0,0.15169286609701002,True
2023,6,VER,15.0,0,0.14405421952374592,True
2023,6,VER,16.0,0,0.14027931739839403,True
2023,6,VER,17.0,0,0.14421797058137806,True
2023,6,VER,18.0,0,0.21164531703923894,True
2023,6,VER,19.0,0,0.1523663108385876,True
2023,6,VER,20.0,0,0.15473932343918734,True
2023,6,VER,21.0,0,0.14921778500541302,True
2023,6,VER,22.0,0,0.14395207960984574,True
2023,6,VER,23.0,0,0.1567421525113604,True
2023,6,VER,24.0,0,0.142986679338953,True
2023,6,VER,25.0,0,0.1432385163799103,True
2023,6,VER,26.0,0,0.1431985772585616,True
2023,6,VER,27.0,0,0.14301657723580177,True
2023,6,VER,28.0,0,0.1444707940318602,True
2023,6,VER,29.0,0,0.14347122595645118,True
2023,6,VER,30.0,0,0.1434971789942992,True
2023,6,VER,31.0,0,0.1502480070564862,True
2023,6,VER,32.0,0,0.14374285918991578,True
2023,6,VER,33.0,0,0.15694919592047823,True
2023,6,VER,34.0,0,0.18268756048014095,True
2023,6,VER,35.0,0,0.14846199109253425,True
2023,6,VER,36.0,0,0.15044891746306183,True
2023,6,VER,37.0,0,0.148566689311276,True
2023,6,VER,38.0,0,0.1456133153306475,True
2023,6,VER,39.0,0,0.1500193902306775,True
2023,6,VER,40.0,0,0.14643477969840574,True
2023,6,VER,41.0,0,0.1464775466571266,True
2023,6,VER,42.0,0,0.14780843881938124,True
2023,6,VER,43.0,0,0.14570547063131106,True
2023,6,VER,44.0,0,0.16812623105314478,True
2023,6,VER,45.0,0,0.17944045223244182,True
2023,6,VER,46.0,0,0.1803483391068344,True
2023,6,VER,47.0,0,0.18355774614494863,True
2023,6,VER,48.0,0,0.21930223003230145,True
2023,6,VER,49.0,0,0.232901365546079,True
2023,6,VER,50.0,0,0.25248307392909247,True
2023,6,VER,51.0,0,0.24783958040533852,True
2023,6,VER,52.0,1,0.20695374389754412,True
2023,6,VER,53.0,1,0.20352870224753086,True
2023,6,VER,54.0,1,0.295739679484646,True
2023,6,VER,55.0,1,0.42964527215788395,True
2023,6,VER,56.0,1,0.19051927815793918,True
2023,6,VER,57.0,1,0.18483648951949613,True
2023,6,VER,58.0,1,0.3952280395475356,True
2023,6,VER,59.0,1,0.1643730781254503,True
2023,6,VER,60.0,1,0.1606308328205639,True
2023,6,VER,61.0,0,0.1527503407294855,True
2023,6,VER,62.0,0,0.14707955556490088,True
2023,6,VER,63.0,0,0.14995857291761197,True
2023,6,VER,64.0,0,0.1515402730040984,True
2023,6,VER,65.0,0,0.1413447349542748,True
2023,6,VER,66.0,1,0.14195506389010304,True
2023,6,VER,67.0,1,0.1447372426687986,True
2023,6,VER,68.0,1,0.14999738162158155,True
2023,6,VER,69.0,0,0.15097040227126846,True
2023,6,VER,70.0,0,0.15358071430526496,True
2023,6,VER,71.0,0,0.14251393618237823,True
2023,6,VER,72.0,0,0.14560338510827,True
2023,6,VER,73.0,0,0.15010788123762253,True
2023,6,VER,74.0,0,0.14444870690301861,True
2023,6,VER,75.0,0,0.14520159514827272,True
2023,6,ZHO,1.0,0,0.44552724219455797,True
2023,6,ZHO,2.0,0,0.15061899036280219,True
2023,6,ZHO,3.0,0,0.14134229939633852,True
2023,6,ZHO,4.0,0,0.14221579357773237,True
2023,6,ZHO,5.0,0,0.1418310446556435,True
2023,6,ZHO,6.0,0,0.14164828676040914,True
2023,6,ZHO,7.0,0,0.1419629542537498,True
2023,6,ZHO,8.0,1,0.14096454403356043,True
2023,6,ZHO,9.0,1,0.1415710147717248,True
2023,6,ZHO,10.0,1,0.14088425942105617,True
2023,6,ZHO,11.0,1,0.15483454942321487,True
2023,6,ZHO,12.0,1,0.1454766912021181,True
2023,6,ZHO,13.0,1,0.1487415139195682,True
2023,6,ZHO,14.0,0,0.1748947909062856,True
2023,6,ZHO,15.0,0,0.1501290568444678,True
2023,6,ZHO,16.0,0,0.14791487346895954,True
2023,6,ZHO,17.0,0,0.15092392838335572,True
2023,6,ZHO,18.0,0,0.23604677422600456,True
2023,6,ZHO,19.0,0,0.17679383273840954,True
2023,6,ZHO,20.0,0,0.17532572984541947,True
2023,6,ZHO,21.0,0,0.14635414681469444,True
2023,6,ZHO,22.0,0,0.14730457216611223,True
2023,6,ZHO,23.0,0,0.14538445463712213,True
2023,6,ZHO,24.0,0,0.14211955740714835,True
2023,6,ZHO,25.0,0,0.14120394171875553,True
2023,6,ZHO,26.0,0,0.14061758257183735,True
2023,6,ZHO,27.0,0,0.1399625097948039,True
2023,6,ZHO,28.0,0,0.14246422645320328,True
2023,6,ZHO,29.0,0,0.13949705109190103,True
2023,6,ZHO,30.0,0,0.14255053070849863,True
2023,6,ZHO,31.0,0,0.14083695288011341,True
2023,6,ZHO,32.0,0,0.14150053083017866,True
2023,6,ZHO,33.0,0,0.14666351027998478,True
2023,6,ZHO,34.0,0,0.15666739966850582,True
2023,6,ZHO,35.0,0,0.1419376352743265,True
2023,6,ZHO,36.0,0,0.14242971046176153,True
2023,6,ZHO,37.0,0,0.14691472190867144,True
2023,6,ZHO,38.0,0,0.14252366676496886,True
2023,6,ZHO,39.0,0,0.14386590372643618,True
2023,6,ZHO,40.0,0,0.1486077865865014,True
2023,6,ZHO,41.0,0,0.14838340355157878,True
2023,6,ZHO,42.0,0,0.1502244757677995,True
2023,6,ZHO,43.0,0,0.14836878369762319,True
2023,6,ZHO,44.0,0,0.14647307276176164,True
2023,6,ZHO,45.0,0,0.1713094962203245,True
2023,6,ZHO,46.0,0,0.16887257875836226,True
2023,6,ZHO,47.0,0,0.15463981105917607,True
2023,6,ZHO,48.0,0,0.20858780661858894,True
2023,6,ZHO,49.0,0,0.1957911802951135,True
2023,6,ZHO,50.0,0,0.2619465798516421,True
2023,6,ZHO,51.0,1,0.18323089043507182,True
2023,6,ZHO,52.0,1,0.1788514574141943,True
2023,6,ZHO,53.0,1,0.169505833415647,True
2023,6,ZHO,54.0,1,0.45914853155884183,True
2023,6,ZHO,55.0,1,0.23536042984567543,True
2023,6,ZHO,56.0,1,0.18792700725734762,True
2023,6,ZHO,57.0,1,0.3686305431303003,True
2023,6,ZHO,58.0,1,0.4030347005549511,True
2023,6,ZHO,59.0,1,0.17490583580045257,True
2023,6,ZHO,60.0,0,0.16160867897902104,True
2023,6,ZHO,61.0,0,0.1617887324816349,True
2023,6,ZHO,62.0,0,0.15427209509974493,True
2023,6,ZHO,63.0,0,0.1567361617143701,True
2023,6,ZHO,64.0,1,0.15588388517198587,True
2023,6,ZHO,65.0,1,0.1419749504711938,True
2023,6,ZHO,66.0,1,0.1421158210066059,True
2023,6,ZHO,67.0,0,0.14901855748269804,True
2023,6,ZHO,68.0,0,0.14816794478666492,True
2023,6,ZHO,69.0,0,0.14348308839749868,True
2023,6,ZHO,70.0,0,0.15713396759289006,True
2023,6,ZHO,71.0,0,0.14360667306118174,True
2023,6,ZHO,72.0,0,0.14484327502388203,True
2023,6,ZHO,73.0,0,0.15031936783713792,True
2023,6,ZHO,74.0,0,0.143368831404363,True
2023,7,ALB,1.0,0,0.1415653916460917,True
2023,7,ALB,2.0,0,0.12689792187163296,True
2023,7,ALB,3.0,0,0.1550167166916174,True
2023,7,ALB,4.0,0,0.2593673793783023,True
2023,7,ALB,5.0,0,0.26237862323355166,True
2023,7,ALB,6.0,0,0.16146585536345132,True
2023,7,ALB,7.0,0,0.22242705054647322,True
2023,7,ALB,8.0,0,0.1559330414996334,True
2023,7,ALB,9.0,0,0.13756670393570256,True
2023,7,ALB,10.0,0,0.1336049345302999,True
2023,7,ALB,11.0,0,0.1278007385294305,True
2023,7,ALB,12.0,0,0.12409762643670526,True
2023,7,ALB,13.0,0,0.12401342524652645,True
2023,7,ALB,14.0,0,0.12326107069937149,True
2023,7,ALB,15.0,0,0.12336547502370036,True
2023,7,ALB,16.0,0,0.12334574611862695,True
2023,7,ALB,17.0,0,0.12301055318841651,True
2023,7,ALB,18.0,0,0.12343973865754423,True
2023,7,ALB,19.0,0,0.1231957211530151,True
2023,7,ALB,20.0,0,0.12299590388275909,True
2023,7,ALB,21.0,0,0.12320403493366543,True
2023,7,ALB,22.0,0,0.12337507117923278,True
2023,7,ALB,23.0,0,0.12340692989101613,True
2023,7,ALB,24.0,0,0.1232179305187346,True
2023,7,ALB,25.0,0,0.12347714672522422,True
2023,7,ALB,26.0,0,0.12346869673349334,True
2023,7,ALB,27.0,0,0.12340773138233119,True
2023,7,ALB,28.0,0,0.12280798721979849,True
2023,7,ALB,29.0,0,0.12322925208035733,True
2023,7,ALB,30.0,0,0.12400178183278834,True
2023,7,ALB,31.0,0,0.12416839963351863,True
2023,7,ALB,32.0,0,0.1252792408486491,True
2023,7,ALB,33.0,0,0.1292452246032533,True
2023,7,ALB,34.0,0,0.12773192333056427,True
2023,7,ALB,35.0,0,0.16749047365314018,True
2023,7,ALB,36.0,0,0.14304457966459647,True
2023,7,ALB,37.0,0,0.12512162177850703,True
2023,7,ALB,38.0,0,0.12445728087598762,True
2023,7,ALB,39.0,0,0.12473878967459662,True
2023,7,ALB,40.0,0,0.1258385041721051,True
2023,7,ALB,41.0,0,0.1231079415508511,True
2023,7,ALB,42.0,0,0.12518214857452312,True
2023,7,ALB,43.0,0,0.12490465163751518,True
2023,7,ALB,44.0,0,0.12399604237036503,True
2023,7,ALB,45.0,0,0.12527222751177428,True
2023,7,ALB,46.0,0,0.12537608172760012,True
2023,7,ALB,47.0,0,0.12739986312845467,True
2023,7,ALB,48.0,0,0.12941170333344015,True
2023,7,ALB,49.0,0,0.12966126618008023,True
2023,7,ALB,50.0,0,0.12778855948069973,True
2023,7,ALB,51.0,0,0.12327351030306037,True
2023,7,ALB,52.0,0,0.1239120931754594,True
2023,7,ALB,53.0,0,0.12348794959544152,True
2023,7,ALB,54.0,0,0.1253844248884706,True
2023,7,ALB,55.0,0,0.12772822982257365,True
2023,7,ALB,56.0,0,0.1273906082336409,True
2023,7,ALB,57.0,0,0.1260102631505631,True
2023,7,ALB,58.0,0,0.1274167659144235,True
2023,7,ALB,59.0,0,0.12692201968298403,True
2023,7,ALB,60.0,0,0.1285339949308828,True
2023,7,ALB,61.0,0,0.1294424011866488,True
2023,7,ALB,62.0,0,0.13521822841969797,True
2023,7,ALO,1.0,0,0.13970604852581978,True
2023,7,ALO,2.0,0,0.12649905893010566,True
2023,7,ALO,3.0,0,0.15364010468598016,True
2023,7,ALO,4.0,0,0.25710852090969055,True
2023,7,ALO,5.0,0,0.2564561486865383,True
2023,7,ALO,6.0,0,0.16116074914283884,True
2023,7,ALO,7.0,0,0.22086184252491475,True
2023,7,ALO,8.0,0,0.1551446510465233,True
2023,7,ALO,9.0,0,0.13531953944636124,True
2023,7,ALO,10.0,0,0.13265975137936373,True
2023,7,ALO,11.0,0,0.12754384345857622,True
2023,7,ALO,12.0,0,0.12418952242229239,True
2023,7,ALO,13.0,0,0.12423511091356727,True
2023,7,ALO,14.0,0,0.12324425567568202,True
2023,7,ALO,15.0,0,0.12333519446899081,True
2023,7,ALO,16.0,0,0.12333800740504128,True
2023,7,ALO,17.0,0,0.12347793093675863,True
2023,7,ALO,18.0,0,0.12358650091096483,True
2023,7,ALO,19.0,0,0.12325822629664915,True
2023,7,ALO,20.0,0,0.12327599331388939,True
2023,7,ALO,21.0,0,0.12352781383185021,True
2023,7,ALO,22.0,0,0.12400447913423078,True
2023,7,ALO,23.0,0,0.12368116587500051,True
2023,7,ALO,24.0,0,0.12326308274258198,True
2023,7,ALO,25.0,0,0.1237034305111547,True
2023,7,ALO,26.0,0,0.12358623926495609,True
2023,7,ALO,27.0,0,0.12341781937770016,True
2023,7,ALO,28.0,0,0.12288595894573853,True
2023,7,ALO,29.0,0,0.12313141327633606,True
2023,7,ALO,30.0,0,0.12370616083542021,True
2023,7,ALO,31.0,0,0.12394021582606166,True
2023,7,ALO,32.0,0,0.12493333421224143,True
2023,7,ALO,33.0,0,0.12834671382673818,True
2023,7,ALO,34.0,0,0.12789894832332305,True
2023,7,ALO,35.0,0,0.16161445572926506,True
2023,7,ALO,36.0,0,0.138434709292242,True
2023,7,ALO,37.0,0,0.12535216643302294,True
2023,7,ALO,38.0,0,0.12490021832046683,True
2023,7,ALO,39.0,0,0.12426982476962249,True
2023,7,ALO,40.0,0,0.12497531347270982,True
2023,7,ALO,41.0,0,0.12305872941953337,True
2023,7,ALO,42.0,0,0.12496750957924822,True
2023,7,ALO,43.0,0,0.12462702406631188,True
2023,7,ALO,44.0,0,0.12392596339055739,True
2023,7,ALO,45.0,0,0.12389688758640698,True
2023,7,ALO,46.0,0,0.125465996671766,True
2023,7,ALO,47.0,0,0.1284531622958529,True
2023,7,ALO,48.0,0,0.12952649993765403,True
2023,7,ALO,49.0,0,0.12789203530011672,True
2023,7,ALO,50.0,0,0.12748310197283969,True
2023,7,ALO,51.0,0,0.12337619726038329,True
2023,7,ALO,52.0,0,0.12375373942929893,True
2023,7,ALO,53.0,0,0.12328784264595587,True
2023,7,ALO,54.0,0,0.12475754008171942,True
2023,7,ALO,55.0,0,0.12592862126958757,True
2023,7,ALO,56.0,0,0.12552344564616552,True
2023,7,ALO,57.0,0,0.1248048348393942,True
2023,7,ALO,58.0,0,0.12567434500674826,True
2023,7,ALO,59.0,0,0.12536196318990003,True
2023,7,ALO,60.0,0,0.12803916847010172,True
2023,7,ALO,61.0,0,0.12753179351369093,True
2023,7,ALO,62.0,0,0.13305838935412062,True
2023,7,ALO,63.0,0,0.1454726465774991,True
2023,7,BOT,1.0,0,0.1415653916460917,True
2023,7,BOT,2.0,0,0.12689792187163296,True
2023,7,BOT,3.0,0,0.1544850348830023,True
2023,7,BOT,4.0,0,0.2593673793783023,True
2023,7,BOT,5.0,0,0.264509930448085,True
2023,7,BOT,6.0,0,0.1920372167899192,True
2023,7,BOT,7.0,0,0.2884762163250034,True
2023,7,BOT,8.0,0,0.2054632920206795,True
2023,7,BOT,9.0,0,0.16019543295209165,True
2023,7,BOT,10.0,0,0.15024184656629921,True
2023,7,BOT,11.0,0,0.13441537910158075,True
2023,7,BOT,12.0,0,0.12708776993818538,True
2023,7,BOT,13.0,0,0.12699715112536009,True
2023,7,BOT,14.0,0,0.12347226289665225,True
2023,7,BOT,15.0,0,0.12344214516016669,True
2023,7,BOT,16.0,0,0.12340028969840663,True
2023,7,BOT,17.0,0,0.123348518490029,True
2023,7,BOT,18.0,0,0.12346891554405777,True
2023,7,BOT,19.0,0,0.123110069120175,True
2023,7,BOT,20.0,0,0.12298677397800217,True
2023,7,BOT,21.0,0,0.12317494691171627,True
2023,7,BOT,22.0,0,0.12332530047335559,True
2023,7,BOT,23.0,0,0.12347437597539149,True
2023,7,BOT,24.0,0,0.12324025772663746,True
2023,7,BOT,25.0,0,0.12353717894169884,True
2023,7,BOT,26.0,0,0.12352535263862215,True
2023,7,BOT,27.0,0,0.12348542536410448,True
2023,7,BOT,28.0,0,0.12282858133768912,True
2023,7,BOT,29.0,0,0.1232591608828633,True
2023,7,BOT,30.0,0,0.1238937279493062,True
2023,7,BOT,31.0,0,0.12415446266435719,True
2023,7,BOT,32.0,0,0.1255385570238597,True
2023,7,BOT,33.0,0,0.12900022470615183,True
2023,7,BOT,34.0,0,0.12744867771977952,True
2023,7,BOT,35.0,0,0.16959594741465106,True
2023,7,BOT,36.0,0,0.14408455039473478,True
2023,7,BOT,37.0,0,0.12522559324521015,True
2023,7,BOT,38.0,0,0.12458014994101987,True
2023,7,BOT,39.0,0,0.12419389751395053,True
2023,7,BOT,40.0,0,0.12403890304555173,True
2023,7,BOT,41.0,0,0.12305521758012676,True
2023,7,BOT,42.0,0,0.12483541738530606,True
2023,7,BOT,43.0,0,0.1243675586835502,True
2023,7,BOT,44.0,0,0.12362367795500831,True
2023,7,BOT,45.0,0,0.12507495505011015,True
2023,7,BOT,46.0,0,0.1255690895286012,True
2023,7,BOT,47.0,0,0.12814469178610577,True
2023,7,BOT,48.0,0,0.13028464082840535,True
2023,7,BOT,49.0,0,0.1292237838799765,True
2023,7,BOT,50.0,0,0.1274955741976693,True
2023,7,BOT,51.0,0,0.12336038409605621,True
2023,7,BOT,52.0,0,0.12379334345302842,True
2023,7,BOT,53.0,0,0.12327822729312017,True
2023,7,BOT,54.0,0,0.12475608205077368,True
2023,7,BOT,55.0,0,0.12636731747916566,True
2023,7,BOT,56.0,0,0.12575945287200874,True
2023,7,BOT,57.0,0,0.12456626181707772,True
2023,7,BOT,58.0,0,0.12537162392323253,True
2023,7,BOT,59.0,0,0.12544287748923574,True
2023,7,BOT,60.0,0,0.12836581297155325,True
2023,7,BOT,61.0,0,0.1270142436607214,True
2023,7,BOT,62.0,0,0.13385511396111544,True
2023,7,DEV,1.0,0,0.1415653916460917,True
2023,7,DEV,2.0,0,0.12689792187163296,True
2023,7,DEV,3.0,0,0.1544850348830023,True
2023,7,DEV,4.0,0,0.25799532955578364,True
2023,7,DEV,5.0,0,0.26051462393869407,True
2023,7,DEV,6.0,0,0.1605961477272627,True
2023,7,DEV,7.0,0,0.2226955310303269,True
2023,7,DEV,8.0,0,0.1562938342317123,True
2023,7,DEV,9.0,0,0.13764122629198555,True
2023,7,DEV,10.0,0,0.1408831352172049,True
2023,7,DEV,11.0,0,0.134629512540576,True
2023,7,DEV,12.0,0,0.12708508428535933,True
2023,7,DEV,13.0,0,0.12700761997139112,True
2023,7,DEV,14.0,0,0.12349632557007954,True
2023,7,DEV,15.0,0,0.1234645223414074,True
2023,7,DEV,16.0,0,0.1233378343144194,True
2023,7,DEV,17.0,0,0.12326391503120379,True
2023,7,DEV,18.0,0,0.12341009470742444,True
2023,7,DEV,19.0,0,0.12313166536450786,True
2023,7,DEV,20.0,0,0.1230450568142946,True
2023,7,DEV,21.0,0,0.12316465663524638,True
2023,7,DEV,22.0,0,0.12331436594604725,True
2023,7,DEV,23.0,0,0.12340971850562021,True
2023,7,DEV,24.0,0,0.12319057854613154,True
2023,7,DEV,25.0,0,0.12350246645450635,True
2023,7,DEV,26.0,0,0.1233901919470441,True
2023,7,DEV,27.0,0,0.12340499613540375,True
2023,7,DEV,28.0,0,0.122799843749039,True
2023,7,DEV,29.0,0,0.12322632960593757,True
2023,7,DEV,30.0,0,0.12388396842310374,True
2023,7,DEV,31.0,0,0.12415147269652944,True
2023,7,DEV,32.0,0,0.12551089547935768,True
2023,7,DEV,33.0,0,0.12927850886079212,True
2023,7,DEV,34.0,0,0.12775017120912985,True
2023,7,DEV,35.0,0,0.1670549666538042,True
2023,7,DEV,36.0,0,0.14198117024496013,True
2023,7,DEV,37.0,0,0.12556678531976018,True
2023,7,DEV,38.0,0,0.124522201608768,True
2023,7,DEV,39.0,0,0.12422811759662307,True
2023,7,DEV,40.0,0,0.125911135129931,True
2023,7,DEV,41.0,0,0.1231029657072448,True
2023,7,DEV,42.0,0,0.12521942008021733,True
2023,7,DEV,43.0,0,0.12479329788378693,True
2023,7,DEV,44.0,0,0.12393411245110227,True
2023,7,DEV,45.0,0,0.12519394195481437,True
2023,7,DEV,46.0,0,0.12527086256022715,True
2023,7,DEV,47.0,0,0.12741126773343464,True
2023,7,DEV,48.0,0,0.1290649748056774,True
2023,7,DEV,49.0,0,0.128993431732244,True
2023,7,DEV,50.0,0,0.12778855948069973,True
2023,7,DEV,51.0,0,0.12327853963051956,True
2023,7,DEV,52.0,0,0.1239120931754594,True
2023,7,DEV,53.0,0,0.12348773591374311,True
2023,7,DEV,54.0,0,0.12540514335777683,True
2023,7,DEV,55.0,0,0.1277284911314375,True
2023,7,DEV,56.0,0,0.1273906082336409,True
2023,7,DEV,57.0,0,0.12600417507888656,True
2023,7,DEV,58.0,0,0.1274167659144235,True
2023,7,DEV,59.0,0,0.12691936550867883,True
2023,7,DEV,60.0,0,0.12865361923663607,True
2023,7,DEV,61.0,0,0.12830000330961894,True
2023,7,DEV,62.0,0,0.1367917386445044,True
2023,7,GAS,1.0,0,0.14127091613234283,True
2023,7,GAS,2.0,0,0.1268924433656795,True
2023,7,GAS,3.0,0,0.15414618696328047,True
2023,7,GAS,4.0,0,0.2593673793783023,True
2023,7,GAS,5.0,0,0.26051462393869407,True
2023,7,GAS,6.0,0,0.1612119370828476,True
2023,7,GAS,7.0,0,0.22139031336839077,True
2023,7,GAS,8.0,0,0.15507292126594063,True
2023,7,GAS,9.0,0,0.1358381588775958,True
2023,7,GAS,10.0,0,0.13264427515074545,True
2023,7,GAS,11.0,0,0.127547231773939,True
2023,7,GAS,12.0,0,0.12416449100832602,True
2023,7,GAS,13.0,0,0.12427692195882326,True
2023,7,GAS,14.0,0,0.12327643605834253,True
2023,7,GAS,15.0,0,0.12333846886514577,True
2023,7,GAS,16.0,0,0.12332578438248627,True
2023,7,GAS,17.0,0,0.1235029205318545,True
2023,7,GAS,18.0,0,0.12358552197308184,True
2023,7,GAS,19.0,0,0.12331343438955993,True
2023,7,GAS,20.0,0,0.12291706120999162,True
2023,7,GAS,21.0,0,0.12335083204448512,True
2023,7,GAS,22.0,0,0.12363672764871407,True
2023,7,GAS,23.0,0,0.12350509501437086,True
2023,7,GAS,24.0,0,0.12320403600684382,True
2023,7,GAS,25.0,0,0.12359824892398066,True
2023,7,GAS,26.0,0,0.12349733653823938,True
2023,7,GAS,27.0,0,0.12336143283311456,True
2023,7,GAS,28.0,0,0.12284677682766583,True
2023,7,GAS,29.0,0,0.12321395355935953,True
2023,7,GAS,30.0,0,0.12444529543495561,True
2023,7,GAS,31.0,0,0.12461451160483934,True
2023,7,GAS,32.0,0,0.12610070787683755,True
2023,7,GAS,33.0,0,0.13024369392237026,True
2023,7,GAS,34.0,0,0.12951193717463155,True
2023,7,GAS,35.0,0,0.16754295071706737,True
2023,7,GAS,36.0,0,0.1443438801715276,True
2023,7,GAS,37.0,0,0.1260271511409446,True
2023,7,GAS,38.0,0,0.12516317071889424,True
2023,7,GAS,39.0,0,0.1243872449852591,True
2023,7,GAS,40.0,0,0.12403890304555173,True
2023,7,GAS,41.0,0,0.12305334226713231,True
2023,7,GAS,42.0,0,0.12496785163529771,True
2023,7,GAS,43.0,0,0.12459971386719759,True
2023,7,GAS,44.0,0,0.12365325753533893,True
2023,7,GAS,45.0,0,0.12508139745108376,True
2023,7,GAS,46.0,0,0.1255907219328966,True
2023,7,GAS,47.0,0,0.12814469178610577,True
2023,7,GAS,48.0,0,0.12977871510219322,True
2023,7,GAS,49.0,0,0.1287350030236671,True
2023,7,GAS,50.0,0,0.1274881423513249,True
2023,7,GAS,51.0,0,0.12335502881267443,True
2023,7,GAS,52.0,0,0.12377878109362746,True
2023,7,GAS,53.0,0,0.12320973936036017,True
2023,7,GAS,54.0,0,0.12500217976919664,True
2023,7,GAS,55.0,0,0.12638644156758488,True
2023,7,GAS,56.0,0,0.12595613949738477,True
2023,7,GAS,57.0,0,0.12471394377976389,True
2023,7,GAS,58.0,0,0.12549634252031744,True
2023,7,GAS,59.0,0,0.12526172157373922,True
2023,7,GAS,60.0,0,0.12781648867349507,True
2023,7,GAS,61.0,0,0.1272870791168334,True
2023,7,GAS,62.0,0,0.13287214944635437,True
2023,7,GAS,63.0,0,0.1484081831216028,True
2023,7,HAM,1.0,0,0.13957222515627501,True
2023,7,HAM,2.0,0,0.12653959938087506,True
2023,7,HAM,3.0,0,0.1546785593225155,True
2023,7,HAM,4.0,0,0.25253797435461,True
2023,7,HAM,5.0,0,0.26604965441829864,True
2023,7,HAM,6.0,0,0.16087949510207286,True
2023,7,HAM,7.0,0,0.2168583612998914,True
2023,7,HAM,8.0,0,0.15274875253241962,True
2023,7,HAM,9.0,0,0.13548921651351836,True
2023,7,HAM,10.0,0,0.13244292903653704,True
2023,7,HAM,11.0,0,0.12755976667439461,True
2023,7,HAM,12.0,0,0.12421373411887646,True
2023,7,HAM,13.0,0,0.12420855637760768,True
2023,7,HAM,14.0,0,0.12324919194107953,True
2023,7,HAM,15.0,0,0.12333925150535396,True
2023,7,HAM,16.0,0,0.12331558290464102,True
2023,7,HAM,17.0,0,0.12351344383763738,True
2023,7,HAM,18.0,0,0.12365286031385994,True
2023,7,HAM,19.0,0,0.12335337523097889,True
2023,7,HAM,20.0,0,0.12336361661590874,True
2023,7,HAM,21.0,0,0.12354369738541275,True
2023,7,HAM,22.0,0,0.12395595390276497,True
2023,7,HAM,23.0,0,0.12353826641934507,True
2023,7,HAM,24.0,0,0.12321623478617723,True
2023,7,HAM,25.0,0,0.12337521051851592,True
2023,7,HAM,26.0,0,0.12347724319800361,True
2023,7,HAM,27.0,0,0.12336264469928962,True
2023,7,HAM,28.0,0,0.12283265934551402,True
2023,7,HAM,29.0,0,0.12319389978763677,True
2023,7,HAM,30.0,0,0.12438114805359628,True
2023,7,HAM,31.0,0,0.12454418570557943,True
2023,7,HAM,32.0,0,0.12585406286222536,True
2023,7,HAM,33.0,0,0.12955921757087874,True
2023,7,HAM,34.0,0,0.1287802904576017,True
2023,7,HAM,35.0,0,0.16513045831640866,True
2023,7,HAM,36.0,0,0.14077646422465281,True
2023,7,HAM,37.0,0,0.12617201095032327,True
2023,7,HAM,38.0,0,0.1253872989609577,True
2023,7,HAM,39.0,0,0.12469638512291432,True
2023,7,HAM,40.0,0,0.12589650341255018,True
2023,7,HAM,41.0,0,0.12309677306626081,True
2023,7,HAM,42.0,0,0.12508038814964503,True
2023,7,HAM,43.0,0,0.12475835798780417,True
2023,7,HAM,44.0,0,0.12396669930893049,True
2023,7,HAM,45.0,0,0.12515680494484488,True
2023,7,HAM,46.0,0,0.12523223264840888,True
2023,7,HAM,47.0,0,0.12655408636760915,True
2023,7,HAM,48.0,0,0.12908787962182475,True
2023,7,HAM,49.0,0,0.12835112597553336,True
2023,7,HAM,50.0,0,0.1266848356109628,True
2023,7,HAM,51.0,0,0.12323402166819249,True
2023,7,HAM,52.0,0,0.12389111480280542,True
2023,7,HAM,53.0,0,0.12344456984395862,True
2023,7,HAM,54.0,0,0.1252462924768778,True
2023,7,HAM,55.0,0,0.127169377087771,True
2023,7,HAM,56.0,0,0.12689952744106422,True
2023,7,HAM,57.0,0,0.12606716660731945,True
2023,7,HAM,58.0,0,0.12831904458705262,True
2023,7,HAM,59.0,0,0.12762638160639841,True
2023,7,HAM,60.0,0,0.12998616421129597,True
2023,7,HAM,61.0,0,0.12768250288615907,True
2023,7,HAM,62.0,0,0.13246663550913867,True
2023,7,HAM,63.0,0,0.15143258031630744,True
2023,7,HUL,1.0,0,0.1392695335778679,True
2023,7,HUL,2.0,0,0.12649156713510873,True
2023,7,HUL,3.0,0,0.15358867289889183,True
2023,7,HUL,4.0,0,0.25476593577335105,True
2023,7,HUL,5.0,0,0.2599852185352115,True
2023,7,HUL,6.0,0,0.162623668719513,True
2023,7,HUL,7.0,0,0.22060850741250668,True
2023,7,HUL,8.0,0,0.15529447158988907,True
2023,7,HUL,9.0,0,0.13949984687192488,True
2023,7,HUL,10.0,0,0.13740137202425357,True
2023,7,HUL,11.0,0,0.12957874536213593,True
2023,7,HUL,12.0,0,0.12556220379984717,True
2023,7,HUL,13.0,0,0.12516342342482756,True
2023,7,HUL,14.0,0,0.12349058869532455,True
2023,7,HUL,15.0,0,0.1234494722779145,True
2023,7,HUL,16.0,0,0.12342820022274477,True
2023,7,HUL,17.0,0,0.12343369081834428,True
2023,7,HUL,18.0,0,0.12344952223328258,True
2023,7,HUL,19.0,0,0.1232941138669084,True
2023,7,HUL,20.0,0,0.12309005334629781,True
2023,7,HUL,21.0,0,0.12331020183757035,True
2023,7,HUL,22.0,0,0.12357754457741574,True
2023,7,HUL,23.0,0,0.12342440166255893,True
2023,7,HUL,24.0,0,0.12332489106002845,True
2023,7,HUL,25.0,0,0.12359906925373161,True
2023,7,HUL,26.0,0,0.12341207652020528,True
2023,7,HUL,27.0,0,0.12308288278128685,True
2023,7,HUL,28.0,0,0.12280186335721459,True
2023,7,HUL,29.0,0,0.1231072335557188,True
2023,7,HUL,30.0,0,0.12453998866221697,True
2023,7,HUL,31.0,0,0.12397644664384044,True
2023,7,HUL,32.0,0,0.12560972037926063,True
2023,7,HUL,33.0,0,0.1290347475625226,True
2023,7,HUL,34.0,0,0.12746992761841908,True
2023,7,HUL,35.0,0,0.1665248554890712,True
2023,7,HUL,36.0,0,0.14264914813119778,True
2023,7,HUL,37.0,0,0.1257426379838599,True
2023,7,HUL,38.0,0,0.12489142270981783,True
2023,7,HUL,39.0,0,0.12412079274648932,True
2023,7,HUL,40.0,0,0.1251511754993311,True
2023,7,HUL,41.0,0,0.122994280523811,True
2023,7,HUL,42.0,0,0.12497414389026348,True
2023,7,HUL,43.0,0,0.12435980173395178,True
2023,7,HUL,44.0,0,0.1234422991680699,True
2023,7,HUL,45.0,0,0.12478211441519052,True
2023,7,HUL,46.0,0,0.12483688322454882,True
2023,7,HUL,47.0,0,0.12681287772375416,True
2023,7,HUL,48.0,0,0.12823596999641768,True
2023,7,HUL,49.0,0,0.12855930746038943,True
2023,7,HUL,50.0,0,0.12710206599455764,True
2023,7,HUL,51.0,0,0.12313689816065898,True
2023,7,HUL,52.0,0,0.12349664394493894,True
2023,7,HUL,53.0,0,0.1231572729270917,True
2023,7,HUL,54.0,0,0.12452305117768518,True
2023,7,HUL,55.0,0,0.1258135044337504,True
2023,7,HUL,56.0,0,0.12577957621196165,True
2023,7,HUL,57.0,0,0.12482019491793125,True
2023,7,HUL,58.0,0,0.1258557727551391,True
2023,7,HUL,59.0,0,0.12563401495400378,True
2023,7,HUL,60.0,0,0.12820510755870126,True
2023,7,HUL,61.0,0,0.12709327702074286,True
2023,7,HUL,62.0,0,0.13357846348520652,True
2023,7,LEC,1.0,0,0.16715990782750278,True
2023,7,LEC,2.0,0,0.13080510524668235,True
2023,7,LEC,3.0,0,0.196060465069619,True
2023,7,LEC,4.0,0,0.32949431932467643,True
2023,7,LEC,5.0,0,0.3405797318920668,True
2023,7,LEC,6.0,0,0.20081756346714,True
2023,7,LEC,7.0,0,0.2893390230055111,True
2023,7,LEC,8.0,0,0.2005504996287674,True
2023,7,LEC,9.0,0,0.15964969260162537,True
2023,7,LEC,10.0,0,0.14310652486861755,True
2023,7,LEC,11.0,0,0.13030909812365626,True
2023,7,LEC,12.0,0,0.12585553289752252,True
2023,7,LEC,13.0,0,0.12517583144707678,True
2023,7,LEC,14.0,0,0.12338151253308816,True
2023,7,LEC,15.0,0,0.12340226425790837,True
2023,7,LEC,16.0,0,0.12335695064688652,True
2023,7,LEC,17.0,0,0.12338565756127626,True
2023,7,LEC,18.0,0,0.12364816398714536,True
2023,7,LEC,19.0,0,0.12347378215097744,True
2023,7,LEC,20.0,0,0.12356168369506441,True
2023,7,LEC,21.0,0,0.12357169130673262,True
2023,7,LEC,22.0,0,0.12408718491439301,True
2023,7,LEC,23.0,0,0.12369110020890098,True
2023,7,LEC,24.0,0,0.1233351722475446,True
2023,7,LEC,25.0,0,0.12366164323077496,True
2023,7,LEC,26.0,0,0.12341335466672843,True
2023,7,LEC,27.0,0,0.12339293955656365,True
2023,7,LEC,28.0,0,0.12288458067856416,True
2023,7,LEC,29.0,0,0.12322629908961505,True
2023,7,LEC,30.0,0,0.12370868186621833,True
2023,7,LEC,31.0,0,0.12400777620698325,True
2023,7,LEC,32.0,0,0.12507430789852458,True
2023,7,LEC,33.0,0,0.1282966793857592,True
2023,7,LEC,34.0,0,0.12793441474821604,True
2023,7,LEC,35.0,0,0.1612233276244207,True
2023,7,LEC,36.0,0,0.139054665549544,True
2023,7,LEC,37.0,0,0.12515824990388136,True
2023,7,LEC,38.0,0,0.12457051816630363,True
2023,7,LEC,39.0,0,0.1243214380175506,True
2023,7,LEC,40.0,0,0.12497285686009511,True
2023,7,LEC,41.0,0,0.12319773976494046,True
2023,7,LEC,42.0,0,0.12398453828355001,True
2023,7,LEC,43.0,0,0.12450339657185669,True
2023,7,LEC,44.0,0,0.12365070289384868,True
2023,7,LEC,45.0,0,0.12505686403223354,True
2023,7,LEC,46.0,0,0.12562790495625645,True
2023,7,LEC,47.0,0,0.12770102515310514,True
2023,7,LEC,48.0,0,0.12949855641280772,True
2023,7,LEC,49.0,0,0.12849053139139577,True
2023,7,LEC,50.0,0,0.12707632614864411,True
2023,7,LEC,51.0,0,0.12338435549466471,True
2023,7,LEC,52.0,0,0.12379107429559977,True
2023,7,LEC,53.0,0,0.12324446618189877,True
2023,7,LEC,54.0,0,0.12481970857009025,True
2023,7,LEC,55.0,0,0.12582057815705547,True
2023,7,LEC,56.0,0,0.12555986052372242,True
2023,7,LEC,57.0,0,0.12475864182093163,True
2023,7,LEC,58.0,0,0.12554678347847328,True
2023,7,LEC,59.0,0,0.1250831292089232,True
2023,7,LEC,60.0,0,0.12677699338723064,True
2023,7,LEC,61.0,0,0.12682470983194408,True
2023,7,LEC,62.0,0,0.13083734460230198,True
2023,7,LEC,63.0,0,0.14535259788858182,True
2023,7,MAG,1.0,0,0.14152966857028662,True
2023,7,MAG,2.0,0,0.1269199733083286,True
2023,7,MAG,3.0,0,0.1544850348830023,True
2023,7,MAG,4.0,0,0.2593673793783023,True
2023,7,MAG,5.0,0,0.25775037594865097,True
2023,7,MAG,6.0,0,0.1605961477272627,True
2023,7,MAG,7.0,0,0.2226955310303269,True
2023,7,MAG,8.0,0,0.1562938342317123,True
2023,7,MAG,9.0,0,0.13713080060602842,True
2023,7,MAG,10.0,0,0.13363319056560352,True
2023,7,MAG,11.0,0,0.12884095397887801,True
2023,7,MAG,12.0,0,0.12558842075079893,True
2023,7,MAG,13.0,0,0.12516065438490223,True
2023,7,MAG,14.0,0,0.12349174011088437,True
2023,7,MAG,15.0,0,0.12343909642310598,True
2023,7,MAG,16.0,0,0.12342244747703938,True
2023,7,MAG,17.0,0,0.12341986839085387,True
2023,7,MAG,18.0,0,0.12346622087325121,True
2023,7,MAG,19.0,0,0.12322050911627884,True
2023,7,MAG,20.0,0,0.12312134346117873,True
2023,7,MAG,21.0,0,0.12332083860364296,True
2023,7,MAG,22.0,0,0.12342600818743188,True
2023,7,MAG,23.0,0,0.12340829004329665,True
2023,7,MAG,24.0,0,0.12323677816979386,True
2023,7,MAG,25.0,0,0.12312867285029117,True
2023,7,MAG,26.0,0,0.12340877772861052,True
2023,7,MAG,27.0,0,0.12333216983430506,True
2023,7,MAG,28.0,0,0.12279391782738594,True
2023,7,MAG,29.0,0,0.12313070691350421,True
2023,7,MAG,30.0,0,0.12463821640908894,True
2023,7,MAG,31.0,0,0.12420170190427979,True
2023,7,MAG,32.0,0,0.12571540971445821,True
2023,7,MAG,33.0,0,0.12922292652771944,True
2023,7,MAG,34.0,0,0.1277727186467445,True
2023,7,MAG,35.0,0,0.16651424784722096,True
2023,7,MAG,36.0,0,0.14178029127715436,True
2023,7,MAG,37.0,0,0.12497396116809463,True
2023,7,MAG,38.0,0,0.12444535937165727,True
2023,7,MAG,39.0,0,0.12410753147675832,True
2023,7,MAG,40.0,0,0.12475218444889649,True
2023,7,MAG,41.0,0,0.12300654257153236,True
2023,7,MAG,42.0,0,0.12455627607388975,True
2023,7,MAG,43.0,0,0.12377195199373636,True
2023,7,MAG,44.0,0,0.12363203001361858,True
2023,7,MAG,45.0,0,0.12480051428108926,True
2023,7,MAG,46.0,0,0.12483771273834354,True
2023,7,MAG,47.0,0,0.12681287772375416,True
2023,7,MAG,48.0,0,0.1283028722101339,True
2023,7,MAG,49.0,0,0.12811683877656888,True
2023,7,MAG,50.0,0,0.12710206599455764,True
2023,7,MAG,51.0,0,0.1231046095491954,True
2023,7,MAG,52.0,0,0.12351728969210182,True
2023,7,MAG,53.0,0,0.12324058030099516,True
2023,7,MAG,54.0,0,0.12451922345666185,True
2023,7,MAG,55.0,0,0.12602519458703484,True
2023,7,MAG,56.0,0,0.12578042995736885,True
2023,7,MAG,57.0,0,0.1248191152523233,True
2023,7,MAG,58.0,0,0.1258570355553849,True
2023,7,MAG,59.0,0,0.1260479196565341,True
2023,7,MAG,60.0,0,0.12884607133629417,True
2023,7,MAG,61.0,0,0.12762777031260059,True
2023,7,MAG,62.0,0,0.13363670975379435,True
2023,7,NOR,1.0,0,0.1422891841640556,True
2023,7,NOR,2.0,0,0.13574096898452487,True
2023,7,NOR,3.0,0,0.26625720459949626,True
2023,7,NOR,4.0,0,0.3303625059147611,True
2023,7,NOR,5.0,0,0.34244666774905463,True
2023,7,NOR,6.0,0,0.20382083107979296,True
2023,7,NOR,7.0,0,0.2911010013129244,True
2023,7,NOR,8.0,0,0.20188147681308655,True
2023,7,NOR,9.0,0,0.15946280810187577,True
2023,7,NOR,10.0,0,0.15002683247232815,True
2023,7,NOR,11.0,0,0.13440913533620766,True
2023,7,NOR,12.0,0,0.12726384460713533,True
2023,7,NOR,13.0,0,0.12683435681844965,True
2023,7,NOR,14.0,0,0.12349680296794815,True
2023,7,NOR,15.0,0,0.12343885119610085,True
2023,7,NOR,16.0,0,0.12335907748426274,True
2023,7,NOR,17.0,0,0.12326657215390688,True
2023,7,NOR,18.0,0,0.12345898902715198,True
2023,7,NOR,19.0,0,0.12313562621207244,True
2023,7,NOR,20.0,0,0.12301753751018148,True
2023,7,NOR,21.0,0,0.12318436417451709,True
2023,7,NOR,22.0,0,0.12333682177429584,True
2023,7,NOR,23.0,0,0.12319509003067608,True
2023,7,NOR,24.0,0,0.12327028731523013,True
2023,7,NOR,25.0,0,0.12364386168629234,True
2023,7,NOR,26.0,0,0.12347623296715098,True
2023,7,NOR,27.0,0,0.1234024394368107,True
2023,7,NOR,28.0,0,0.12282757821538551,True
2023,7,NOR,29.0,0,0.1232234681913739,True
2023,7,NOR,30.0,0,0.12449134529822845,True
2023,7,NOR,31.0,0,0.12458537804831263,True
2023,7,NOR,32.0,0,0.126225646326317,True
2023,7,NOR,33.0,0,0.12976536670033728,True
2023,7,NOR,34.0,0,0.1289556446486734,True
2023,7,NOR,35.0,0,0.16638008645512073,True
2023,7,NOR,36.0,0,0.14236783782595824,True
2023,7,NOR,37.0,0,0.12578421606300477,True
2023,7,NOR,38.0,0,0.12489966890771613,True
2023,7,NOR,39.0,0,0.12447823456662659,True
2023,7,NOR,40.0,0,0.12504719491534727,True
2023,7,NOR,41.0,0,0.12309094497274561,True
2023,7,NOR,42.0,0,0.12456498871612953,True
2023,7,NOR,43.0,0,0.12488550799734544,True
2023,7,NOR,44.0,0,0.12399438407044272,True
2023,7,NOR,45.0,0,0.1252281647885897,True
2023,7,NOR,46.0,0,0.12501298311957856,True
2023,7,NOR,47.0,0,0.12666496407544414,True
2023,7,NOR,48.0,0,0.12837628475354862,True
2023,7,NOR,49.0,0,0.1292645434227021,True
2023,7,NOR,50.0,0,0.12668627978274205,True
2023,7,NOR,51.0,0,0.12317276531983139,True
2023,7,NOR,52.0,0,0.12357261123540386,True
2023,7,NOR,53.0,0,0.12320773283439554,True
2023,7,NOR,54.0,0,0.12472211039309004,True
2023,7,NOR,55.0,0,0.12609502436326717,True
2023,7,NOR,56.0,0,0.1259008813199855,True
2023,7,NOR,57.0,0,0.12542684664920226,True
2023,7,NOR,58.0,0,0.12718706979721334,True
2023,7,NOR,59.0,0,0.1272549407000274,True
2023,7,NOR,60.0,0,0.13140658901782987,True
2023,7,NOR,61.0,0,0.12933000744170195,True
2023,7,NOR,62.0,0,0.136076738782785,True
2023,7,OCO,1.0,0,0.1393656863461546,True
2023,7,OCO,2.0,0,0.12690629630156808,True
2023,7,OCO,3.0,0,0.15353116503393674,True
2023,7,OCO,4.0,0,0.25011063702640685,True
2023,7,OCO,5.0,0,0.2644448028358848,True
2023,7,OCO,6.0,0,0.15925502398492203,True
2023,7,OCO,7.0,0,0.21959932021089262,True
2023,7,OCO,8.0,0,0.15374184797165016,True
2023,7,OCO,9.0,0,0.13555396584624252,True
2023,7,OCO,10.0,0,0.13262204866402558,True
2023,7,OCO,11.0,0,0.1274428801185171,True
2023,7,OCO,12.0,0,0.12416517940925147,True
2023,7,OCO,13.0,0,0.12401197560774593,True
2023,7,OCO,14.0,0,0.12341945845202766,True
2023,7,OCO,15.0,0,0.12351345899273765,True
2023,7,OCO,16.0,0,0.12340044587362894,True
2023,7,OCO,17.0,0,0.12349601422512516,True
2023,7,OCO,18.0,0,0.12355786573674413,True
2023,7,OCO,19.0,0,0.12328607618416576,True
2023,7,OCO,20.0,0,0.12313953362413617,True
2023,7,OCO,21.0,0,0.12337194158249679,True
2023,7,OCO,22.0,0,0.12359901125028347,True
2023,7,OCO,23.0,0,0.12341225988071906,True
2023,7,OCO,24.0,0,0.12325114576007508,True
2023,7,OCO,25.0,0,0.12349767177104369,True
2023,7,OCO,26.0,0,0.12343234270700829,True
2023,7,OCO,27.0,0,0.12332968276832586,True
2023,7,OCO,28.0,0,0.1228067553678932,True
2023,7,OCO,29.0,0,0.1232447931872499,True
2023,7,OCO,30.0,0,0.1238315426950765,True
2023,7,OCO,31.0,0,0.12450701660101271,True
2023,7,OCO,32.0,0,0.12603807676322984,True
2023,7,OCO,33.0,0,0.13023572851093407,True
2023,7,OCO,34.0,0,0.12925974415065347,True
2023,7,OCO,35.0,0,0.16935078177596674,True
2023,7,OCO,36.0,0,0.13465805193413175,True
2023,7,OCO,37.0,0,0.1255998974242663,True
2023,7,OCO,38.0,0,0.12481038726189615,True
2023,7,OCO,39.0,0,0.12433271648055629,True
2023,7,OCO,40.0,0,0.12527429117207595,True
2023,7,OCO,41.0,0,0.12298838266372913,True
2023,7,OCO,42.0,0,0.12474793802470079,True
2023,7,OCO,43.0,0,0.12437972529907784,True
2023,7,OCO,44.0,0,0.12355279950515057,True
2023,7,OCO,45.0,0,0.12502630288177802,True
2023,7,OCO,46.0,0,0.1254753030242502,True
2023,7,OCO,47.0,0,0.12800874271040294,True
2023,7,OCO,48.0,0,0.13002528126691326,True
2023,7,OCO,49.0,0,0.12829378300878452,True
2023,7,OCO,50.0,0,0.12704594253352927,True
2023,7,OCO,51.0,0,0.12333230604737944,True
2023,7,OCO,52.0,0,0.12371170506014953,True
2023,7,OCO,53.0,0,0.12329212650611932,True
2023,7,OCO,54.0,0,0.12484680963281276,True
2023,7,OCO,55.0,0,0.12623988850425594,True
2023,7,OCO,56.0,0,0.12545622586729435,True
2023,7,OCO,57.0,0,0.1246575334750342,True
2023,7,OCO,58.0,0,0.12532814779029705,True
2023,7,OCO,59.0,0,0.1251116266097199,True
2023,7,OCO,60.0,0,0.12809571603094633,True
2023,7,OCO,61.0,0,0.12741570573280087,True
2023,7,OCO,62.0,0,0.13127448962815574,True
2023,7,OCO,63.0,0,0.14813160460683084,True
2023,7,PER,1.0,0,0.1430528669364875,True
2023,7,PER,2.0,0,0.12698047263085102,True
2023,7,PER,3.0,0,0.16361589354994555,True
2023,7,PER,4.0,0,0.26220237743356045,True
2023,7,PER,5.0,0,0.2649811694297829,True
2023,7,PER,6.0,0,0.15836765625455035,True
2023,7,PER,7.0,0,0.22895215042082362,True
2023,7,PER,8.0,0,0.16126365787450092,True
2023,7,PER,9.0,0,0.13900743032773114,True
2023,7,PER,10.0,0,0.13378572172822203,True
2023,7,PER,11.0,0,0.1276215792814254,True
2023,7,PER,12.0,0,0.12490375395644518,True
2023,7,PER,13.0,0,0.12440027842077679,True
2023,7,PER,14.0,0,0.12332610627461289,True
2023,7,PER,15.0,0,0.12334848676104579,True
2023,7,PER,16.0,0,0.12336225307097726,True
2023,7,PER,17.0,0,0.1234021105752389,True
2023,7,PER,18.0,0,0.12344094957363191,True
2023,7,PER,19.0,0,0.1232512004504864,True
2023,7,PER,20.0,0,0.12314937889704931,True
2023,7,PER,21.0,0,0.12339543638556923,True
2023,7,PER,22.0,0,0.12371446831500665,True
2023,7,PER,23.0,0,0.12344940072950368,True
2023,7,PER,24.0,0,0.1232399172080783,True
2023,7,PER,25.0,0,0.12364697663262474,True
2023,7,PER,26.0,0,0.12353993590060748,True
2023,7,PER,27.0,0,0.1233329958990061,True
2023,7,PER,28.0,0,0.12276536749021785,True
2023,7,PER,29.0,0,0.12308584861046809,True
2023,7,PER,30.0,0,0.12433304266618342,True
2023,7,PER,31.0,0,0.1239685166302966,True
2023,7,PER,32.0,0,0.12554383851468656,True
2023,7,PER,33.0,0,0.12891322449730458,True
2023,7,PER,34.0,0,0.12739094361813072,True
2023,7,PER,35.0,0,0.1647243203225138,True
2023,7,PER,36.0,0,0.1398396668350011,True
2023,7,PER,37.0,0,0.12564722038654635,True
2023,7,PER,38.0,0,0.12484729991019597,True
2023,7,PER,39.0,0,0.12435939874884705,True
2023,7,PER,40.0,0,0.12551569946389668,True
2023,7,PER,41.0,0,0.12305335306591163,True
2023,7,PER,42.0,0,0.1250108087527959,True
2023,7,PER,43.0,0,0.12460307371942958,True
2023,7,PER,44.0,0,0.12366862184265345,True
2023,7,PER,45.0,0,0.12509660899879177,True
2023,7,PER,46.0,0,0.12561581209446462,True
2023,7,PER,47.0,0,0.1271129473786046,True
2023,7,PER,48.0,0,0.1296251113054318,True
2023,7,PER,49.0,0,0.1289395762991043,True
2023,7,PER,50.0,0,0.1267884435757544,True
2023,7,PER,51.0,0,0.12342984913737975,True
2023,7,PER,52.0,0,0.12383976554641443,True
2023,7,PER,53.0,0,0.1234143990777384,True
2023,7,PER,54.0,0,0.12524495642229452,True
2023,7,PER,55.0,0,0.1275274619365318,True
2023,7,PER,56.0,0,0.12685126236500283,True
2023,7,PER,57.0,0,0.12608076687691688,True
2023,7,PER,58.0,0,0.12882040716568985,True
2023,7,PER,59.0,0,0.12799978293364156,True
2023,7,PER,60.0,0,0.13018192555925234,True
2023,7,PER,61.0,0,0.1282325869777246,True
2023,7,PER,62.0,0,0.13379633274699693,True
2023,7,PER,63.0,0,0.14850226369324102,True
2023,7,PIA,1.0,0,0.1399544076160229,True
2023,7,PIA,2.0,0,0.12684063409320223,True
2023,7,PIA,3.0,0,0.15610423930519474,True
2023,7,PIA,4.0,0,0.25617882561655086,True
2023,7,PIA,5.0,0,0.26051462393869407,True
2023,7,PIA,6.0,0,0.1605961477272627,True
2023,7,PIA,7.0,0,0.2240338274003145,True
2023,7,PIA,8.0,0,0.15541948103646547,True
2023,7,PIA,9.0,0,0.13669274225142228,True
2023,7,PIA,10.0,0,0.1327882124420754,True
2023,7,PIA,11.0,0,0.12756594591359535,True
2023,7,PIA,12.0,0,0.12410742359583131,True
2023,7,PIA,13.0,0,0.12421623847532312,True
2023,7,PIA,14.0,0,0.12329485329886794,True
2023,7,PIA,15.0,0,0.12335157506956536,True
2023,7,PIA,16.0,0,0.12335712546043465,True
2023,7,PIA,17.0,0,0.12338526189326875,True
2023,7,PIA,18.0,0,0.12307178390981303,True
2023,7,PIA,19.0,0,0.1231682792651568,True
2023,7,PIA,20.0,0,0.12302207722807161,True
2023,7,PIA,21.0,0,0.12314692960959288,True
2023,7,PIA,22.0,0,0.12336958671890894,True
2023,7,PIA,23.0,0,0.12338906339952938,True
2023,7,PIA,24.0,0,0.12319577334559098,True
2023,7,PIA,25.0,0,0.1234611673446134,True
2023,7,PIA,26.0,0,0.12340934631472449,True
2023,7,PIA,27.0,0,0.12342139659758493,True
2023,7,PIA,28.0,0,0.12281835525071813,True
2023,7,PIA,29.0,0,0.12322643135444467,True
2023,7,PIA,30.0,0,0.12453839312250514,True
2023,7,PIA,31.0,0,0.12409473025956805,True
2023,7,PIA,32.0,0,0.12550126529710473,True
2023,7,PIA,33.0,0,0.12916931618348387,True
2023,7,PIA,34.0,0,0.12764377033438842,True
2023,7,PIA,35.0,0,0.16535206763650925,True
2023,7,PIA,36.0,0,0.14119587973390477,True
2023,7,PIA,37.0,0,0.12542363744895918,True
2023,7,PIA,38.0,0,0.12459147570007016,True
2023,7,PIA,39.0,0,0.12409333315891868,True
2023,7,PIA,40.0,0,0.12416900411535989,True
2023,7,PIA,41.0,0,0.12312203236587634,True
2023,7,PIA,42.0,0,0.12520271530715005,True
2023,7,PIA,43.0,0,0.12478935665009719,True
2023,7,PIA,44.0,0,0.12390568933394012,True
2023,7,PIA,45.0,0,0.12519246331965203,True
2023,7,PIA,46.0,0,0.12524899858253152,True
2023,7,PIA,47.0,0,0.12737257500882096,True
2023,7,PIA,48.0,0,0.12830492541254712,True
2023,7,PIA,49.0,0,0.12847883207436137,True
2023,7,PIA,50.0,0,0.1278009870304964,True
2023,7,PIA,51.0,0,0.12327889354064743,True
2023,7,PIA,52.0,0,0.12392534990182055,True
2023,7,PIA,53.0,0,0.12348794959544152,True
2023,7,PIA,54.0,0,0.1254095334235415,True
2023,7,PIA,55.0,0,0.1277492144424621,True
2023,7,PIA,56.0,0,0.12739066873128996,True
2023,7,PIA,57.0,0,0.12600508047015244,True
2023,7,PIA,58.0,0,0.1274080088684475,True
2023,7,PIA,59.0,0,0.12692201968298403,True
2023,7,PIA,60.0,0,0.12792270593106422,True
2023,7,PIA,61.0,0,0.12810660222009934,True
2023,7,PIA,62.0,0,0.13490433577085365,True
2023,7,RUS,1.0,0,0.13905630370199917,True
2023,7,RUS,2.0,0,0.12678978301653454,True
2023,7,RUS,3.0,0,0.15429545697815214,True
2023,7,RUS,4.0,0,0.2534178719738239,True
2023,7,RUS,5.0,0,0.26604965441829864,True
2023,7,RUS,6.0,0,0.15931277658544987,True
2023,7,RUS,7.0,0,0.21941072018709823,True
2023,7,RUS,8.0,0,0.15469537577403836,True
2023,7,RUS,9.0,0,0.13646946014085914,True
2023,7,RUS,10.0,0,0.13318481234768575,True
2023,7,RUS,11.0,0,0.1274945524318915,True
2023,7,RUS,12.0,0,0.1241621689176565,True
2023,7,RUS,13.0,0,0.12418002417450938,True
2023,7,RUS,14.0,0,0.12322672053780108,True
2023,7,RUS,15.0,0,0.1233322947426229,True
2023,7,RUS,16.0,0,0.12336110983840802,True
2023,7,RUS,17.0,0,0.1235195417678483,True
2023,7,RUS,18.0,0,0.1235950286258954,True
2023,7,RUS,19.0,0,0.12335882839653381,True
2023,7,RUS,20.0,0,0.12335772790794804,True
2023,7,RUS,21.0,0,0.12354637666998665,True
2023,7,RUS,22.0,0,0.12403227159796153,True
2023,7,RUS,23.0,0,0.12356591719307275,True
2023,7,RUS,24.0,0,0.12323553235423942,True
2023,7,RUS,25.0,0,0.12353427681773055,True
2023,7,RUS,26.0,0,0.12345011059361502,True
2023,7,RUS,27.0,0,0.12336466292317343,True
2023,7,RUS,28.0,0,0.12283815627369166,True
2023,7,RUS,29.0,0,0.12315793341541341,True
2023,7,RUS,30.0,0,0.1246225368432182,True
2023,7,RUS,31.0,0,0.12448000486532898,True
2023,7,RUS,32.0,0,0.12594377755523536,True
2023,7,RUS,33.0,0,0.12971147359126375,True
2023,7,RUS,34.0,0,0.12901089336177587,True
2023,7,RUS,35.0,0,0.16573449737257026,True
2023,7,RUS,36.0,0,0.1413158915330364,True
2023,7,RUS,37.0,0,0.1261398151858538,True
2023,7,RUS,38.0,0,0.1253872989609577,True
2023,7,RUS,39.0,0,0.12469638512291432,True
2023,7,RUS,40.0,0,0.12576824787687518,True
2023,7,RUS,41.0,0,0.1231148873185024,True
2023,7,RUS,42.0,0,0.12502731558059554,True
2023,7,RUS,43.0,0,0.12475835798780417,True
2023,7,RUS,44.0,0,0.12391096121300404,True
2023,7,RUS,45.0,0,0.12492360953973661,True
2023,7,RUS,46.0,0,0.12455016060307851,True
2023,7,RUS,47.0,0,0.12650560586380152,True
2023,7,RUS,48.0,0,0.12915356958697025,True
2023,7,RUS,49.0,0,0.12911799492002118,True
2023,7,RUS,50.0,0,0.12828812253278113,True
2023,7,RUS,51.0,0,0.1233924714626758,True
2023,7,RUS,52.0,0,0.12389881367688363,True
2023,7,RUS,53.0,0,0.12344193554274488,True
2023,7,RUS,54.0,0,0.12549506928055587,True
2023,7,RUS,55.0,0,0.12727187542216417,True
2023,7,RUS,56.0,0,0.12722175509245723,True
2023,7,RUS,57.0,0,0.12653859768257988,True
2023,7,RUS,58.0,0,0.1287461341145079,True
2023,7,RUS,59.0,0,0.12741820561007955,True
2023,7,RUS,60.0,0,0.12930100767447303,True
2023,7,RUS,61.0,0,0.12792544809713574,True
2023,7,RUS,62.0,0,0.1324857721171711,True
2023,7,RUS,63.0,0,0.14871443315406188,True
2023,7,SAI,1.0,0,0.13816936431552754,True
2023,7,SAI,2.0,0,0.12646650931260306,True
2023,7,SAI,3.0,0,0.15346312166601508,True
2023,7,SAI,4.0,0,0.25253797435461,True
2023,7,SAI,5.0,0,0.26604965441829864,True
2023,7,SAI,6.0,0,0.16146172557907246,True
2023,7,SAI,7.0,0,0.21703176255200765,True
2023,7,SAI,8.0,0,0.15378478580344018,True
2023,7,SAI,9.0,0,0.13548921651351836,True
2023,7,SAI,10.0,0,0.13258496918798454,True
2023,7,SAI,11.0,0,0.12755976667439461,True
2023,7,SAI,12.0,0,0.12421828122828973,True
2023,7,SAI,13.0,0,0.12420855637760768,True
2023,7,SAI,14.0,0,0.12327918977511942,True
2023,7,SAI,15.0,0,0.12332369027317605,True
2023,7,SAI,16.0,0,0.12327017631684264,True
2023,7,SAI,17.0,0,0.12349656065035657,True
2023,7,SAI,18.0,0,0.12357385404263459,True
2023,7,SAI,19.0,0,0.12331612944991274,True
2023,7,SAI,20.0,0,0.12316481173278696,True
2023,7,SAI,21.0,0,0.12339853231653716,True
2023,7,SAI,22.0,0,0.12364687898064972,True
2023,7,SAI,23.0,0,0.12349948099836397,True
2023,7,SAI,24.0,0,0.12330258522293999,True
2023,7,SAI,25.0,0,0.12356547451321101,True
2023,7,SAI,26.0,0,0.12340820132292851,True
2023,7,SAI,27.0,0,0.12333696517692268,True
2023,7,SAI,28.0,0,0.12282602723202989,True
2023,7,SAI,29.0,0,0.1232617676086137,True
2023,7,SAI,30.0,0,0.12392054866956748,True
2023,7,SAI,31.0,0,0.1243906014410929,True
2023,7,SAI,32.0,0,0.12584132006447796,True
2023,7,SAI,33.0,0,0.12969140394078255,True
2023,7,SAI,34.0,0,0.12894302258218093,True
2023,7,SAI,35.0,0,0.16978989288510596,True
2023,7,SAI,36.0,0,0.14478032288079185,True
2023,7,SAI,37.0,0,0.1264017672758779,True
2023,7,SAI,38.0,0,0.1250076366666891,True
2023,7,SAI,39.0,0,0.12449218919126462,True
2023,7,SAI,40.0,0,0.12506642262243886,True
2023,7,SAI,41.0,0,0.12312110747607526,True
2023,7,SAI,42.0,0,0.1237864793260592,True
2023,7,SAI,43.0,0,0.1245189415635494,True
2023,7,SAI,44.0,0,0.12362045114299522,True
2023,7,SAI,45.0,0,0.1250580006380015,True
2023,7,SAI,46.0,0,0.12553076975797542,True
2023,7,SAI,47.0,0,0.12837556734259772,True
2023,7,SAI,48.0,0,0.1296639414502656,True
2023,7,SAI,49.0,0,0.1287227324882247,True
2023,7,SAI,50.0,0,0.12768243898682805,True
2023,7,SAI,51.0,0,0.12337797919134522,True
2023,7,SAI,52.0,0,0.12375355616205345,True
2023,7,SAI,53.0,0,0.12333009321125694,True
2023,7,SAI,54.0,0,0.12486979523275817,True
2023,7,SAI,55.0,0,0.1257993941326839,True
2023,7,SAI,56.0,0,0.12552409151703312,True
2023,7,SAI,57.0,0,0.12473512938809632,True
2023,7,SAI,58.0,0,0.12553833250142402,True
2023,7,SAI,59.0,0,0.1250601948840328,True
2023,7,SAI,60.0,0,0.12674703200793958,True
2023,7,SAI,61.0,0,0.1262165404091696,True
2023,7,SAI,62.0,0,0.13032933444418954,True
2023,7,SAI,63.0,0,0.14514319600370512,True
2023,7,SAR,1.0,0,0.14572041971140468,True
2023,7,SAR,2.0,0,0.1278334463643167,True
2023,7,SAR,3.0,0,0.16411774379365046,True
2023,7,SAR,4.0,0,0.269505704321484,True
2023,7,SAR,5.0,0,0.2670588639655051,True
2023,7,SAR,6.0,0,0.15816081662396547,True
2023,7,SAR,7.0,0,0.23312998434406595,True
2023,7,SAR,8.0,0,0.16337461941222814,True
2023,7,SAR,9.0,0,0.13992516033882332,True
2023,7,SAR,10.0,0,0.13424592883987244,True
2023,7,SAR,11.0,0,0.12797680988584847,True
2023,7,SAR,12.0,0,0.12480827117599809,True
2023,7,SAR,13.0,0,0.12421257296905268,True
2023,7,SAR,14.0,0,0.12331686215010493,True
2023,7,SAR,15.0,0,0.12333444416715016,True
2023,7,SAR,16.0,0,0.12338343634989804,True
2023,7,SAR,17.0,0,0.12330430368466147,True
2023,7,SAR,18.0,0,0.12307178390981303,True
2023,7,SAR,19.0,0,0.12318797462592472,True
2023,7,SAR,20.0,0,0.12299261138273923,True
2023,7,SAR,21.0,0,0.12320352707611175,True
2023,7,SAR,22.0,0,0.12338585116284265,True
2023,7,SAR,23.0,0,0.12338384970608018,True
2023,7,SAR,24.0,0,0.12321702831283185,True
2023,7,SAR,25.0,0,0.12348269283269737,True
2023,7,SAR,26.0,0,0.12344609837919089,True
2023,7,SAR,27.0,0,0.12340873271552719,True
2023,7,SAR,28.0,0,0.12281418034961962,True
2023,7,SAR,29.0,0,0.12322925208035733,True
2023,7,SAR,30.0,0,0.12452676364771784,True
2023,7,SAR,31.0,0,0.1239847704121575,True
2023,7,SAR,32.0,0,0.12534500682976774,True
2023,7,SAR,33.0,0,0.12924428278466202,True
2023,7,SAR,34.0,0,0.1277735452560162,True
2023,7,SAR,35.0,0,0.16713771748626047,True
2023,7,SAR,36.0,0,0.1423871788021107,True
2023,7,SAR,37.0,0,0.12427945028022676,True
2023,7,SAR,38.0,0,0.12475810857362028,True
2023,7,SAR,39.0,0,0.12434205915720105,True
2023,7,SAR,40.0,0,0.12540394484959205,True
2023,7,SAR,41.0,0,0.12306285939386989,True
2023,7,SAR,42.0,0,0.12487036473929418,True
2023,7,SAR,43.0,0,0.12451534266288436,True
2023,7,SAR,44.0,0,0.12364270515298496,True
2023,7,SAR,45.0,0,0.12507652760906288,True
2023,7,SAR,46.0,0,0.12561028299554938,True
2023,7,SAR,47.0,0,0.12801183279930467,True
2023,7,SAR,48.0,0,0.12958033614236647,True
2023,7,SAR,49.0,0,0.1285798178015193,True
2023,7,SAR,50.0,0,0.1267441012566366,True
2023,7,SAR,51.0,0,0.12348446869841896,True
2023,7,SAR,52.0,0,0.12367093237475864,True
2023,7,SAR,53.0,0,0.12328002298976273,True
2023,7,SAR,54.0,0,0.12470776148635507,True
2023,7,SAR,55.0,0,0.12611297113348302,True
2023,7,SAR,56.0,0,0.12600824851798728,True
2023,7,SAR,57.0,0,0.12467729502684155,True
2023,7,SAR,58.0,0,0.12530627281302215,True
2023,7,SAR,59.0,0,0.12566438710962302,True
2023,7,SAR,60.0,0,0.12858751502664728,True
2023,7,SAR,61.0,0,0.12838341206444118,True
2023,7,SAR,62.0,0,0.13384686563666648,True
2023,7,STR,1.0,0,0.13970988625427863,True
2023,7,STR,2.0,0,0.1264299219816294,True
2023,7,STR,3.0,0,0.15489474779395024,True
2023,7,STR,4.0,0,0.2518937037734646,True
2023,7,STR,5.0,0,0.2646764497434247,True
2023,7,STR,6.0,0,0.16095175607559398,True
2023,7,STR,7.0,0,0.2204067092127731,True
2023,7,STR,8.0,0,0.15415230831023302,True
2023,7,STR,9.0,0,0.13553447684923223,True
2023,7,STR,10.0,0,0.13260249811542865,True
2023,7,STR,11.0,0,0.12753864962970266,True
2023,7,STR,12.0,0,0.12417722124452286,True
2023,7,STR,13.0,0,0.12421550749307923,True
2023,7,STR,14.0,0,0.12319927845707364,True
2023,7,STR,15.0,0,0.12331354922416846,True
2023,7,STR,16.0,0,0.12345349700689753,True
2023,7,STR,17.0,0,0.12371623659740187,True
2023,7,STR,18.0,0,0.12380123832769438,True
2023,7,STR,19.0,0,0.123468790412499,True
2023,7,STR,20.0,0,0.12345790972109241,True
2023,7,STR,21.0,0,0.1235268089147071,True
2023,7,STR,22.0,0,0.1239095985768796,True
2023,7,STR,23.0,0,0.12368555881127923,True
2023,7,STR,24.0,0,0.12317408954304794,True
2023,7,STR,25.0,0,0.123508593573454,True
2023,7,STR,26.0,0,0.12343087428678176,True
2023,7,STR,27.0,0,0.12336222248634598,True
2023,7,STR,28.0,0,0.12286945637979636,True
2023,7,STR,29.0,0,0.12315349656384769,True
2023,7,STR,30.0,0,0.12358932472752511,True
2023,7,STR,31.0,0,0.12390927808203551,True
2023,7,STR,32.0,0,0.1249368627738285,True
2023,7,STR,33.0,0,0.1288055358353154,True
2023,7,STR,34.0,0,0.1277164884293145,True
2023,7,STR,35.0,0,0.14969342523585402,True
2023,7,STR,36.0,0,0.14101556322995887,True
2023,7,STR,37.0,0,0.1255912987631443,True
2023,7,STR,38.0,0,0.12487963578723696,True
2023,7,STR,39.0,0,0.12431929142523482,True
2023,7,STR,40.0,0,0.12547183900244582,True
2023,7,STR,41.0,0,0.12300860612144542,True
2023,7,STR,42.0,0,0.12485091540485074,True
2023,7,STR,43.0,0,0.12439445581994905,True
2023,7,STR,44.0,0,0.1236411516145044,True
2023,7,STR,45.0,0,0.12497222800593102,True
2023,7,STR,46.0,0,0.12538818936830692,True
2023,7,STR,47.0,0,0.12796830134040865,True
2023,7,STR,48.0,0,0.12920896915856733,True
2023,7,STR,49.0,0,0.12819442384313656,True
2023,7,STR,50.0,0,0.12706029179672115,True
2023,7,STR,51.0,0,0.12333996717569003,True
2023,7,STR,52.0,0,0.12370553370274487,True
2023,7,STR,53.0,0,0.12321424065845114,True
2023,7,STR,54.0,0,0.12485249688618016,True
2023,7,STR,55.0,0,0.125814915766271,True
2023,7,STR,56.0,0,0.12547013371463867,True
2023,7,STR,57.0,0,0.12471717974825962,True
2023,7,STR,58.0,0,0.1253674889697965,True
2023,7,STR,59.0,0,0.12513785867214683,True
2023,7,STR,60.0,0,0.12690361686009488,True
2023,7,STR,61.0,0,0.127154621541119,True
2023,7,STR,62.0,0,0.13111322211893114,True
2023,7,STR,63.0,0,0.14665222852817114,True
2023,7,TSU,1.0,0,0.13998517254157988,True
2023,7,TSU,2.0,0,0.12721644347158684,True
2023,7,TSU,3.0,0,0.15407189430818186,True
2023,7,TSU,4.0,0,0.2517791042004556,True
2023,7,TSU,5.0,0,0.26011753688685785,True
2023,7,TSU,6.0,0,0.1616156286154348,True
2023,7,TSU,7.0,0,0.2199393538513521,True
2023,7,TSU,8.0,0,0.15468508486048585,True
2023,7,TSU,9.0,0,0.13696362124365757,True
2023,7,TSU,10.0,0,0.13356283964199445,True
2023,7,TSU,11.0,0,0.13011721073689672,True
2023,7,TSU,12.0,0,0.1271396664532678,True
2023,7,TSU,13.0,0,0.12697447579100402,True
2023,7,TSU,14.0,0,0.12347751214405464,True
2023,7,TSU,15.0,0,0.12344627714936565,True
2023,7,TSU,16.0,0,0.12339053935133407,True
2023,7,TSU,17.0,0,0.12327251931449082,True
2023,7,TSU,18.0,0,0.12349217765336555,True
2023,7,TSU,19.0,0,0.12312947887488708,True
2023,7,TSU,20.0,0,0.12299245177228837,True
2023,7,TSU,21.0,0,0.12312170615121329,True
2023,7,TSU,22.0,0,0.12332121082206655,True
2023,7,TSU,23.0,0,0.12338886049816045,True
2023,7,TSU,24.0,0,0.12311720823403907,True
2023,7,TSU,25.0,0,0.12346238563383985,True
2023,7,TSU,26.0,0,0.12347096946010765,True
2023,7,TSU,27.0,0,0.12337859067554355,True
2023,7,TSU,28.0,0,0.12278770458228042,True
2023,7,TSU,29.0,0,0.12317996036331905,True
2023,7,TSU,30.0,0,0.12387100724105829,True
2023,7,TSU,31.0,0,0.12395420046702277,True
2023,7,TSU,32.0,0,0.1252371266618493,True
2023,7,TSU,33.0,0,0.12862685119125503,True
2023,7,TSU,34.0,0,0.12706431110786398,True
2023,7,TSU,35.0,0,0.1664843737222584,True
2023,7,TSU,36.0,0,0.14263100423391809,True
2023,7,TSU,37.0,0,0.12636599559873177,True
2023,7,TSU,38.0,0,0.12511813050680004,True
2023,7,TSU,39.0,0,0.12430066196897818,True
2023,7,TSU,40.0,0,0.1251884021202383,True
2023,7,TSU,41.0,0,0.12305909858249087,True
2023,7,TSU,42.0,0,0.1250745008179684,True
2023,7,TSU,43.0,0,0.12476449263368161,True
2023,7,TSU,44.0,0,0.12427645955041496,True
2023,7,TSU,45.0,0,0.12525393982131078,True
2023,7,TSU,46.0,0,0.12521029322103258,True
2023,7,TSU,47.0,0,0.1271988327117896,True
2023,7,TSU,48.0,0,0.1289821340316502,True
2023,7,TSU,49.0,0,0.12774116906724342,True
2023,7,TSU,50.0,0,0.12741822788078516,True
2023,7,TSU,51.0,0,0.12326110681677531,True
2023,7,TSU,52.0,0,0.1238343196636185,True
2023,7,TSU,53.0,0,0.12332471869189962,True
2023,7,TSU,54.0,0,0.12520753944307428,True
2023,7,TSU,55.0,0,0.1274304117869952,True
2023,7,TSU,56.0,0,0.12715303309997555,True
2023,7,TSU,57.0,0,0.12582687314946886,True
2023,7,TSU,58.0,0,0.1269390861627254,True
2023,7,TSU,59.0,0,0.12660109181163506,True
2023,7,TSU,60.0,0,0.1276539003364209,True
2023,7,TSU,61.0,0,0.127723197162718,True
2023,7,TSU,62.0,0,0.13393359842924552,True
2023,7,TSU,63.0,0,0.14920278092758535,True
2023,7,VER,1.0,0,0.13871973531451207,True
2023,7,VER,2.0,0,0.12697190729134086,True
2023,7,VER,3.0,0,0.1628150628156932,True
2023,7,VER,4.0,0,0.2673561165041463,True
2023,7,VER,5.0,0,0.2687355752039938,True
2023,7,VER,6.0,0,0.15838750737332485,True
2023,7,VER,7.0,0,0.2298016434571973,True
2023,7,VER,8.0,0,0.16141361938812693,True
2023,7,VER,9.0,0,0.13903884776101819,True
2023,7,VER,10.0,0,0.1329680581822364,True
2023,7,VER,11.0,0,0.12743454695395523,True
2023,7,VER,12.0,0,0.12491662842763049,True
2023,7,VER,13.0,0,0.12435246645760185,True
2023,7,VER,14.0,0,0.12325977457645361,True
2023,7,VER,15.0,0,0.12331874648788674,True
2023,7,VER,16.0,0,0.1233655387496833,True
2023,7,VER,17.0,0,0.12341757868093688,True
2023,7,VER,18.0,0,0.1234941966648206,True
2023,7,VER,19.0,0,0.12324023952358758,True
2023,7,VER,20.0,0,0.1231713055424564,True
2023,7,VER,21.0,0,0.12339543638556923,True
2023,7,VER,22.0,0,0.12371316425381203,True
2023,7,VER,23.0,0,0.1234640379576121,True
2023,7,VER,24.0,0,0.12320878842886736,True
2023,7,VER,25.0,0,0.12360737269861773,True
2023,7,VER,26.0,0,0.12346474672413335,True
2023,7,VER,27.0,0,0.12326338419190926,True
2023,7,VER,28.0,0,0.12278739030616528,True
2023,7,VER,29.0,0,0.12307576199734913,True
2023,7,VER,30.0,0,0.12432686619163817,True
2023,7,VER,31.0,0,0.1240273942964936,True
2023,7,VER,32.0,0,0.1254517776277498,True
2023,7,VER,33.0,0,0.12883283667044737,True
2023,7,VER,34.0,0,0.12739094361813072,True
2023,7,VER,35.0,0,0.16469630875287705,True
2023,7,VER,36.0,0,0.1399510266208202,True
2023,7,VER,37.0,0,0.1256827750694918,True
2023,7,VER,38.0,0,0.12475628610825562,True
2023,7,VER,39.0,0,0.12436277258277426,True
2023,7,VER,40.0,0,0.12563445426259665,True
2023,7,VER,41.0,0,0.12301544219886176,True
2023,7,VER,42.0,0,0.12505578375282497,True
2023,7,VER,43.0,0,0.12455654009442614,True
2023,7,VER,44.0,0,0.1236386295227367,True
2023,7,VER,45.0,0,0.12506768803457707,True
2023,7,VER,46.0,0,0.12566085434345697,True
2023,7,VER,47.0,0,0.12720820583368614,True
2023,7,VER,48.0,0,0.12925167959468886,True
2023,7,VER,49.0,0,0.1284339609597625,True
2023,7,VER,50.0,0,0.12713716645720086,True
2023,7,VER,51.0,0,0.12337820431203006,True
2023,7,VER,52.0,0,0.1236980781971907,True
2023,7,VER,53.0,0,0.12342988133746553,True
2023,7,VER,54.0,0,0.12524495642229452,True
2023,7,VER,55.0,0,0.1272294164549373,True
2023,7,VER,56.0,0,0.12687517813924293,True
2023,7,VER,57.0,0,0.12608076687691688,True
2023,7,VER,58.0,0,0.12802241476747755,True
2023,7,VER,59.0,0,0.126867673813775,True
2023,7,VER,60.0,0,0.12962021751632652,True
2023,7,VER,61.0,0,0.12730471161749451,True
2023,7,VER,62.0,0,0.13280242680572324,True
2023,7,VER,63.0,0,0.1485425107931519,True
2023,7,ZHO,1.0,0,0.1389597657604856,True
2023,7,ZHO,2.0,0,0.12648015839100196,True
2023,7,ZHO,3.0,0,0.15392562007323973,True
2023,7,ZHO,4.0,0,0.2546345815964313,True
2023,7,ZHO,5.0,0,0.2638850809532851,True
2023,7,ZHO,6.0,0,0.16027932709434334,True
2023,7,ZHO,7.0,0,0.22060197634763715,True
2023,7,ZHO,8.0,0,0.1554095371268715,True
2023,7,ZHO,9.0,0,0.1373817569085726,True
2023,7,ZHO,10.0,0,0.1408831352172049,True
2023,7,ZHO,11.0,0,0.1347429962918884,True
2023,7,ZHO,12.0,0,0.12709689958225515,True
2023,7,ZHO,13.0,0,0.1270311077411916,True
2023,7,ZHO,14.0,0,0.12348204186056,True
2023,7,ZHO,15.0,0,0.12340607113047082,True
2023,7,ZHO,16.0,0,0.12333247295552922,True
2023,7,ZHO,17.0,0,0.12326391503120379,True
2023,7,ZHO,18.0,0,0.12341238885256775,True
2023,7,ZHO,19.0,0,0.1231595427335506,True
2023,7,ZHO,20.0,0,0.1230013258425493,True
2023,7,ZHO,21.0,0,0.12307401822485782,True
2023,7,ZHO,22.0,0,0.12329642919953814,True
2023,7,ZHO,23.0,0,0.12343342254429013,True
2023,7,ZHO,24.0,0,0.1231423740882918,True
2023,7,ZHO,25.0,0,0.12351977441869652,True
2023,7,ZHO,26.0,0,0.12344442007079079,True
2023,7,ZHO,27.0,0,0.12340536495905478,True
2023,7,ZHO,28.0,0,0.1228021665805766,True
2023,7,ZHO,29.0,0,0.1232115155581783,True
2023,7,ZHO,30.0,0,0.12387824818838715,True
2023,7,ZHO,31.0,0,0.12397532931452915,True
2023,7,ZHO,32.0,0,0.12529852123134982,True
2023,7,ZHO,33.0,0,0.1291430746060588,True
2023,7,ZHO,34.0,0,0.12759869337309523,True
2023,7,ZHO,35.0,0,0.1676383802495255,True
2023,7,ZHO,36.0,0,0.1413443920328008,True
2023,7,ZHO,37.0,0,0.12426503991096494,True
2023,7,ZHO,38.0,0,0.12491815164598288,True
2023,7,ZHO,39.0,0,0.12419628488706332,True
2023,7,ZHO,40.0,0,0.12548963226551085,True
2023,7,ZHO,41.0,0,0.12306285939386989,True
2023,7,ZHO,42.0,0,0.12494693710706799,True
2023,7,ZHO,43.0,0,0.12444977419451778,True
2023,7,ZHO,44.0,0,0.1236159450566853,True
2023,7,ZHO,45.0,0,0.12492521916539752,True
2023,7,ZHO,46.0,0,0.12534261126179197,True
2023,7,ZHO,47.0,0,0.1280116880236609,True
2023,7,ZHO,48.0,0,0.13010603987765007,True
2023,7,ZHO,49.0,0,0.12834207936976708,True
2023,7,ZHO,50.0,0,0.1273204774899787,True
2023,7,ZHO,51.0,0,0.12337633265939903,True
2023,7,ZHO,52.0,0,0.1237899924940589,True
2023,7,ZHO,53.0,0,0.123332985850733,True
2023,7,ZHO,54.0,0,0.12491026681709512,True
2023,7,ZHO,55.0,0,0.12620777978316486,True
2023,7,ZHO,56.0,0,0.1256526925293179,True
2023,7,ZHO,57.0,0,0.12470520442230885,True
2023,7,ZHO,58.0,0,0.1253685087445444,True
2023,7,ZHO,59.0,0,0.12514423181626994,True
2023,7,ZHO,60.0,0,0.12756854391350508,True
2023,7,ZHO,61.0,0,0.12683831102338072,True
2023,7,ZHO,62.0,0,0.13257024844204376,True
2023,7,ZHO,63.0,0,0.1482262386426254,True
2023,10,ALB,1.0,0,0.14197650887039068,True
2023,10,ALB,2.0,0,0.1359311549668687,True
2023,10,ALB,3.0,0,0.1450844861601332,True
2023,10,ALB,4.0,0,0.14777918491414865,True
2023,10,ALB,5.0,0,0.15220814024555973,True
2023,10,ALB,6.0,0,0.14774889059666985,True
2023,10,ALB,7.0,0,0.154502413941687,True
2023,10,ALB,8.0,0,0.18963339963104506,True
2023,10,ALB,9.0,0,0.22291041365288772,True
2023,10,ALB,10.0,0,0.1600193232089515,True
2023,10,ALB,11.0,0,0.14445584737758482,True
2023,10,ALB,12.0,0,0.15422208848197258,True
2023,10,ALB,13.0,0,0.15264622960355612,True
2023,10,ALB,14.0,0,0.1457095232102802,True
2023,10,ALB,15.0,0,0.1481536129695879,True
2023,10,ALB,16.0,0,0.14689088259704183,True
2023,10,ALB,17.0,0,0.14378993280520463,True
2023,10,ALB,18.0,0,0.12872644341912348,True
2023,10,ALB,19.0,0,0.13019042147281093,True
2023,10,ALB,20.0,0,0.12822646730951698,True
2023,10,ALB,21.0,0,0.12410040218453577,True
2023,10,ALB,22.0,0,0.12470037124747202,True
2023,10,ALB,23.0,0,0.12474981326852666,True
2023,10,ALB,24.0,0,0.1239998728249931,True
2023,10,ALB,25.0,0,0.13855956607354933,True
2023,10,ALB,26.0,0,0.1247573958324151,True
2023,10,ALB,27.0,0,0.12853089508428112,True
2023,10,ALB,28.0,0,0.13082397466841827,True
2023,10,ALB,29.0,1,0.1421376448089899,True
2023,10,ALB,30.0,1,0.1295792579200331,True
2023,10,ALB,31.0,1,0.12469098637433507,True
2023,10,ALB,32.0,1,0.4025118416502146,True
2023,10,ALB,33.0,1,0.30235888482259715,True
2023,10,ALB,34.0,1,0.43329576879979614,True
2023,10,ALB,35.0,1,0.4700461048856388,True
2023,10,ALB,36.0,1,0.21082097765187724,True
2023,10,ALB,37.0,1,0.20962027892469592,True
2023,10,ALB,38.0,0,0.24959764022346237,True
2023,10,ALB,39.0,0,0.17977043667779516,True
2023,10,ALB,40.0,0,0.14139915888488597,True
2023,10,ALB,41.0,0,0.13433645219614732,True
2023,10,ALB,42.0,0,0.13639859427597503,True
2023,10,ALB,43.0,0,0.13273558348942852,True
2023,10,ALB,44.0,0,0.15535712734099633,True
2023,10,ALB,45.0,0,0.1555669986804915,True
2023,10,ALB,46.0,0,0.1697161853586428,True
2023,10,ALB,47.0,0,0.1496864360951773,True
2023,10,ALB,48.0,0,0.14059141353800989,True
2023,10,ALB,49.0,0,0.18514936031606172,True
2023,10,ALO,1.0,0,0.1430260367361803,True
2023,10,ALO,2.0,0,0.13585264158574575,True
2023,10,ALO,3.0,0,0.1443440474975393,True
2023,10,ALO,4.0,0,0.1466474914780489,True
2023,10,ALO,5.0,0,0.1525973777622476,True
2023,10,ALO,6.0,0,0.14847643411644743,True
2023,10,ALO,7.0,0,0.15387073614153243,True
2023,10,ALO,8.0,0,0.1891128593979579,True
2023,10,ALO,9.0,0,0.22028224110722835,True
2023,10,ALO,10.0,0,0.15886290771845296,True
2023,10,ALO,11.0,0,0.14367580337361122,True
2023,10,ALO,12.0,0,0.15210721738828284,True
2023,10,ALO,13.0,0,0.15282433711609214,True
2023,10,ALO,14.0,0,0.14504515699964785,True
2023,10,ALO,15.0,0,0.14671063817647584,True
2023,10,ALO,16.0,0,0.14426108007361696,True
2023,10,ALO,17.0,0,0.14284224402350837,True
2023,10,ALO,18.0,0,0.12851811170100186,True
2023,10,ALO,19.0,0,0.12989643944341522,True
2023,10,ALO,20.0,0,0.12820069383143037,True
2023,10,ALO,21.0,0,0.1240685643209174,True
2023,10,ALO,22.0,0,0.12471474072232136,True
2023,10,ALO,23.0,0,0.12465243067299499,True
2023,10,ALO,24.0,0,0.12381747563468952,True
2023,10,ALO,25.0,0,0.13854012819359734,True
2023,10,ALO,26.0,0,0.12471074152709564,True
2023,10,ALO,27.0,0,0.12809621952816128,True
2023,10,ALO,28.0,0,0.12993582586060753,True
2023,10,ALO,29.0,1,0.14197812747189528,True
2023,10,ALO,30.0,1,0.12988812400516464,True
2023,10,ALO,31.0,1,0.1246837275852074,True
2023,10,ALO,32.0,1,0.353551150818109,True
2023,10,ALO,33.0,1,0.3586323584501926,True
2023,10,ALO,34.0,1,0.43563581805780033,True
2023,10,ALO,35.0,1,0.4692704692537573,True
2023,10,ALO,36.0,1,0.21130020820834305,True
2023,10,ALO,37.0,1,0.20865500381368327,True
2023,10,ALO,38.0,0,0.2510348647758855,True
2023,10,ALO,39.0,0,0.17602426225446097,True
2023,10,ALO,40.0,0,0.13886479542349198,True
2023,10,ALO,41.0,0,0.13473868862324834,True
2023,10,ALO,42.0,0,0.13669280122982502,True
2023,10,ALO,43.0,0,0.13282431216734264,True
2023,10,ALO,44.0,0,0.15531674963062753,True
2023,10,ALO,45.0,0,0.15595366683445816,True
2023,10,ALO,46.0,0,0.1741933970780073,True
2023,10,ALO,47.0,0,0.1510537600183027,True
2023,10,ALO,48.0,0,0.1401361765799817,True
2023,10,ALO,49.0,0,0.18602761119104905,True
2023,10,BOT,1.0,0,0.1440796771025472,True
2023,10,BOT,2.0,0,0.1393052359465101,True
2023,10,BOT,3.0,0,0.15007371359227856,True
2023,10,BOT,4.0,0,0.1474701734298819,True
2023,10,BOT,5.0,0,0.1530419403766609,True
2023,10,BOT,6.0,0,0.15029017650549886,True
2023,10,BOT,7.0,0,0.15896407151086536,True
2023,10,BOT,8.0,0,0.17527579410122046,True
2023,10,BOT,9.0,0,0.20848075786501016,True
2023,10,BOT,10.0,0,0.16471363103971934,True
2023,10,BOT,11.0,0,0.1429926066212181,True
2023,10,BOT,12.0,0,0.15123008037131883,True
2023,10,BOT,13.0,0,0.14540846976924168,True
2023,10,BOT,14.0,0,0.13525410505086555,True
2023,10,BOT,15.0,0,0.13905432646166296,True
2023,10,BOT,16.0,0,0.13553230199009453,True
2023,10,BOT,17.0,0,0.1326007936467379,True
2023,10,BOT,18.0,0,0.12540650145587312,True
2023,10,BOT,19.0,0,0.1266754480934059,True
2023,10,BOT,20.0,0,0.12516378312762183,True
2023,10,BOT,21.0,0,0.12353799755058206,True
2023,10,BOT,22.0,0,0.12375904195734704,True
2023,10,BOT,23.0,0,0.12387986828636666,True
2023,10,BOT,24.0,0,0.12333951745270574,True
2023,10,BOT,25.0,0,0.1306381114078436,True
2023,10,BOT,26.0,0,0.12353211090228858,True
2023,10,BOT,27.0,0,0.1261723308661883,True
2023,10,BOT,28.0,0,0.1287771784402878,True
2023,10,BOT,29.0,1,0.1361783182146045,True
2023,10,BOT,30.0,1,0.12887135412374778,True
2023,10,BOT,31.0,1,0.12388714561227983,True
2023,10,BOT,32.0,1,0.25713646853714456,True
2023,10,BOT,33.0,1,0.30486271340902427,True
2023,10,BOT,34.0,1,0.43964880717019206,True
2023,10,BOT,35.0,1,0.476696408963316,True
2023,10,BOT,36.0,1,0.21397921131804684,True
2023,10,BOT,37.0,1,0.20877464457622227,True
2023,10,BOT,38.0,0,0.2380702072390532,True
2023,10,BOT,39.0,0,0.18131885941924034,True
2023,10,BOT,40.0,0,0.1423090056514434,True
2023,10,BOT,41.0,0,0.13560650560848092,True
2023,10,BOT,42.0,0,0.13731060906852366,True
2023,10,BOT,43.0,0,0.13319597449365098,True
2023,10,BOT,44.0,0,0.16162173837175847,True
2023,10,BOT,45.0,0,0.16063648059989766,True
2023,10,BOT,46.0,0,0.1758907759230007,True
2023,10,BOT,47.0,0,0.15530028186695133,True
2023,10,BOT,48.0,0,0.1439525374432129,True
2023,10,BOT,49.0,0,0.19121452069819062,True
2023,10,DEV,1.0,0,0.1454719168168763,True
2023,10,DEV,2.0,0,0.1386159180686477,True
2023,10,DEV,3.0,0,0.15915617464942372,True
2023,10,DEV,4.0,0,0.15920609635108612,True
2023,10,DEV,5.0,0,0.1668097144591363,True
2023,10,DEV,6.0,0,0.1608436553722253,True
2023,10,DEV,7.0,0,0.1688241444661789,True
2023,10,DEV,8.0,0,0.20373157560677074,True
2023,10,DEV,9.0,0,0.24702904024057845,True
2023,10,DEV,10.0,0,0.1709032294813006,True
2023,10,DEV,11.0,0,0.14972241514920973,True
2023,10,DEV,12.0,0,0.15951119226199942,True
2023,10,DEV,13.0,0,0.15492092252208928,True
2023,10,DEV,14.0,0,0.1524189716413041,True
2023,10,DEV,15.0,0,0.14298991238247832,True
2023,10,DEV,16.0,0,0.14288667448722264,True
2023,10,DEV,17.0,0,0.13877514547153214,True
2023,10,DEV,18.0,0,0.12816992975125724,True
2023,10,DEV,19.0,0,0.12802056250072985,True
2023,10,DEV,20.0,0,0.12742278194599824,True
2023,10,DEV,21.0,0,0.12389097806909062,True
2023,10,DEV,22.0,0,0.12428657403453917,True
2023,10,DEV,23.0,0,0.12430496897670913,True
2023,10,DEV,24.0,0,0.12382688138979359,True
2023,10,DEV,25.0,0,0.13699648101272904,True
2023,10,DEV,26.0,0,0.12495922183769548,True
2023,10,DEV,27.0,0,0.12744017441674838,True
2023,10,DEV,28.0,0,0.13086888291205334,True
2023,10,DEV,29.0,1,0.14240845573349736,True
2023,10,DEV,30.0,1,0.12928731176845779,True
2023,10,DEV,31.0,1,0.12448224470124414,True
2023,10,DEV,32.0,1,0.2916035512128232,True
2023,10,DEV,33.0,1,0.30692048520734616,True
2023,10,DEV,34.0,1,0.4369979041070463,True
2023,10,DEV,35.0,1,0.4726119203885005,True
2023,10,DEV,36.0,1,0.215379617819419,True
2023,10,DEV,37.0,1,0.2085297381177032,True
2023,10,DEV,38.0,0,0.2798641334706323,True
2023,10,DEV,39.0,0,0.18300574981328227,True
2023,10,DEV,40.0,0,0.14247945331638104,True
2023,10,DEV,41.0,0,0.13587917830419358,True
2023,10,DEV,42.0,0,0.13770474595020843,True
2023,10,DEV,43.0,0,0.13397672976091185,True
2023,10,DEV,44.0,0,0.16427722071389664,True
2023,10,DEV,45.0,0,0.16022295330770603,True
2023,10,DEV,46.0,0,0.17751911449745972,True
2023,10,DEV,47.0,0,0.15569352936139605,True
2023,10,DEV,48.0,0,0.14564988851036806,True
2023,10,DEV,49.0,0,0.20149800001155965,True
2023,10,GAS,1.0,0,0.14214680651907674,True
2023,10,GAS,2.0,0,0.13538160157514612,True
2023,10,GAS,3.0,0,0.14513419795619725,True
2023,10,GAS,4.0,0,0.14678302425487888,True
2023,10,GAS,5.0,0,0.15206756768470392,True
2023,10,GAS,6.0,0,0.1471431617479212,True
2023,10,GAS,7.0,0,0.15600652519568176,True
2023,10,GAS,8.0,0,0.18868890014321157,True
2023,10,GAS,9.0,0,0.2212621881581133,True
2023,10,GAS,10.0,0,0.15946266183107713,True
2023,10,GAS,11.0,0,0.1440179563555352,True
2023,10,GAS,12.0,0,0.15408097414941874,True
2023,10,GAS,13.0,0,0.15236023522348852,True
2023,10,GAS,14.0,0,0.14520441385124006,True
2023,10,GAS,15.0,0,0.14766164577145138,True
2023,10,GAS,16.0,0,0.14477016777809676,True
2023,10,GAS,17.0,0,0.14376554592286594,True
2023,10,GAS,18.0,0,0.12874217119566717,True
2023,10,GAS,19.0,0,0.12994379056632951,True
2023,10,GAS,20.0,0,0.12822586535631364,True
2023,10,GAS,21.0,0,0.12405529844115777,True
2023,10,GAS,22.0,0,0.12470485325370488,True
2023,10,GAS,23.0,0,0.12466679619952,True
2023,10,GAS,24.0,0,0.12399700034617334,True
2023,10,GAS,25.0,0,0.1385477853960405,True
2023,10,GAS,26.0,0,0.12476104494425382,True
2023,10,GAS,27.0,0,0.12821718203473437,True
2023,10,GAS,28.0,0,0.13078116635776577,True
2023,10,GAS,29.0,1,0.14206142493507926,True
2023,10,GAS,30.0,1,0.12954253933642104,True
2023,10,GAS,31.0,1,0.12464998764970141,True
2023,10,GAS,32.0,1,0.2870528497004462,True
2023,10,GAS,33.0,1,0.29396452659104516,True
2023,10,GAS,34.0,1,0.43403056108349497,True
2023,10,GAS,35.0,1,0.4735966258681998,True
2023,10,GAS,36.0,1,0.2101908289515511,True
2023,10,GAS,37.0,1,0.21000909170141613,True
2023,10,GAS,38.0,0,0.2442130969110262,True
2023,10,GAS,39.0,0,0.1823473242746669,True
2023,10,GAS,40.0,0,0.14288193016002282,True
2023,10,GAS,41.0,0,0.13541535660004805,True
2023,10,GAS,42.0,0,0.1366937596125711,True
2023,10,GAS,43.0,0,0.1324405294904169,True
2023,10,HAM,1.0,0,0.14207187935954363,True
2023,10,HAM,2.0,0,0.13558341363333593,True
2023,10,HAM,3.0,0,0.145309575828588,True
2023,10,HAM,4.0,0,0.14700258915828196,True
2023,10,HAM,5.0,0,0.1531385487342009,True
2023,10,HAM,6.0,0,0.15009923605007675,True
2023,10,HAM,7.0,0,0.15565370937301629,True
2023,10,HAM,8.0,0,0.18895047074999288,True
2023,10,HAM,9.0,0,0.22243952234843878,True
2023,10,HAM,10.0,0,0.15984625850481787,True
2023,10,HAM,11.0,0,0.1445177187882881,True
2023,10,HAM,12.0,0,0.15487714327173846,True
2023,10,HAM,13.0,0,0.1533380643637985,True
2023,10,HAM,14.0,0,0.14641463297554091,True
2023,10,HAM,15.0,0,0.14805929170843657,True
2023,10,HAM,16.0,0,0.14444984820151277,True
2023,10,HAM,17.0,0,0.1437266539282799,True
2023,10,HAM,18.0,0,0.12904905262684946,True
2023,10,HAM,19.0,0,0.13009865709232624,True
2023,10,HAM,20.0,0,0.1283634127914264,True
2023,10,HAM,21.0,0,0.12410347701133248,True
2023,10,HAM,22.0,0,0.1247172845777778,True
2023,10,HAM,23.0,0,0.12470710133172354,True
2023,10,HAM,24.0,0,0.12395432249351554,True
2023,10,HAM,25.0,0,0.13831513945926716,True
2023,10,HAM,26.0,0,0.12461858618115906,True
2023,10,HAM,27.0,0,0.1282571449626963,True
2023,10,HAM,28.0,0,0.13037848370806374,True
2023,10,HAM,29.0,1,0.1420236351306309,True
2023,10,HAM,30.0,1,0.12917086769986313,True
2023,10,HAM,31.0,1,0.12452517987614393,True
2023,10,HAM,32.0,1,0.4024861914239534,True
2023,10,HAM,33.0,1,0.38768400041825946,True
2023,10,HAM,34.0,1,0.4407437919297533,True
2023,10,HAM,35.0,1,0.4692869632757068,True
2023,10,HAM,36.0,1,0.2123422190093324,True
2023,10,HAM,37.0,1,0.20906849726208515,True
2023,10,HAM,38.0,0,0.24942401389969268,True
2023,10,HAM,39.0,0,0.17299332999532613,True
2023,10,HAM,40.0,0,0.13902222991456872,True
2023,10,HAM,41.0,0,0.13299196523718448,True
2023,10,HAM,42.0,0,0.13548638539696783,True
2023,10,HAM,43.0,0,0.13155034708889163,True
2023,10,HAM,44.0,0,0.1551728207518162,True
2023,10,HAM,45.0,0,0.15556050876412444,True
2023,10,HAM,46.0,0,0.16830617213931862,True
2023,10,HAM,47.0,0,0.14985673260256024,True
2023,10,HAM,48.0,0,0.14206325683677076,True
2023,10,HAM,49.0,0,0.18150100517195344,True
2023,10,HUL,1.0,0,0.14476376342250252,True
2023,10,HUL,2.0,0,0.13972125957226142,True
2023,10,HUL,3.0,0,0.15052918464541287,True
2023,10,HUL,4.0,0,0.1480010968460385,True
2023,10,HUL,5.0,0,0.15329664930670978,True
2023,10,HUL,6.0,0,0.15053822945014522,True
2023,10,HUL,7.0,0,0.15883581523046938,True
2023,10,HUL,8.0,0,0.19998598744496227,True
2023,10,HUL,9.0,0,0.2502424208821409,True
2023,10,HUL,10.0,0,0.17174008897858234,True
2023,10,HUL,11.0,0,0.1492354459717926,True
2023,10,HUL,12.0,0,0.159798313156386,True
2023,10,HUL,13.0,0,0.15890433219713432,True
2023,10,HUL,14.0,0,0.15078191917570144,True
2023,10,HUL,15.0,0,0.14813595380271039,True
2023,10,HUL,16.0,0,0.14849932597381002,True
2023,10,HUL,17.0,0,0.1463893516460794,True
2023,10,HUL,18.0,0,0.13011296236134337,True
2023,10,HUL,19.0,0,0.13102117197469812,True
2023,10,HUL,20.0,0,0.12904056554754756,True
2023,10,HUL,21.0,0,0.12433845550978777,True
2023,10,HUL,22.0,0,0.12481576051992216,True
2023,10,HUL,23.0,0,0.12481397489033932,True
2023,10,HUL,24.0,0,0.12426693736763901,True
2023,10,HUL,25.0,0,0.13765697124934748,True
2023,10,HUL,26.0,0,0.1250702941165997,True
2023,10,HUL,27.0,0,0.12902181091452142,True
2023,10,HUL,28.0,0,0.1314234499824561,True
2023,10,HUL,29.0,1,0.14150859686977663,True
2023,10,HUL,30.0,1,0.1298005199617341,True
2023,10,HUL,31.0,1,0.12462585659725715,True
2023,10,HUL,32.0,1,0.2964540622194312,True
2023,10,HUL,33.0,1,0.30696688414626144,True
2023,10,HUL,34.0,1,0.4351368867986632,True
2023,10,HUL,35.0,1,0.4726119203885005,True
2023,10,HUL,36.0,1,0.22198851980526207,True
2023,10,HUL,37.0,1,0.20871024117355658,True
2023,10,HUL,38.0,0,0.2796169393607505,True
2023,10,HUL,39.0,0,0.1807383073014354,True
2023,10,HUL,40.0,0,0.14247945331638104,True
2023,10,HUL,41.0,0,0.13526574303731959,True
2023,10,HUL,42.0,0,0.13719910958018197,True
2023,10,HUL,43.0,0,0.1331450371164657,True
2023,10,HUL,44.0,0,0.1614139577562022,True
2023,10,HUL,45.0,0,0.16022295330770603,True
2023,10,HUL,46.0,0,0.1747296008204894,True
2023,10,HUL,47.0,0,0.15525528772420089,True
2023,10,HUL,48.0,0,0.14390103932313614,True
2023,10,HUL,49.0,0,0.19113651087478184,True
2023,10,LEC,1.0,0,0.14165967681146094,True
2023,10,LEC,2.0,0,0.13551891617393694,True
2023,10,LEC,3.0,0,0.14527534196186384,True
2023,10,LEC,4.0,0,0.14710031505802007,True
2023,10,LEC,5.0,0,0.15356712454081375,True
2023,10,LEC,6.0,0,0.1486238194912021,True
2023,10,LEC,7.0,0,0.15652470515772085,True
2023,10,LEC,8.0,0,0.18895047074999288,True
2023,10,LEC,9.0,0,0.22176421788885578,True
2023,10,LEC,10.0,0,0.15804453412562786,True
2023,10,LEC,11.0,0,0.1440302101084328,True
2023,10,LEC,12.0,0,0.15450969221867933,True
2023,10,LEC,13.0,0,0.1533380643637985,True
2023,10,LEC,14.0,0,0.14640044965061408,True
2023,10,LEC,15.0,0,0.14786325698770506,True
2023,10,LEC,16.0,0,0.14480088695941346,True
2023,10,LEC,17.0,0,0.14427823145725413,True
2023,10,LEC,18.0,0,0.12867957219877976,True
2023,10,LEC,19.0,0,0.12628467749770583,True
2023,10,LEC,20.0,0,0.12527029549044771,True
2023,10,LEC,21.0,0,0.12358776982473038,True
2023,10,LEC,22.0,0,0.12382815513641668,True
2023,10,LEC,23.0,0,0.12385784444233143,True
2023,10,LEC,24.0,0,0.12336759490669007,True
2023,10,LEC,25.0,0,0.13011051088440947,True
2023,10,LEC,26.0,0,0.12358483882181295,True
2023,10,LEC,27.0,0,0.1260364470029471,True
2023,10,LEC,28.0,0,0.12839038016019483,True
2023,10,LEC,29.0,1,0.13609180984167427,True
2023,10,LEC,30.0,1,0.12828656077100722,True
2023,10,LEC,31.0,1,0.12390568838558322,True
2023,10,LEC,32.0,1,0.3545233527983175,True
2023,10,LEC,33.0,1,0.2996705806864733,True
2023,10,LEC,34.0,1,0.4467807806849793,True
2023,10,LEC,35.0,1,0.4764171360028165,True
2023,10,LEC,36.0,1,0.24110634939696612,True
2023,10,LEC,37.0,1,0.23519836777617176,True
2023,10,LEC,38.0,0,0.26341660353685764,True
2023,10,LEC,39.0,0,0.18023561928179313,True
2023,10,LEC,40.0,0,0.1434356984452498,True
2023,10,LEC,41.0,0,0.13607188048808552,True
2023,10,LEC,42.0,0,0.13776014186025887,True
2023,10,LEC,43.0,0,0.13465804597496342,True
2023,10,LEC,44.0,0,0.16517507618415744,True
2023,10,LEC,45.0,0,0.15944285142677997,True
2023,10,LEC,46.0,0,0.17047300547945388,True
2023,10,LEC,47.0,0,0.14850042288599757,True
2023,10,LEC,48.0,0,0.13997079063035328,True
2023,10,LEC,49.0,0,0.17659207555642747,True
2023,10,MAG,1.0,0,0.14178645313256238,True
2023,10,MAG,2.0,0,0.1356893636175171,True
2023,10,MAG,3.0,0,0.14710904286162185,True
2023,10,MAG,4.0,0,0.14739480806682212,True
2023,10,MAG,5.0,0,0.15356712454081375,True
2023,10,MAG,6.0,0,0.15011517862425652,True
2023,10,MAG,7.0,0,0.15796076428008435,True
2023,10,MAG,8.0,0,0.1946636755465819,True
2023,10,MAG,9.0,0,0.22518079805614738,True
2023,10,MAG,10.0,0,0.1620025064818529,True
2023,10,MAG,11.0,0,0.14474767010706838,True
2023,10,MAG,12.0,0,0.15519883056064843,True
2023,10,MAG,13.0,0,0.1543658898723857,True
2023,10,MAG,14.0,0,0.14782398112978323,True
2023,10,MAG,15.0,0,0.14977842527254653,True
2023,10,MAG,16.0,0,0.14733107655036923,True
2023,10,MAG,17.0,0,0.1464727434972823,True
2023,10,MAG,18.0,0,0.12905206388628018,True
2023,10,MAG,19.0,0,0.13048024327662627,True
2023,10,MAG,20.0,0,0.1285861755070462,True
2023,10,MAG,21.0,0,0.12418874525257573,True
2023,10,MAG,22.0,0,0.12478563295189042,True
2023,10,MAG,23.0,0,0.12487321419134703,True
2023,10,MAG,24.0,0,0.12421098638052368,True
2023,10,MAG,25.0,0,0.13889401318075184,True
2023,10,MAG,26.0,0,0.12489296954158555,True
2023,10,MAG,27.0,0,0.12880178635925496,True
2023,10,MAG,28.0,0,0.13118522904179394,True
2023,10,MAG,29.0,1,0.14122454604544618,True
2023,10,NOR,1.0,0,0.14062199746009502,True
2023,10,NOR,2.0,0,0.13546169489188062,True
2023,10,NOR,3.0,0,0.14535018305538816,True
2023,10,NOR,4.0,0,0.14669650921804858,True
2023,10,NOR,5.0,0,0.1518189999867136,True
2023,10,NOR,6.0,0,0.14662487188153173,True
2023,10,NOR,7.0,0,0.15215065821131818,True
2023,10,NOR,8.0,0,0.1836127417974797,True
2023,10,NOR,9.0,0,0.219225689765649,True
2023,10,NOR,10.0,0,0.15769919239670857,True
2023,10,NOR,11.0,0,0.14391759060548823,True
2023,10,NOR,12.0,0,0.15322811366376718,True
2023,10,NOR,13.0,0,0.15310159979702292,True
2023,10,NOR,14.0,0,0.14537893308059832,True
2023,10,NOR,15.0,0,0.1480267654870185,True
2023,10,NOR,16.0,0,0.1442816080504315,True
2023,10,NOR,17.0,0,0.14347196346476349,True
2023,10,NOR,18.0,0,0.12840065538980155,True
2023,10,NOR,19.0,0,0.12990705853086074,True
2023,10,NOR,20.0,0,0.12824188539085388,True
2023,10,NOR,21.0,0,0.1240641439764538,True
2023,10,NOR,22.0,0,0.1246857006668554,True
2023,10,NOR,23.0,0,0.12467726298050348,True
2023,10,NOR,24.0,0,0.12386272464624418,True
2023,10,NOR,25.0,0,0.1384573943420381,True
2023,10,NOR,26.0,0,0.12450990499183597,True
2023,10,NOR,27.0,0,0.12811123063910435,True
2023,10,NOR,28.0,0,0.12999184153897517,True
2023,10,NOR,29.0,0,0.142376930826623,True
2023,10,NOR,30.0,1,0.12915674659422777,True
2023,10,NOR,31.0,1,0.12476840474246216,True
2023,10,NOR,32.0,1,0.22596920356225417,True
2023,10,NOR,33.0,1,0.3971892796691657,True
2023,10,NOR,34.0,1,0.43129689321695486,True
2023,10,NOR,35.0,1,0.4691009831980727,True
2023,10,NOR,36.0,1,0.24752617132736096,True
2023,10,NOR,37.0,1,0.23134542763315266,True
2023,10,NOR,38.0,0,0.2664488059854726,True
2023,10,NOR,39.0,0,0.18279658307183771,True
2023,10,NOR,40.0,0,0.1523528840921911,True
2023,10,NOR,41.0,0,0.14748595018974028,True
2023,10,NOR,42.0,0,0.15360069935535242,True
2023,10,NOR,43.0,0,0.14026017128709914,True
2023,10,NOR,44.0,0,0.1713879366233389,True
2023,10,NOR,45.0,0,0.15879773734591965,True
2023,10,NOR,46.0,0,0.17428585281014083,True
2023,10,NOR,47.0,0,0.15295713340226677,True
2023,10,NOR,48.0,0,0.1436792283330819,True
2023,10,NOR,49.0,0,0.1592896706504113,True
2023,10,OCO,1.0,0,0.14527664055981107,True
2023,10,OCO,2.0,0,0.1390812675778632,True
2023,10,OCO,3.0,0,0.15991132290977159,True
2023,10,OCO,4.0,0,0.15920609635108612,True
2023,10,OCO,5.0,0,0.16560631084518068,True
2023,10,OCO,6.0,0,0.1608436553722253,True
2023,10,PER,1.0,0,0.1423811638283392,True
2023,10,PER,2.0,0,0.13606943763895737,True
2023,10,PER,3.0,0,0.14755253844568053,True
2023,10,PER,4.0,0,0.14817695097024747,True
2023,10,PER,5.0,0,0.15350866290755605,True
2023,10,PER,6.0,0,0.1486238194912021,True
2023,10,PER,7.0,0,0.15567702546992573,True
2023,10,PER,8.0,0,0.1886144405665036,True
2023,10,PER,9.0,0,0.22176421788885578,True
2023,10,PER,10.0,0,0.15975762693916493,True
2023,10,PER,11.0,0,0.1445177187882881,True
2023,10,PER,12.0,0,0.15351231013684358,True
2023,10,PER,13.0,0,0.15350707900075133,True
2023,10,PER,14.0,0,0.1455420840958803,True
2023,10,PER,15.0,0,0.14786325698770506,True
2023,10,PER,16.0,0,0.14444984820151277,True
2023,10,PER,17.0,0,0.14428513927121375,True
2023,10,PER,18.0,0,0.12894593603264215,True
2023,10,PER,19.0,0,0.13005986922205598,True
2023,10,PER,20.0,0,0.1284691248113155,True
2023,10,PER,21.0,0,0.12414123225715701,True
2023,10,PER,22.0,0,0.12468303547290904,True
2023,10,PER,23.0,0,0.12473215571338414,True
2023,10,PER,24.0,0,0.12395432249351554,True
2023,10,PER,25.0,0,0.13798795767129046,True
2023,10,PER,26.0,0,0.12457437850499367,True
2023,10,PER,27.0,0,0.1282571449626963,True
2023,10,PER,28.0,0,0.13040670085075728,True
2023,10,PER,29.0,1,0.139754301524272,True
2023,10,PER,30.0,1,0.13162905916367773,True
2023,10,PER,31.0,1,0.12544246396311975,True
2023,10,PER,32.0,1,0.2967991337085937,True
2023,10,PER,33.0,1,0.3101551663713847,True
2023,10,PER,34.0,1,0.4345595326735389,True
2023,10,PER,35.0,1,0.46842374713769647,True
2023,10,PER,36.0,1,0.21205522960746945,True
2023,10,PER,37.0,1,0.21057408198877967,True
2023,10,PER,38.0,0,0.25124758234034095,True
2023,10,PER,39.0,0,0.1818840104881806,True
2023,10,PER,40.0,0,0.14177976206329518,True
2023,10,PER,41.0,0,0.13496119633550047,True
2023,10,PER,42.0,0,0.13718011222525744,True
2023,10,PER,43.0,0,0.13330472359950152,True
2023,10,PER,44.0,0,0.1565367078528058,True
2023,10,PER,45.0,0,0.15664591661832428,True
2023,10,PER,46.0,0,0.16939315656316714,True
2023,10,PER,47.0,0,0.1514535780435106,True
2023,10,PER,48.0,0,0.14206325683677076,True
2023,10,PER,49.0,0,0.1815970370787659,True
2023,10,PIA,1.0,0,0.1414078800615347,True
2023,10,PIA,2.0,0,0.13551377514003363,True
2023,10,PIA,3.0,0,0.14471849778021756,True
2023,10,PIA,4.0,0,0.14635908825021998,True
2023,10,PIA,5.0,0,0.15296184280213782,True
2023,10,PIA,6.0,0,0.14659185506962405,True
2023,10,PIA,7.0,0,0.15244365107572655,True
2023,10,PIA,8.0,0,0.18478198314002944,True
2023,10,PIA,9.0,0,0.21935901844653266,True
2023,10,PIA,10.0,0,0.15904431918037326,True
2023,10,PIA,11.0,0,0.14390932092181266,True
2023,10,PIA,12.0,0,0.1529580560720582,True
2023,10,PIA,13.0,0,0.15307310739962338,True
2023,10,PIA,14.0,0,0.14534815497143072,True
2023,10,PIA,15.0,0,0.1479921522981332,True
2023,10,PIA,16.0,0,0.1442660596035364,True
2023,10,PIA,17.0,0,0.14346276999772417,True
2023,10,PIA,18.0,0,0.12862495238428712,True
2023,10,PIA,19.0,0,0.1299237380661355,True
2023,10,PIA,20.0,0,0.12825654847033766,True
2023,10,PIA,21.0,0,0.1240694762300983,True
2023,10,PIA,22.0,0,0.1246926769955086,True
2023,10,PIA,23.0,0,0.12468435817817233,True
2023,10,PIA,24.0,0,0.12386699863784596,True
2023,10,PIA,25.0,0,0.13843332255714696,True
2023,10,PIA,26.0,0,0.12447954354157727,True
2023,10,PIA,27.0,0,0.12809516286033887,True
2023,10,PIA,28.0,0,0.13077091300405913,True
2023,10,PIA,29.0,1,0.14196116450126986,True
2023,10,PIA,30.0,1,0.12694626740162449,True
2023,10,PIA,31.0,1,0.124115231422084,True
2023,10,PIA,32.0,1,0.29230892453720053,True
2023,10,PIA,33.0,1,0.24880356757083028,True
2023,10,PIA,34.0,1,0.4144542824311747,True
2023,10,PIA,35.0,1,0.4668016251351476,True
2023,10,PIA,36.0,1,0.24399629392917074,True
2023,10,PIA,37.0,1,0.23193439394625104,True
2023,10,PIA,38.0,0,0.2666221946966148,True
2023,10,PIA,39.0,0,0.18001474206236961,True
2023,10,PIA,40.0,0,0.15128259075663286,True
2023,10,PIA,41.0,0,0.1465802948143758,True
2023,10,PIA,42.0,0,0.1529891825402611,True
2023,10,PIA,43.0,0,0.1416241027102249,True
2023,10,PIA,44.0,0,0.1728072368878078,True
2023,10,PIA,45.0,0,0.15979336018501195,True
2023,10,PIA,46.0,0,0.1703685836250536,True
2023,10,PIA,47.0,0,0.15222413781996338,True
2023,10,PIA,48.0,0,0.14351246185117278,True
2023,10,PIA,49.0,0,0.15876027466078962,True
2023,10,RUS,1.0,0,0.1458075811053139,True
2023,10,RUS,2.0,0,0.13848028340842136,True
2023,10,RUS,3.0,0,0.1554614800263207,True
2023,10,RUS,4.0,0,0.15688529272088464,True
2023,10,RUS,5.0,0,0.1673956214103837,True
2023,10,RUS,6.0,0,0.15834759170941318,True
2023,10,RUS,7.0,0,0.16543016361595325,True
2023,10,RUS,8.0,0,0.19470646363388452,True
2023,10,RUS,9.0,0,0.24235548998062204,True
2023,10,RUS,10.0,0,0.1687835158815703,True
2023,10,RUS,11.0,0,0.14809656468179813,True
2023,10,RUS,12.0,0,0.15659382960573853,True
2023,10,RUS,13.0,0,0.15530185664777524,True
2023,10,RUS,14.0,0,0.1495540281884845,True
2023,10,RUS,15.0,0,0.14153703737270726,True
2023,10,RUS,16.0,0,0.14096963682049296,True
2023,10,RUS,17.0,0,0.13873475007288552,True
2023,10,RUS,18.0,0,0.12809290284544828,True
2023,10,RUS,19.0,0,0.12754936822486646,True
2023,10,RUS,20.0,0,0.12725070698219323,True
2023,10,RUS,21.0,0,0.12391739996772635,True
2023,10,RUS,22.0,0,0.12423660481264179,True
2023,10,RUS,23.0,0,0.12421012185767295,True
2023,10,RUS,24.0,0,0.12362424975950562,True
2023,10,RUS,25.0,0,0.13668251664760897,True
2023,10,RUS,26.0,0,0.1245536436588666,True
2023,10,RUS,27.0,0,0.1274325143105498,True
2023,10,RUS,28.0,0,0.12875547671472154,True
2023,10,RUS,29.0,1,0.1396587532151689,True
2023,10,RUS,30.0,1,0.13147580514210935,True
2023,10,RUS,31.0,1,0.1254087782829797,True
2023,10,RUS,32.0,1,0.32748428558804366,True
2023,10,RUS,33.0,1,0.284513769427806,True
2023,10,RUS,34.0,1,0.4446044522544453,True
2023,10,RUS,35.0,1,0.4759398376945452,True
2023,10,RUS,36.0,1,0.24131943407358167,True
2023,10,RUS,37.0,1,0.2319409099345373,True
2023,10,RUS,38.0,0,0.27086658153944887,True
2023,10,RUS,39.0,0,0.17219029531301913,True
2023,10,RUS,40.0,0,0.14070450132992057,True
2023,10,RUS,41.0,0,0.13406532545815958,True
2023,10,RUS,42.0,0,0.13622334833413147,True
2023,10,RUS,43.0,0,0.1333974862494253,True
2023,10,RUS,44.0,0,0.15834511247072708,True
2023,10,RUS,45.0,0,0.15952684438297804,True
2023,10,RUS,46.0,0,0.16978618833305778,True
2023,10,RUS,47.0,0,0.1488898386401131,True
2023,10,RUS,48.0,0,0.14050676323382658,True
2023,10,RUS,49.0,0,0.1749708230443802,True
2023,10,SAI,1.0,0,0.14187091721707054,True
2023,10,SAI,2.0,0,0.13561048385810776,True
2023,10,SAI,3.0,0,0.14535018305538816,True
2023,10,SAI,4.0,0,0.14710031505802007,True
2023,10,SAI,5.0,0,0.1531385487342009,True
2023,10,SAI,6.0,0,0.14865945520238016,True
2023,10,SAI,7.0,0,0.15629680324530754,True
2023,10,SAI,8.0,0,0.18895047074999288,True
2023,10,SAI,9.0,0,0.22243952234843878,True
2023,10,SAI,10.0,0,0.15975762693916493,True
2023,10,SAI,11.0,0,0.1440302101084328,True
2023,10,SAI,12.0,0,0.15351231013684358,True
2023,10,SAI,13.0,0,0.1533380643637985,True
2023,10,SAI,14.0,0,0.14618705586251304,True
2023,10,SAI,15.0,0,0.1478630519986274,True
2023,10,SAI,16.0,0,0.14564960911161234,True
2023,10,SAI,17.0,0,0.14385234715768846,True
2023,10,SAI,18.0,0,0.12904905262684946,True
2023,10,SAI,19.0,0,0.13009865709232624,True
2023,10,SAI,20.0,0,0.1283634127914264,True
2023,10,SAI,21.0,0,0.12414123225715701,True
2023,10,SAI,22.0,0,0.1247172845777778,True
2023,10,SAI,23.0,0,0.12470425256322903,True
2023,10,SAI,24.0,0,0.12395432249351554,True
2023,10,SAI,25.0,0,0.13831636345692386,True
2023,10,SAI,26.0,0,0.12488056070579445,True
2023,10,SAI,27.0,0,0.12566032924436504,True
2023,10,SAI,28.0,0,0.12831746825172502,True
2023,10,SAI,29.0,1,0.1349854135497411,True
2023,10,SAI,30.0,1,0.12830313427009427,True
2023,10,SAI,31.0,1,0.1239521295145368,True
2023,10,SAI,32.0,1,0.25890927862068314,True
2023,10,SAI,33.0,1,0.2553537539553091,True
2023,10,SAI,34.0,1,0.4254518238134669,True
2023,10,SAI,35.0,1,0.47111002846953837,True
2023,10,SAI,36.0,1,0.24691716336377062,True
2023,10,SAI,37.0,1,0.23646909877492872,True
2023,10,SAI,38.0,0,0.2721268263182453,True
2023,10,SAI,39.0,0,0.19171124211736296,True
2023,10,SAI,40.0,0,0.15279215002868674,True
2023,10,SAI,41.0,0,0.15264940071308816,True
2023,10,SAI,42.0,0,0.1525380656596988,True
2023,10,SAI,43.0,0,0.146661621486479,True
2023,10,SAI,44.0,0,0.18705787479876196,True
2023,10,SAI,45.0,0,0.1647867067283703,True
2023,10,SAI,46.0,0,0.17524601629408507,True
2023,10,SAI,47.0,0,0.15537905906498642,True
2023,10,SAI,48.0,0,0.1463493691388913,True
2023,10,SAI,49.0,0,0.16372298732931584,True
2023,10,SAR,1.0,0,0.1423811638283392,True
2023,10,SAR,2.0,0,0.1356893636175171,True
2023,10,SAR,3.0,0,0.14697844089232637,True
2023,10,SAR,4.0,0,0.14817695097024747,True
2023,10,SAR,5.0,0,0.15275131975700182,True
2023,10,SAR,6.0,0,0.15007393877192196,True
2023,10,SAR,7.0,0,0.15765790213533767,True
2023,10,SAR,8.0,0,0.1946636755465819,True
2023,10,SAR,9.0,0,0.22381480988270014,True
2023,10,SAR,10.0,0,0.16025561866261243,True
2023,10,SAR,11.0,0,0.144655090423015,True
2023,10,SAR,12.0,0,0.1550131650104674,True
2023,10,SAR,13.0,0,0.15374894039779968,True
2023,10,SAR,14.0,0,0.14554216011000654,True
2023,10,SAR,15.0,0,0.14875163229460703,True
2023,10,SAR,16.0,0,0.1456788528891762,True
2023,10,SAR,17.0,0,0.14429097953655895,True
2023,10,SAR,18.0,0,0.12905046043869814,True
2023,10,SAR,19.0,0,0.13039530932952886,True
2023,10,SAR,20.0,0,0.12847504240739724,True
2023,10,SAR,21.0,0,0.12414465411749416,True
2023,10,SAR,22.0,0,0.12468823700437201,True
2023,10,SAR,23.0,0,0.12473215571338414,True
2023,10,SAR,24.0,0,0.12416803934840748,True
2023,10,SAR,25.0,0,0.13859005031708205,True
2023,10,SAR,26.0,0,0.12496975660341363,True
2023,10,SAR,27.0,0,0.12880178635925496,True
2023,10,SAR,28.0,0,0.13114863185314296,True
2023,10,SAR,29.0,1,0.14108696220938097,True
2023,10,SAR,30.0,1,0.13134361898014305,True
2023,10,SAR,31.0,1,0.12592691473936019,True
2023,10,SAR,32.0,1,0.2933000998470375,True
2023,10,SAR,33.0,1,0.294311138344466,True
2023,10,SAR,34.0,1,0.43403056108349497,True
2023,10,SAR,35.0,1,0.4757947297696913,True
2023,10,SAR,36.0,1,0.21025374796565083,True
2023,10,SAR,37.0,1,0.2093007359433594,True
2023,10,SAR,38.0,0,0.24505425443483575,True
2023,10,SAR,39.0,0,0.1823473242746669,True
2023,10,SAR,40.0,0,0.14273513708164307,True
2023,10,SAR,41.0,0,0.13541535660004805,True
2023,10,SAR,42.0,0,0.13718837181880084,True
2023,10,SAR,43.0,0,0.13288023976020294,True
2023,10,SAR,44.0,0,0.16163407425761323,True
2023,10,SAR,45.0,0,0.159633735882684,True
2023,10,SAR,46.0,0,0.1718299580921022,True
2023,10,SAR,47.0,0,0.15311202549296704,True
2023,10,SAR,48.0,0,0.1429009059296853,True
2023,10,SAR,49.0,0,0.1897322169234926,True
2023,10,STR,1.0,0,0.14356362372468673,True
2023,10,STR,2.0,0,0.13622627960842634,True
2023,10,STR,3.0,0,0.1471116162643508,True
2023,10,STR,4.0,0,0.14780776109026506,True
2023,10,STR,5.0,0,0.1518400737245838,True
2023,10,STR,6.0,0,0.1471431617479212,True
2023,10,STR,7.0,0,0.15427534398434947,True
2023,10,STR,8.0,0,0.18916517874606953,True
2023,10,STR,9.0,0,0.22116460349042316,True
2023,10,STR,10.0,0,0.15954868009246842,True
2023,10,STR,11.0,0,0.14410823142923604,True
2023,10,STR,12.0,0,0.1558944636288989,True
2023,10,STR,13.0,0,0.15367309765483889,True
2023,10,STR,14.0,0,0.14641609382335055,True
2023,10,STR,15.0,0,0.1477541811149753,True
2023,10,STR,16.0,0,0.14595394638959813,True
2023,10,STR,17.0,0,0.14429097953655895,True
2023,10,STR,18.0,0,0.12904856442015408,True
2023,10,STR,19.0,0,0.130045637826277,True
2023,10,STR,20.0,0,0.12823526264123963,True
2023,10,STR,21.0,0,0.12410183240071744,True
2023,10,STR,22.0,0,0.12475599690173436,True
2023,10,STR,23.0,0,0.12475118340359867,True
2023,10,STR,24.0,0,0.12400388945562127,True
2023,10,STR,25.0,0,0.1385540990046878,True
2023,10,STR,26.0,0,0.12496975660341363,True
2023,10,STR,27.0,0,0.12856392030686573,True
2023,10,STR,28.0,0,0.13078116635776577,True
2023,10,STR,29.0,1,0.14203806407032152,True
2023,10,STR,30.0,1,0.12940248568253127,True
2023,10,STR,31.0,1,0.12465084143350062,True
2023,10,STR,32.0,1,0.2868466691615088,True
2023,10,STR,33.0,1,0.2943932232966689,True
2023,10,STR,34.0,1,0.43975024271209595,True
2023,10,STR,35.0,1,0.47782619353428385,True
2023,10,STR,36.0,1,0.2101908289515511,True
2023,10,STR,37.0,1,0.2100606903058922,True
2023,10,STR,38.0,0,0.24546276437938586,True
2023,10,STR,39.0,0,0.1764232492106434,True
2023,10,STR,40.0,0,0.1419509776624025,True
2023,10,STR,41.0,0,0.13492002881890147,True
2023,10,STR,42.0,0,0.13601751828810965,True
2023,10,STR,43.0,0,0.13272281510380657,True
2023,10,STR,44.0,0,0.16437021882971223,True
2023,10,STR,45.0,0,0.15811549956265697,True
2023,10,STR,46.0,0,0.16932216537426242,True
2023,10,STR,47.0,0,0.15145352387207003,True
2023,10,STR,48.0,0,0.14114256301366562,True
2023,10,STR,49.0,0,0.18588756495905848,True
2023,10,TSU,1.0,0,0.1454719168168763,True
2023,10,TSU,2.0,0,0.1390812675778632,True
2023,10,TSU,3.0,0,0.15991132290977159,True
2023,10,TSU,4.0,0,0.15920609635108612,True
2023,10,TSU,5.0,0,0.16772670356960534,True
2023,10,TSU,6.0,0,0.161055880101727,True
2023,10,TSU,7.0,0,0.1683432743290492,True
2023,10,TSU,8.0,0,0.20372434183373897,True
2023,10,TSU,9.0,0,0.24810032601647608,True
2023,10,TSU,10.0,0,0.1709037630821935,True
2023,10,TSU,11.0,0,0.149808773390912,True
2023,10,TSU,12.0,0,0.15951119226199942,True
2023,10,TSU,13.0,0,0.1585564085769267,True
2023,10,TSU,14.0,0,0.15346099430117288,True
2023,10,TSU,15.0,0,0.13798203744999743,True
2023,10,TSU,16.0,0,0.13899924497188476,True
2023,10,TSU,17.0,0,0.13233071517551212,True
2023,10,TSU,18.0,0,0.12574321650853548,True
2023,10,TSU,19.0,0,0.12698614225782018,True
2023,10,TSU,20.0,0,0.125338576198127,True
2023,10,TSU,21.0,0,0.12361162216445534,True
2023,10,TSU,22.0,0,0.12382759833388524,True
2023,10,TSU,23.0,0,0.12385309006297204,True
2023,10,TSU,24.0,0,0.1233998188891621,True
2023,10,TSU,25.0,0,0.13019229937869134,True
2023,10,TSU,26.0,0,0.12357554226607906,True
2023,10,TSU,27.0,0,0.12629600441534755,True
2023,10,TSU,28.0,0,0.12876098161990773,True
2023,10,TSU,29.0,1,0.13576321682971804,True
2023,10,TSU,30.0,1,0.1277320944713812,True
2023,10,TSU,31.0,1,0.1237962376157673,True
2023,10,TSU,32.0,1,0.253057702517557,True
2023,10,TSU,33.0,1,0.30692048520734616,True
2023,10,TSU,34.0,1,0.44050224744266825,True
2023,10,TSU,35.0,1,0.4726119203885005,True
2023,10,TSU,36.0,1,0.2135424278518975,True
2023,10,TSU,37.0,1,0.20871024117355658,True
2023,10,TSU,38.0,0,0.23675280435541665,True
2023,10,TSU,39.0,0,0.1812016210879217,True
2023,10,TSU,40.0,0,0.14247945331638104,True
2023,10,TSU,41.0,0,0.13599196193094953,True
2023,10,TSU,42.0,0,0.13719910958018197,True
2023,10,TSU,43.0,0,0.13397672976091185,True
2023,10,TSU,44.0,0,0.1613637178364165,True
2023,10,TSU,45.0,0,0.16022295330770603,True
2023,10,TSU,46.0,0,0.1747296008204894,True
2023,10,TSU,47.0,0,0.15430240231341866,True
2023,10,TSU,48.0,0,0.14390103932313614,True
2023,10,TSU,49.0,0,0.1979352253132312,True
2023,10,VER,1.0,0,0.14155892969221653,True
2023,10,VER,2.0,0,0.13546169489188062,True
2023,10,VER,3.0,0,0.14507230117150155,True
2023,10,VER,4.0,0,0.14669650921804858,True
2023,10,VER,5.0,0,0.15235472191153207,True
2023,10,VER,6.0,0,0.14776799926067358,True
2023,10,VER,7.0,0,0.15527261608503135,True
2023,10,VER,8.0,0,0.18778161170814878,True
2023,10,VER,9.0,0,0.22065608698454175,True
2023,10,VER,10.0,0,0.15721422328309717,True
2023,10,VER,11.0,0,0.14248165553061284,True
2023,10,VER,12.0,0,0.15125322444638584,True
2023,10,VER,13.0,0,0.15232348703493667,True
2023,10,VER,14.0,0,0.1465045140573786,True
2023,10,VER,15.0,0,0.14812274110645995,True
2023,10,VER,16.0,0,0.14444984820151277,True
2023,10,VER,17.0,0,0.1437403204078052,True
2023,10,VER,18.0,0,0.1285926931505496,True
2023,10,VER,19.0,0,0.12975783724039008,True
2023,10,VER,20.0,0,0.12824364273571615,True
2023,10,VER,21.0,0,0.12410347701133248,True
2023,10,VER,22.0,0,0.12471020640353267,True
2023,10,VER,23.0,0,0.12469828517074384,True
2023,10,VER,24.0,0,0.12395432249351554,True
2023,10,VER,25.0,0,0.13954893863493845,True
2023,10,VER,26.0,0,0.12465184372817158,True
2023,10,VER,27.0,0,0.1284510749196911,True
2023,10,VER,28.0,0,0.13040670085075728,True
2023,10,VER,29.0,0,0.1420236351306309,True
2023,10,VER,30.0,1,0.12917086769986313,True
2023,10,VER,31.0,1,0.1246536509397606,True
2023,10,VER,32.0,1,0.2259335452265096,True
2023,10,VER,33.0,1,0.42088029530192,True
2023,10,VER,34.0,1,0.4407437919297533,True
2023,10,VER,35.0,1,0.4692869632757068,True
2023,10,VER,36.0,1,0.2123422190093324,True
2023,10,VER,37.0,1,0.20663281856039836,True
2023,10,VER,38.0,0,0.24942401389969268,True
2023,10,VER,39.0,0,0.1722268950198277,True
2023,10,VER,40.0,0,0.13912240450299812,True
2023,10,VER,41.0,0,0.13299196523718448,True
2023,10,VER,42.0,0,0.13426893512140126,True
2023,10,VER,43.0,0,0.13155034708889163,True
2023,10,VER,44.0,0,0.15500047645294973,True
2023,10,VER,45.0,0,0.15556050876412444,True
2023,10,VER,46.0,0,0.1674743832131785,True
2023,10,VER,47.0,0,0.14985673260256024,True
2023,10,VER,48.0,0,0.14272896882488825,True
2023,10,VER,49.0,0,0.18162728283434465,True
2023,10,ZHO,1.0,0,0.14178645313256238,True
2023,10,ZHO,2.0,0,0.13538502942725333,True
2023,10,ZHO,3.0,0,0.14697844089232637,True
2023,10,ZHO,4.0,0,0.14817695097024747,True
2023,10,ZHO,5.0,0,0.15356712454081375,True
2023,10,ZHO,6.0,0,0.15009923605007675,True
2023,10,ZHO,7.0,0,0.15796076428008435,True
2023,10,ZHO,8.0,0,0.1946636755465819,True
2023,10,ZHO,9.0,0,0.22381480988270014,True
2023,10,ZHO,10.0,0,0.16191454447346468,True
2023,10,ZHO,11.0,0,0.14474767010706838,True
2023,10,ZHO,12.0,0,0.1550131650104674,True
2023,10,ZHO,13.0,0,0.15343913164433665,True
2023,10,ZHO,14.0,0,0.14641609382335055,True
2023,10,ZHO,15.0,0,0.14977842527254653,True
2023,10,ZHO,16.0,0,0.14733107655036923,True
2023,10,ZHO,17.0,0,0.14596152618664676,True
2023,10,ZHO,18.0,0,0.12905206388628018,True
2023,10,ZHO,19.0,0,0.13041713337449293,True
2023,10,ZHO,20.0,0,0.12848004583844921,True
2023,10,ZHO,21.0,0,0.12414465411749416,True
2023,10,ZHO,22.0,0,0.12469209638864642,True
2023,10,ZHO,23.0,0,0.12474986711989837,True
2023,10,ZHO,24.0,0,0.12411891271583922,True
2023,10,ZHO,25.0,0,0.13065159526094253,True
2023,10,ZHO,26.0,0,0.1235633050837502,True
2023,10,ZHO,27.0,0,0.12585016374962063,True
2023,10,ZHO,28.0,0,0.12825197515393832,True
2023,10,ZHO,29.0,1,0.13513622511423504,True
2023,10,ZHO,30.0,1,0.12784014522133305,True
2023,10,ZHO,31.0,1,0.1238221180779328,True
2023,10,ZHO,32.0,1,0.24146292281085233,True
2023,10,ZHO,33.0,1,0.2874984977181131,True
2023,10,ZHO,34.0,1,0.43725465468186336,True
2023,10,ZHO,35.0,1,0.47181293844961714,True
2023,10,ZHO,36.0,1,0.21661166578705018,True
2023,10,ZHO,37.0,1,0.2094315269410627,True
2023,10,ZHO,38.0,0,0.28481198386307083,True
2023,10,ZHO,39.0,0,0.17708961774231485,True
2023,10,ZHO,40.0,0,0.14163084513343485,True
2023,10,ZHO,41.0,0,0.13455092523287526,True
2023,10,ZHO,42.0,0,0.13597121186615035,True
2023,10,ZHO,43.0,0,0.1325716774418,True
2023,10,ZHO,44.0,0,0.15635993310940952,True
2023,10,ZHO,45.0,0,0.15445286670766922,True
2023,10,ZHO,46.0,0,0.17023710977444811,True
2023,10,ZHO,47.0,0,0.1500582191372704,True
2023,10,ZHO,48.0,0,0.14005479481733035,True
2023,10,ZHO,49.0,0,0.1921492306588694,True
